mode: atomic
github.com/xdzczk/nostrmash/internal/nostr/types.go:55.42,56.14 1 0
github.com/xdzczk/nostrmash/internal/nostr/types.go:56.14,58.3 1 0
github.com/xdzczk/nostrmash/internal/nostr/types.go:59.2,59.42 1 0
github.com/xdzczk/nostrmash/internal/nostr/types.go:70.40,72.2 1 1
github.com/xdzczk/nostrmash/internal/nostr/types.go:82.41,83.28 1 10
github.com/xdzczk/nostrmash/internal/nostr/types.go:83.28,85.3 1 9
github.com/xdzczk/nostrmash/internal/nostr/types.go:86.2,86.28 1 10
github.com/xdzczk/nostrmash/internal/nostr/types.go:86.28,88.3 1 9
github.com/xdzczk/nostrmash/internal/nostr/types.go:89.2,89.10 1 10
github.com/xdzczk/nostrmash/internal/nostr/validator.go:14.73,17.23 2 10
github.com/xdzczk/nostrmash/internal/nostr/validator.go:17.23,25.3 1 0
github.com/xdzczk/nostrmash/internal/nostr/validator.go:26.2,26.41 1 10
github.com/xdzczk/nostrmash/internal/nostr/validator.go:26.41,34.3 1 1
github.com/xdzczk/nostrmash/internal/nostr/validator.go:36.2,37.26 2 9
github.com/xdzczk/nostrmash/internal/nostr/validator.go:37.26,45.3 1 1
github.com/xdzczk/nostrmash/internal/nostr/validator.go:47.2,48.57 2 8
github.com/xdzczk/nostrmash/internal/nostr/validator.go:48.57,56.3 1 1
github.com/xdzczk/nostrmash/internal/nostr/validator.go:59.2,61.95 2 7
github.com/xdzczk/nostrmash/internal/nostr/validator.go:61.95,62.32 1 49
github.com/xdzczk/nostrmash/internal/nostr/validator.go:62.32,71.4 1 1
github.com/xdzczk/nostrmash/internal/nostr/validator.go:74.2,75.16 2 6
github.com/xdzczk/nostrmash/internal/nostr/validator.go:75.16,80.3 1 2
github.com/xdzczk/nostrmash/internal/nostr/validator.go:82.2,82.47 1 4
github.com/xdzczk/nostrmash/internal/nostr/validator.go:82.47,87.3 1 1
github.com/xdzczk/nostrmash/internal/nostr/validator.go:89.2,89.56 1 3
github.com/xdzczk/nostrmash/internal/nostr/validator.go:89.56,94.3 1 2
github.com/xdzczk/nostrmash/internal/nostr/validator.go:96.2,99.3 1 1
github.com/xdzczk/nostrmash/internal/nostr/validator.go:102.83,104.16 2 6
github.com/xdzczk/nostrmash/internal/nostr/validator.go:104.16,106.3 1 0
github.com/xdzczk/nostrmash/internal/nostr/validator.go:107.2,108.16 2 6
github.com/xdzczk/nostrmash/internal/nostr/validator.go:108.16,110.3 1 0
github.com/xdzczk/nostrmash/internal/nostr/validator.go:111.2,112.16 2 6
github.com/xdzczk/nostrmash/internal/nostr/validator.go:112.16,114.3 1 0
github.com/xdzczk/nostrmash/internal/nostr/validator.go:115.2,116.16 2 6
github.com/xdzczk/nostrmash/internal/nostr/validator.go:116.16,118.3 1 1
github.com/xdzczk/nostrmash/internal/nostr/validator.go:119.2,120.16 2 5
github.com/xdzczk/nostrmash/internal/nostr/validator.go:120.16,122.3 1 0
github.com/xdzczk/nostrmash/internal/nostr/validator.go:123.2,124.16 2 5
github.com/xdzczk/nostrmash/internal/nostr/validator.go:124.16,126.3 1 0
github.com/xdzczk/nostrmash/internal/nostr/validator.go:127.2,128.16 2 5
github.com/xdzczk/nostrmash/internal/nostr/validator.go:128.16,130.3 1 0
github.com/xdzczk/nostrmash/internal/nostr/validator.go:132.2,132.9 1 5
github.com/xdzczk/nostrmash/internal/nostr/validator.go:133.27,138.4 1 0
github.com/xdzczk/nostrmash/internal/nostr/validator.go:139.31,144.4 1 0
github.com/xdzczk/nostrmash/internal/nostr/validator.go:145.29,150.4 1 0
github.com/xdzczk/nostrmash/internal/nostr/validator.go:151.21,156.4 1 0
github.com/xdzczk/nostrmash/internal/nostr/validator.go:157.16,162.4 1 0
github.com/xdzczk/nostrmash/internal/nostr/validator.go:163.20,168.4 1 0
github.com/xdzczk/nostrmash/internal/nostr/validator.go:171.2,179.25 2 5
github.com/xdzczk/nostrmash/internal/nostr/validator.go:179.25,185.3 1 0
github.com/xdzczk/nostrmash/internal/nostr/validator.go:186.2,188.22 3 5
github.com/xdzczk/nostrmash/internal/nostr/validator.go:188.22,194.3 1 1
github.com/xdzczk/nostrmash/internal/nostr/validator.go:196.2,204.8 1 4
github.com/xdzczk/nostrmash/internal/nostr/validator.go:207.53,213.16 5 4
github.com/xdzczk/nostrmash/internal/nostr/validator.go:213.16,219.3 1 0
github.com/xdzczk/nostrmash/internal/nostr/validator.go:220.2,221.16 2 4
github.com/xdzczk/nostrmash/internal/nostr/validator.go:221.16,227.3 1 0
github.com/xdzczk/nostrmash/internal/nostr/validator.go:228.2,228.40 1 4
github.com/xdzczk/nostrmash/internal/nostr/validator.go:228.40,234.3 1 1
github.com/xdzczk/nostrmash/internal/nostr/validator.go:235.2,235.12 1 3
github.com/xdzczk/nostrmash/internal/nostr/validator.go:238.70,239.47 1 3
github.com/xdzczk/nostrmash/internal/nostr/validator.go:239.47,245.3 1 1
github.com/xdzczk/nostrmash/internal/nostr/validator.go:247.2,247.42 1 2
github.com/xdzczk/nostrmash/internal/nostr/validator.go:247.42,249.54 2 33
github.com/xdzczk/nostrmash/internal/nostr/validator.go:249.54,255.4 1 1
github.com/xdzczk/nostrmash/internal/nostr/validator.go:257.2,257.12 1 1
github.com/xdzczk/nostrmash/internal/nostr/validator.go:260.98,262.61 2 22
github.com/xdzczk/nostrmash/internal/nostr/validator.go:262.61,268.3 1 0
github.com/xdzczk/nostrmash/internal/nostr/validator.go:269.2,269.19 1 22
github.com/xdzczk/nostrmash/internal/nostr/validator.go:272.96,274.61 2 6
github.com/xdzczk/nostrmash/internal/nostr/validator.go:274.61,280.3 1 0
github.com/xdzczk/nostrmash/internal/nostr/validator.go:281.2,281.19 1 6
github.com/xdzczk/nostrmash/internal/nostr/validator.go:284.92,286.61 2 6
github.com/xdzczk/nostrmash/internal/nostr/validator.go:286.61,292.3 1 1
github.com/xdzczk/nostrmash/internal/nostr/validator.go:293.2,293.19 1 5
github.com/xdzczk/nostrmash/internal/nostr/validator.go:296.68,298.51 2 5
github.com/xdzczk/nostrmash/internal/nostr/validator.go:298.51,304.3 1 0
github.com/xdzczk/nostrmash/internal/nostr/validator.go:306.2,307.30 2 5
github.com/xdzczk/nostrmash/internal/nostr/validator.go:307.30,309.57 2 9
github.com/xdzczk/nostrmash/internal/nostr/validator.go:309.57,315.4 1 0
github.com/xdzczk/nostrmash/internal/nostr/validator.go:316.3,316.23 1 9
github.com/xdzczk/nostrmash/internal/nostr/validator.go:316.23,322.4 1 0
github.com/xdzczk/nostrmash/internal/nostr/validator.go:323.3,323.30 1 9
github.com/xdzczk/nostrmash/internal/nostr/validator.go:325.2,325.18 1 5
github.com/xdzczk/nostrmash/internal/nostr/validator.go:328.49,329.27 1 15
github.com/xdzczk/nostrmash/internal/nostr/validator.go:329.27,331.3 1 0
github.com/xdzczk/nostrmash/internal/nostr/validator.go:332.2,332.30 1 15
github.com/xdzczk/nostrmash/internal/nostr/validator.go:332.30,336.27 4 1280
github.com/xdzczk/nostrmash/internal/nostr/validator.go:336.27,338.4 1 0
github.com/xdzczk/nostrmash/internal/nostr/validator.go:340.2,340.13 1 15
github.com/xdzczk/nostrmash/internal/config/config.go:109.47,117.16 5 10
github.com/xdzczk/nostrmash/internal/config/config.go:117.16,119.3 1 1
github.com/xdzczk/nostrmash/internal/config/config.go:120.2,124.16 2 9
github.com/xdzczk/nostrmash/internal/config/config.go:124.16,126.3 1 0
github.com/xdzczk/nostrmash/internal/config/config.go:128.2,185.62 2 9
github.com/xdzczk/nostrmash/internal/config/config.go:185.62,187.3 1 0
github.com/xdzczk/nostrmash/internal/config/config.go:189.2,189.25 1 9
github.com/xdzczk/nostrmash/internal/config/config.go:189.25,191.3 1 0
github.com/xdzczk/nostrmash/internal/config/config.go:192.2,192.53 1 9
github.com/xdzczk/nostrmash/internal/config/config.go:192.53,194.3 1 0
github.com/xdzczk/nostrmash/internal/config/config.go:195.2,195.59 1 9
github.com/xdzczk/nostrmash/internal/config/config.go:195.59,197.3 1 0
github.com/xdzczk/nostrmash/internal/config/config.go:198.2,198.87 1 9
github.com/xdzczk/nostrmash/internal/config/config.go:198.87,200.3 1 0
github.com/xdzczk/nostrmash/internal/config/config.go:202.2,202.15 1 9
github.com/xdzczk/nostrmash/internal/config/config.go:205.37,206.53 1 55
github.com/xdzczk/nostrmash/internal/config/config.go:206.53,208.3 1 10
github.com/xdzczk/nostrmash/internal/config/config.go:209.2,209.12 1 45
github.com/xdzczk/nostrmash/internal/config/config.go:212.44,214.15 2 28
github.com/xdzczk/nostrmash/internal/config/config.go:214.15,216.3 1 27
github.com/xdzczk/nostrmash/internal/config/config.go:217.2,218.16 2 1
github.com/xdzczk/nostrmash/internal/config/config.go:218.16,220.3 1 0
github.com/xdzczk/nostrmash/internal/config/config.go:221.2,221.10 1 1
github.com/xdzczk/nostrmash/internal/config/config.go:224.66,226.15 2 63
github.com/xdzczk/nostrmash/internal/config/config.go:226.15,228.3 1 62
github.com/xdzczk/nostrmash/internal/config/config.go:229.2,230.26 2 1
github.com/xdzczk/nostrmash/internal/config/config.go:230.26,232.3 1 0
github.com/xdzczk/nostrmash/internal/config/config.go:233.2,233.10 1 1
github.com/xdzczk/nostrmash/internal/config/config.go:236.41,238.15 2 99
github.com/xdzczk/nostrmash/internal/config/config.go:238.15,240.3 1 90
github.com/xdzczk/nostrmash/internal/config/config.go:241.2,242.26 2 9
github.com/xdzczk/nostrmash/internal/config/config.go:242.26,244.3 1 0
github.com/xdzczk/nostrmash/internal/config/config.go:245.2,245.10 1 9
github.com/xdzczk/nostrmash/internal/config/config.go:248.47,250.15 2 9
github.com/xdzczk/nostrmash/internal/config/config.go:250.15,252.3 1 8
github.com/xdzczk/nostrmash/internal/config/config.go:253.2,254.26 2 1
github.com/xdzczk/nostrmash/internal/config/config.go:254.26,256.3 1 0
github.com/xdzczk/nostrmash/internal/config/config.go:257.2,257.10 1 1
github.com/xdzczk/nostrmash/internal/config/config.go:260.44,262.15 2 18
github.com/xdzczk/nostrmash/internal/config/config.go:262.15,264.3 1 18
github.com/xdzczk/nostrmash/internal/config/config.go:265.2,266.25 2 0
github.com/xdzczk/nostrmash/internal/config/config.go:266.25,268.3 1 0
github.com/xdzczk/nostrmash/internal/config/config.go:269.2,269.11 1 0
github.com/xdzczk/nostrmash/internal/config/config.go:272.67,274.15 2 19
github.com/xdzczk/nostrmash/internal/config/config.go:274.15,276.3 1 18
github.com/xdzczk/nostrmash/internal/config/config.go:277.2,278.16 2 1
github.com/xdzczk/nostrmash/internal/config/config.go:278.16,280.3 1 1
github.com/xdzczk/nostrmash/internal/config/config.go:281.2,281.11 1 0
github.com/xdzczk/nostrmash/internal/config/config.go:281.11,283.3 1 0
github.com/xdzczk/nostrmash/internal/config/config.go:284.2,284.15 1 0
github.com/xdzczk/nostrmash/internal/config/config.go:287.39,289.15 2 36
github.com/xdzczk/nostrmash/internal/config/config.go:289.15,291.3 1 33
github.com/xdzczk/nostrmash/internal/config/config.go:292.2,294.26 3 3
github.com/xdzczk/nostrmash/internal/config/config.go:294.26,296.14 2 4
github.com/xdzczk/nostrmash/internal/config/config.go:296.14,298.4 1 4
github.com/xdzczk/nostrmash/internal/config/config.go:300.2,300.12 1 3
github.com/xdzczk/nostrmash/internal/config/config.go:303.53,304.57 1 10
github.com/xdzczk/nostrmash/internal/config/config.go:305.45,306.14 1 10
github.com/xdzczk/nostrmash/internal/config/config.go:307.10,308.15 1 0
github.com/xdzczk/nostrmash/internal/config/config.go:312.49,313.41 1 14
github.com/xdzczk/nostrmash/internal/config/config.go:313.41,315.3 1 0
github.com/xdzczk/nostrmash/internal/config/config.go:316.2,316.24 1 14
github.com/xdzczk/nostrmash/internal/config/config.go:316.24,317.51 1 10
github.com/xdzczk/nostrmash/internal/config/config.go:317.51,319.4 1 2
github.com/xdzczk/nostrmash/internal/config/config.go:320.3,320.13 1 8
github.com/xdzczk/nostrmash/internal/config/config.go:322.2,322.29 1 4
github.com/xdzczk/nostrmash/internal/config/config.go:322.29,324.3 1 0
github.com/xdzczk/nostrmash/internal/config/config.go:326.2,327.41 2 4
github.com/xdzczk/nostrmash/internal/config/config.go:327.41,329.17 2 4
github.com/xdzczk/nostrmash/internal/config/config.go:329.17,331.4 1 1
github.com/xdzczk/nostrmash/internal/config/config.go:332.3,332.33 1 3
github.com/xdzczk/nostrmash/internal/config/config.go:335.2,335.36 1 3
github.com/xdzczk/nostrmash/internal/config/config.go:335.36,337.17 2 3
github.com/xdzczk/nostrmash/internal/config/config.go:337.17,339.4 1 0
github.com/xdzczk/nostrmash/internal/config/config.go:340.3,340.38 1 3
github.com/xdzczk/nostrmash/internal/config/config.go:340.38,342.4 1 1
github.com/xdzczk/nostrmash/internal/config/config.go:345.2,345.40 1 2
github.com/xdzczk/nostrmash/internal/config/config.go:345.40,347.17 2 0
github.com/xdzczk/nostrmash/internal/config/config.go:347.17,349.4 1 0
github.com/xdzczk/nostrmash/internal/config/config.go:350.3,350.38 1 0
github.com/xdzczk/nostrmash/internal/config/config.go:350.38,352.4 1 0
github.com/xdzczk/nostrmash/internal/config/config.go:355.2,355.50 1 2
github.com/xdzczk/nostrmash/internal/config/config.go:355.50,357.3 1 0
github.com/xdzczk/nostrmash/internal/config/config.go:359.2,359.12 1 2
github.com/xdzczk/nostrmash/internal/config/config.go:362.55,363.18 1 11
github.com/xdzczk/nostrmash/internal/config/config.go:363.18,365.3 1 9
github.com/xdzczk/nostrmash/internal/config/config.go:366.2,366.28 1 2
github.com/xdzczk/nostrmash/internal/config/config.go:366.28,368.3 1 1
github.com/xdzczk/nostrmash/internal/config/config.go:369.2,369.24 1 1
github.com/xdzczk/nostrmash/internal/config/config.go:369.24,371.3 1 0
github.com/xdzczk/nostrmash/internal/config/config.go:372.2,372.26 1 1
github.com/xdzczk/nostrmash/internal/config/config.go:372.26,374.3 1 0
github.com/xdzczk/nostrmash/internal/config/config.go:375.2,375.27 1 1
github.com/xdzczk/nostrmash/internal/config/config.go:375.27,377.3 1 0
github.com/xdzczk/nostrmash/internal/config/config.go:378.2,378.29 1 1
github.com/xdzczk/nostrmash/internal/config/config.go:378.29,380.3 1 0
github.com/xdzczk/nostrmash/internal/config/config.go:381.2,381.69 1 1
github.com/xdzczk/nostrmash/internal/config/config.go:381.69,383.3 1 1
github.com/xdzczk/nostrmash/internal/config/config.go:384.2,384.12 1 0
github.com/xdzczk/nostrmash/internal/config/config.go:387.99,388.50 1 12
github.com/xdzczk/nostrmash/internal/config/config.go:388.50,390.3 1 8
github.com/xdzczk/nostrmash/internal/config/config.go:391.2,392.20 2 4
github.com/xdzczk/nostrmash/internal/config/config.go:393.14,394.27 1 3
github.com/xdzczk/nostrmash/internal/config/config.go:394.27,396.4 1 1
github.com/xdzczk/nostrmash/internal/config/config.go:397.3,397.46 1 2
github.com/xdzczk/nostrmash/internal/config/config.go:397.46,399.4 1 0
github.com/xdzczk/nostrmash/internal/config/config.go:400.3,400.41 1 2
github.com/xdzczk/nostrmash/internal/config/config.go:400.41,402.4 1 0
github.com/xdzczk/nostrmash/internal/config/config.go:403.3,403.13 1 2
github.com/xdzczk/nostrmash/internal/config/config.go:404.16,405.50 1 1
github.com/xdzczk/nostrmash/internal/config/config.go:405.50,407.4 1 1
github.com/xdzczk/nostrmash/internal/config/config.go:408.3,408.13 1 0
github.com/xdzczk/nostrmash/internal/config/config.go:409.10,410.65 1 0
github.com/xdzczk/nostrmash/internal/config/config.go:414.58,415.16 1 9
github.com/xdzczk/nostrmash/internal/config/config.go:415.16,417.3 1 0
github.com/xdzczk/nostrmash/internal/config/config.go:418.2,419.15 2 9
github.com/xdzczk/nostrmash/internal/config/config.go:419.15,421.3 1 9
github.com/xdzczk/nostrmash/internal/config/config.go:422.2,423.61 2 0
github.com/xdzczk/nostrmash/internal/config/config.go:423.61,425.3 1 0
github.com/xdzczk/nostrmash/internal/config/config.go:426.2,426.34 1 0
github.com/xdzczk/nostrmash/internal/config/config.go:426.34,428.24 2 0
github.com/xdzczk/nostrmash/internal/config/config.go:428.24,430.4 1 0
github.com/xdzczk/nostrmash/internal/config/config.go:431.3,433.4 1 0
github.com/xdzczk/nostrmash/internal/config/config.go:435.2,435.12 1 0
github.com/xdzczk/nostrmash/internal/config/config.go:438.51,444.2 1 9
github.com/xdzczk/nostrmash/internal/config/config.go:446.50,447.29 1 12
github.com/xdzczk/nostrmash/internal/config/config.go:447.29,449.3 1 0
github.com/xdzczk/nostrmash/internal/config/config.go:450.2,451.9 2 12
github.com/xdzczk/nostrmash/internal/config/config.go:451.9,453.3 1 0
github.com/xdzczk/nostrmash/internal/config/config.go:454.2,458.40 5 12
github.com/xdzczk/nostrmash/internal/config/config.go:458.40,463.3 1 1
github.com/xdzczk/nostrmash/internal/config/config.go:464.2,465.18 2 11
github.com/xdzczk/nostrmash/internal/config/config.go:465.18,467.3 1 0
github.com/xdzczk/nostrmash/internal/config/config.go:468.2,468.44 1 11
github.com/xdzczk/nostrmash/internal/config/config.go:468.44,470.3 1 1
github.com/xdzczk/nostrmash/internal/config/config.go:471.2,471.12 1 10
github.com/xdzczk/nostrmash/internal/config/config.go:474.69,476.16 2 7
github.com/xdzczk/nostrmash/internal/config/config.go:476.16,478.3 1 0
github.com/xdzczk/nostrmash/internal/config/config.go:479.2,479.23 1 7
github.com/xdzczk/nostrmash/internal/config/config.go:479.23,481.3 1 0
github.com/xdzczk/nostrmash/internal/config/config.go:482.2,482.27 1 7
github.com/xdzczk/nostrmash/internal/config/config.go:482.27,484.3 1 0
github.com/xdzczk/nostrmash/internal/config/config.go:485.2,485.27 1 7
github.com/xdzczk/nostrmash/internal/config/config.go:485.27,487.3 1 0
github.com/xdzczk/nostrmash/internal/config/config.go:488.2,488.24 1 7
github.com/xdzczk/nostrmash/internal/config/config.go:488.24,490.3 1 0
github.com/xdzczk/nostrmash/internal/config/config.go:492.2,493.16 2 7
github.com/xdzczk/nostrmash/internal/config/config.go:494.13,494.13 0 4
github.com/xdzczk/nostrmash/internal/config/config.go:495.12,496.17 1 3
github.com/xdzczk/nostrmash/internal/config/config.go:496.17,498.4 1 1
github.com/xdzczk/nostrmash/internal/config/config.go:499.10,500.52 1 0
github.com/xdzczk/nostrmash/internal/config/config.go:503.2,505.17 3 6
github.com/xdzczk/nostrmash/internal/config/config.go:505.17,507.3 1 0
github.com/xdzczk/nostrmash/internal/config/config.go:508.2,508.58 1 6
github.com/xdzczk/nostrmash/internal/ingestor/backfill/runner.go:81.20,82.18 1 4
github.com/xdzczk/nostrmash/internal/ingestor/backfill/runner.go:82.18,84.3 1 0
github.com/xdzczk/nostrmash/internal/ingestor/backfill/runner.go:85.2,85.20 1 4
github.com/xdzczk/nostrmash/internal/ingestor/backfill/runner.go:85.20,87.3 1 0
github.com/xdzczk/nostrmash/internal/ingestor/backfill/runner.go:88.2,88.22 1 4
github.com/xdzczk/nostrmash/internal/ingestor/backfill/runner.go:88.22,90.3 1 0
github.com/xdzczk/nostrmash/internal/ingestor/backfill/runner.go:91.2,91.16 1 4
github.com/xdzczk/nostrmash/internal/ingestor/backfill/runner.go:91.16,93.3 1 0
github.com/xdzczk/nostrmash/internal/ingestor/backfill/runner.go:94.2,94.39 1 4
github.com/xdzczk/nostrmash/internal/ingestor/backfill/runner.go:94.39,96.3 1 0
github.com/xdzczk/nostrmash/internal/ingestor/backfill/runner.go:97.2,97.36 1 4
github.com/xdzczk/nostrmash/internal/ingestor/backfill/runner.go:97.36,99.3 1 0
github.com/xdzczk/nostrmash/internal/ingestor/backfill/runner.go:100.2,100.24 1 4
github.com/xdzczk/nostrmash/internal/ingestor/backfill/runner.go:100.24,102.3 1 0
github.com/xdzczk/nostrmash/internal/ingestor/backfill/runner.go:103.2,103.27 1 4
github.com/xdzczk/nostrmash/internal/ingestor/backfill/runner.go:103.27,105.3 1 0
github.com/xdzczk/nostrmash/internal/ingestor/backfill/runner.go:106.2,106.46 1 4
github.com/xdzczk/nostrmash/internal/ingestor/backfill/runner.go:106.46,108.3 1 0
github.com/xdzczk/nostrmash/internal/ingestor/backfill/runner.go:109.2,109.25 1 4
github.com/xdzczk/nostrmash/internal/ingestor/backfill/runner.go:109.25,111.3 1 0
github.com/xdzczk/nostrmash/internal/ingestor/backfill/runner.go:112.2,112.69 1 4
github.com/xdzczk/nostrmash/internal/ingestor/backfill/runner.go:112.69,114.3 1 0
github.com/xdzczk/nostrmash/internal/ingestor/backfill/runner.go:116.2,123.8 1 4
github.com/xdzczk/nostrmash/internal/ingestor/backfill/runner.go:127.49,128.40 1 4
github.com/xdzczk/nostrmash/internal/ingestor/backfill/runner.go:128.40,129.35 1 4
github.com/xdzczk/nostrmash/internal/ingestor/backfill/runner.go:129.35,131.4 1 0
github.com/xdzczk/nostrmash/internal/ingestor/backfill/runner.go:132.3,132.51 1 4
github.com/xdzczk/nostrmash/internal/ingestor/backfill/runner.go:132.51,134.4 1 1
github.com/xdzczk/nostrmash/internal/ingestor/backfill/runner.go:136.2,136.12 1 3
github.com/xdzczk/nostrmash/internal/ingestor/backfill/runner.go:139.71,141.16 2 4
github.com/xdzczk/nostrmash/internal/ingestor/backfill/runner.go:141.16,143.3 1 0
github.com/xdzczk/nostrmash/internal/ingestor/backfill/runner.go:144.2,144.52 1 4
github.com/xdzczk/nostrmash/internal/ingestor/backfill/runner.go:144.52,147.3 2 0
github.com/xdzczk/nostrmash/internal/ingestor/backfill/runner.go:149.2,152.6 3 4
github.com/xdzczk/nostrmash/internal/ingestor/backfill/runner.go:152.6,154.80 2 7
github.com/xdzczk/nostrmash/internal/ingestor/backfill/runner.go:154.80,156.4 1 0
github.com/xdzczk/nostrmash/internal/ingestor/backfill/runner.go:158.3,164.17 2 7
github.com/xdzczk/nostrmash/internal/ingestor/backfill/runner.go:164.17,167.4 2 1
github.com/xdzczk/nostrmash/internal/ingestor/backfill/runner.go:169.3,170.39 2 6
github.com/xdzczk/nostrmash/internal/ingestor/backfill/runner.go:170.39,171.62 1 5
github.com/xdzczk/nostrmash/internal/ingestor/backfill/runner.go:171.62,174.5 2 0
github.com/xdzczk/nostrmash/internal/ingestor/backfill/runner.go:175.4,176.11 2 5
github.com/xdzczk/nostrmash/internal/ingestor/backfill/runner.go:176.11,177.13 1 0
github.com/xdzczk/nostrmash/internal/ingestor/backfill/runner.go:179.4,179.56 1 5
github.com/xdzczk/nostrmash/internal/ingestor/backfill/runner.go:179.56,182.5 2 3
github.com/xdzczk/nostrmash/internal/ingestor/backfill/runner.go:185.3,185.72 1 6
github.com/xdzczk/nostrmash/internal/ingestor/backfill/runner.go:185.72,187.4 1 2
github.com/xdzczk/nostrmash/internal/ingestor/backfill/runner.go:188.3,188.20 1 6
github.com/xdzczk/nostrmash/internal/ingestor/backfill/runner.go:188.20,191.4 2 2
github.com/xdzczk/nostrmash/internal/ingestor/backfill/runner.go:192.3,192.67 1 6
github.com/xdzczk/nostrmash/internal/ingestor/backfill/runner.go:192.67,194.4 1 0
github.com/xdzczk/nostrmash/internal/ingestor/backfill/runner.go:196.3,196.69 1 6
github.com/xdzczk/nostrmash/internal/ingestor/backfill/runner.go:196.69,198.4 1 0
github.com/xdzczk/nostrmash/internal/ingestor/backfill/runner.go:200.3,200.20 1 6
github.com/xdzczk/nostrmash/internal/ingestor/backfill/runner.go:200.20,201.29 1 2
github.com/xdzczk/nostrmash/internal/ingestor/backfill/runner.go:201.29,203.5 1 2
github.com/xdzczk/nostrmash/internal/ingestor/backfill/runner.go:204.4,205.12 2 0
github.com/xdzczk/nostrmash/internal/ingestor/backfill/runner.go:208.3,208.28 1 4
github.com/xdzczk/nostrmash/internal/ingestor/backfill/runner.go:208.28,210.40 2 2
github.com/xdzczk/nostrmash/internal/ingestor/backfill/runner.go:210.40,212.5 1 1
github.com/xdzczk/nostrmash/internal/ingestor/backfill/runner.go:213.4,213.12 1 1
github.com/xdzczk/nostrmash/internal/ingestor/backfill/runner.go:216.3,216.17 1 2
github.com/xdzczk/nostrmash/internal/ingestor/backfill/runner.go:220.113,222.16 2 4
github.com/xdzczk/nostrmash/internal/ingestor/backfill/runner.go:222.16,224.3 1 0
github.com/xdzczk/nostrmash/internal/ingestor/backfill/runner.go:225.2,225.21 1 4
github.com/xdzczk/nostrmash/internal/ingestor/backfill/runner.go:225.21,228.72 3 1
github.com/xdzczk/nostrmash/internal/ingestor/backfill/runner.go:228.72,230.4 1 0
github.com/xdzczk/nostrmash/internal/ingestor/backfill/runner.go:231.3,231.23 1 1
github.com/xdzczk/nostrmash/internal/ingestor/backfill/runner.go:234.2,243.69 2 3
github.com/xdzczk/nostrmash/internal/ingestor/backfill/runner.go:243.69,245.3 1 0
github.com/xdzczk/nostrmash/internal/ingestor/backfill/runner.go:246.2,246.22 1 3
github.com/xdzczk/nostrmash/internal/ingestor/backfill/runner.go:249.111,253.73 4 6
github.com/xdzczk/nostrmash/internal/ingestor/backfill/runner.go:253.73,255.3 1 0
github.com/xdzczk/nostrmash/internal/ingestor/backfill/runner.go:256.2,256.12 1 6
github.com/xdzczk/nostrmash/internal/ingestor/backfill/runner.go:259.110,263.73 4 3
github.com/xdzczk/nostrmash/internal/ingestor/backfill/runner.go:263.73,265.3 1 0
github.com/xdzczk/nostrmash/internal/ingestor/backfill/runner.go:266.2,272.12 2 3
github.com/xdzczk/nostrmash/internal/ingestor/backfill/runner.go:275.107,280.2 4 1
github.com/xdzczk/nostrmash/internal/ingestor/backfill/runner.go:282.50,283.19 1 7
github.com/xdzczk/nostrmash/internal/ingestor/backfill/runner.go:283.19,286.3 2 3
github.com/xdzczk/nostrmash/internal/ingestor/backfill/runner.go:287.2,287.32 1 4
github.com/xdzczk/nostrmash/internal/ingestor/backfill/runner.go:290.34,291.14 1 10
github.com/xdzczk/nostrmash/internal/ingestor/backfill/runner.go:291.14,293.3 1 3
github.com/xdzczk/nostrmash/internal/ingestor/backfill/runner.go:294.2,295.11 2 7
github.com/xdzczk/nostrmash/internal/ingestor/backfill/runner.go:298.53,302.59 2 5
github.com/xdzczk/nostrmash/internal/ingestor/backfill/runner.go:302.59,304.3 1 0
github.com/xdzczk/nostrmash/internal/ingestor/backfill/runner.go:305.2,305.28 1 5
github.com/xdzczk/nostrmash/internal/ingestor/backfill/runner.go:305.28,307.3 1 0
github.com/xdzczk/nostrmash/internal/ingestor/backfill/runner.go:308.2,308.33 1 5
github.com/xdzczk/nostrmash/internal/ingestor/backfill/runner.go:311.46,312.19 1 4
github.com/xdzczk/nostrmash/internal/ingestor/backfill/runner.go:312.19,314.3 1 3
github.com/xdzczk/nostrmash/internal/ingestor/backfill/runner.go:315.2,316.16 2 1
github.com/xdzczk/nostrmash/internal/ingestor/backfill/runner.go:316.16,318.3 1 0
github.com/xdzczk/nostrmash/internal/ingestor/backfill/runner.go:319.2,319.11 1 1
github.com/xdzczk/nostrmash/internal/ingestor/backfill/runner.go:322.42,323.19 1 10
github.com/xdzczk/nostrmash/internal/ingestor/backfill/runner.go:323.19,325.3 1 3
github.com/xdzczk/nostrmash/internal/ingestor/backfill/runner.go:326.2,327.11 2 7
github.com/xdzczk/nostrmash/internal/ingestor/backfill/websocket_fetcher.go:22.116,23.24 1 0
github.com/xdzczk/nostrmash/internal/ingestor/backfill/websocket_fetcher.go:23.24,25.3 1 0
github.com/xdzczk/nostrmash/internal/ingestor/backfill/websocket_fetcher.go:26.2,26.27 1 0
github.com/xdzczk/nostrmash/internal/ingestor/backfill/websocket_fetcher.go:26.27,28.3 1 0
github.com/xdzczk/nostrmash/internal/ingestor/backfill/websocket_fetcher.go:29.2,29.24 1 0
github.com/xdzczk/nostrmash/internal/ingestor/backfill/websocket_fetcher.go:29.24,31.3 1 0
github.com/xdzczk/nostrmash/internal/ingestor/backfill/websocket_fetcher.go:33.2,40.16 5 0
github.com/xdzczk/nostrmash/internal/ingestor/backfill/websocket_fetcher.go:40.16,42.3 1 0
github.com/xdzczk/nostrmash/internal/ingestor/backfill/websocket_fetcher.go:43.2,50.26 4 0
github.com/xdzczk/nostrmash/internal/ingestor/backfill/websocket_fetcher.go:50.26,52.3 1 0
github.com/xdzczk/nostrmash/internal/ingestor/backfill/websocket_fetcher.go:53.2,53.26 1 0
github.com/xdzczk/nostrmash/internal/ingestor/backfill/websocket_fetcher.go:53.26,55.3 1 0
github.com/xdzczk/nostrmash/internal/ingestor/backfill/websocket_fetcher.go:56.2,58.16 3 0
github.com/xdzczk/nostrmash/internal/ingestor/backfill/websocket_fetcher.go:58.16,60.3 1 0
github.com/xdzczk/nostrmash/internal/ingestor/backfill/websocket_fetcher.go:61.2,61.73 1 0
github.com/xdzczk/nostrmash/internal/ingestor/backfill/websocket_fetcher.go:61.73,63.3 1 0
github.com/xdzczk/nostrmash/internal/ingestor/backfill/websocket_fetcher.go:65.2,68.22 4 0
github.com/xdzczk/nostrmash/internal/ingestor/backfill/websocket_fetcher.go:68.22,69.24 1 0
github.com/xdzczk/nostrmash/internal/ingestor/backfill/websocket_fetcher.go:69.24,70.11 1 0
github.com/xdzczk/nostrmash/internal/ingestor/backfill/websocket_fetcher.go:71.23,71.23 0 0
github.com/xdzczk/nostrmash/internal/ingestor/backfill/websocket_fetcher.go:72.12,72.12 0 0
github.com/xdzczk/nostrmash/internal/ingestor/backfill/websocket_fetcher.go:75.3,75.33 1 0
github.com/xdzczk/nostrmash/internal/ingestor/backfill/websocket_fetcher.go:78.2,78.15 1 0
github.com/xdzczk/nostrmash/internal/ingestor/backfill/websocket_fetcher.go:78.15,81.3 2 0
github.com/xdzczk/nostrmash/internal/ingestor/backfill/websocket_fetcher.go:83.2,83.6 1 0
github.com/xdzczk/nostrmash/internal/ingestor/backfill/websocket_fetcher.go:83.6,84.35 1 0
github.com/xdzczk/nostrmash/internal/ingestor/backfill/websocket_fetcher.go:84.35,86.4 1 0
github.com/xdzczk/nostrmash/internal/ingestor/backfill/websocket_fetcher.go:88.3,90.17 3 0
github.com/xdzczk/nostrmash/internal/ingestor/backfill/websocket_fetcher.go:90.17,91.71 1 0
github.com/xdzczk/nostrmash/internal/ingestor/backfill/websocket_fetcher.go:91.71,92.12 1 0
github.com/xdzczk/nostrmash/internal/ingestor/backfill/websocket_fetcher.go:93.24,94.24 1 0
github.com/xdzczk/nostrmash/internal/ingestor/backfill/websocket_fetcher.go:95.13,95.13 0 0
github.com/xdzczk/nostrmash/internal/ingestor/backfill/websocket_fetcher.go:97.5,97.13 1 0
github.com/xdzczk/nostrmash/internal/ingestor/backfill/websocket_fetcher.go:99.4,99.64 1 0
github.com/xdzczk/nostrmash/internal/ingestor/backfill/websocket_fetcher.go:101.3,104.31 3 0
github.com/xdzczk/nostrmash/internal/ingestor/backfill/websocket_fetcher.go:104.31,105.12 1 0
github.com/xdzczk/nostrmash/internal/ingestor/backfill/websocket_fetcher.go:107.3,107.18 1 0
github.com/xdzczk/nostrmash/internal/ingestor/backfill/websocket_fetcher.go:108.16,109.50 1 0
github.com/xdzczk/nostrmash/internal/ingestor/backfill/websocket_fetcher.go:110.15,112.22 2 0
github.com/xdzczk/nostrmash/internal/ingestor/backfill/websocket_fetcher.go:117.95,119.68 2 3
github.com/xdzczk/nostrmash/internal/ingestor/backfill/websocket_fetcher.go:119.68,121.3 1 0
github.com/xdzczk/nostrmash/internal/ingestor/backfill/websocket_fetcher.go:122.2,122.57 1 3
github.com/xdzczk/nostrmash/internal/ingestor/backfill/websocket_fetcher.go:122.57,124.3 1 0
github.com/xdzczk/nostrmash/internal/ingestor/backfill/websocket_fetcher.go:125.2,125.55 1 3
github.com/xdzczk/nostrmash/internal/ingestor/backfill/websocket_fetcher.go:125.55,127.3 1 0
github.com/xdzczk/nostrmash/internal/ingestor/backfill/websocket_fetcher.go:128.2,128.41 1 3
github.com/xdzczk/nostrmash/internal/ingestor/backfill/websocket_fetcher.go:128.41,130.3 1 1
github.com/xdzczk/nostrmash/internal/ingestor/backfill/websocket_fetcher.go:131.2,131.23 1 2
github.com/xdzczk/nostrmash/internal/ingestor/backfill/websocket_fetcher.go:131.23,133.3 1 1
github.com/xdzczk/nostrmash/internal/ingestor/backfill/websocket_fetcher.go:134.2,134.27 1 1
github.com/xdzczk/nostrmash/internal/ingestor/relay/backoff.go:11.68,16.2 1 3
github.com/xdzczk/nostrmash/internal/ingestor/relay/backoff.go:18.47,19.20 1 7
github.com/xdzczk/nostrmash/internal/ingestor/relay/backoff.go:19.20,22.3 2 4
github.com/xdzczk/nostrmash/internal/ingestor/relay/backoff.go:23.2,24.18 2 3
github.com/xdzczk/nostrmash/internal/ingestor/relay/backoff.go:24.18,26.3 1 2
github.com/xdzczk/nostrmash/internal/ingestor/relay/backoff.go:27.2,28.18 2 3
github.com/xdzczk/nostrmash/internal/ingestor/relay/backoff.go:31.34,33.2 1 3
github.com/xdzczk/nostrmash/internal/ingestor/relay/manager.go:37.110,38.22 1 2
github.com/xdzczk/nostrmash/internal/ingestor/relay/manager.go:38.22,40.3 1 0
github.com/xdzczk/nostrmash/internal/ingestor/relay/manager.go:41.2,41.16 1 2
github.com/xdzczk/nostrmash/internal/ingestor/relay/manager.go:41.16,43.3 1 0
github.com/xdzczk/nostrmash/internal/ingestor/relay/manager.go:44.2,44.29 1 2
github.com/xdzczk/nostrmash/internal/ingestor/relay/manager.go:44.29,46.3 1 0
github.com/xdzczk/nostrmash/internal/ingestor/relay/manager.go:47.2,47.29 1 2
github.com/xdzczk/nostrmash/internal/ingestor/relay/manager.go:47.29,49.3 1 0
github.com/xdzczk/nostrmash/internal/ingestor/relay/manager.go:50.2,50.25 1 2
github.com/xdzczk/nostrmash/internal/ingestor/relay/manager.go:50.25,52.3 1 0
github.com/xdzczk/nostrmash/internal/ingestor/relay/manager.go:53.2,53.41 1 2
github.com/xdzczk/nostrmash/internal/ingestor/relay/manager.go:53.41,55.3 1 0
github.com/xdzczk/nostrmash/internal/ingestor/relay/manager.go:56.2,56.58 1 2
github.com/xdzczk/nostrmash/internal/ingestor/relay/manager.go:56.58,58.3 1 0
github.com/xdzczk/nostrmash/internal/ingestor/relay/manager.go:59.2,76.46 7 2
github.com/xdzczk/nostrmash/internal/ingestor/relay/manager.go:76.46,78.3 1 0
github.com/xdzczk/nostrmash/internal/ingestor/relay/manager.go:79.2,79.38 1 2
github.com/xdzczk/nostrmash/internal/ingestor/relay/manager.go:79.38,81.53 2 2
github.com/xdzczk/nostrmash/internal/ingestor/relay/manager.go:81.53,83.4 1 0
github.com/xdzczk/nostrmash/internal/ingestor/relay/manager.go:84.3,90.4 1 2
github.com/xdzczk/nostrmash/internal/ingestor/relay/manager.go:93.2,93.15 1 2
github.com/xdzczk/nostrmash/internal/ingestor/relay/manager.go:97.46,99.42 2 2
github.com/xdzczk/nostrmash/internal/ingestor/relay/manager.go:99.42,100.44 1 2
github.com/xdzczk/nostrmash/internal/ingestor/relay/manager.go:100.44,101.12 1 0
github.com/xdzczk/nostrmash/internal/ingestor/relay/manager.go:103.3,104.28 2 2
github.com/xdzczk/nostrmash/internal/ingestor/relay/manager.go:104.28,107.4 2 2
github.com/xdzczk/nostrmash/internal/ingestor/relay/manager.go:110.2,111.11 2 2
github.com/xdzczk/nostrmash/internal/ingestor/relay/manager.go:115.48,120.42 4 32
github.com/xdzczk/nostrmash/internal/ingestor/relay/manager.go:120.42,122.3 1 32
github.com/xdzczk/nostrmash/internal/ingestor/relay/manager.go:123.2,123.12 1 32
github.com/xdzczk/nostrmash/internal/ingestor/relay/manager.go:127.49,131.9 4 1
github.com/xdzczk/nostrmash/internal/ingestor/relay/manager.go:131.9,133.3 1 0
github.com/xdzczk/nostrmash/internal/ingestor/relay/manager.go:134.2,135.42 2 1
github.com/xdzczk/nostrmash/internal/ingestor/relay/manager.go:135.42,137.3 1 1
github.com/xdzczk/nostrmash/internal/ingestor/relay/manager.go:140.66,143.6 2 2
github.com/xdzczk/nostrmash/internal/ingestor/relay/manager.go:143.6,144.35 1 3
github.com/xdzczk/nostrmash/internal/ingestor/relay/manager.go:144.35,146.4 1 0
github.com/xdzczk/nostrmash/internal/ingestor/relay/manager.go:148.3,154.17 6 3
github.com/xdzczk/nostrmash/internal/ingestor/relay/manager.go:154.17,160.39 6 1
github.com/xdzczk/nostrmash/internal/ingestor/relay/manager.go:160.39,162.5 1 0
github.com/xdzczk/nostrmash/internal/ingestor/relay/manager.go:163.4,163.12 1 1
github.com/xdzczk/nostrmash/internal/ingestor/relay/manager.go:166.3,169.57 4 2
github.com/xdzczk/nostrmash/internal/ingestor/relay/manager.go:169.57,171.4 1 2
github.com/xdzczk/nostrmash/internal/ingestor/relay/manager.go:175.122,179.28 3 2
github.com/xdzczk/nostrmash/internal/ingestor/relay/manager.go:179.28,181.39 2 2
github.com/xdzczk/nostrmash/internal/ingestor/relay/manager.go:181.39,183.4 1 1
github.com/xdzczk/nostrmash/internal/ingestor/relay/manager.go:184.3,185.22 2 2
github.com/xdzczk/nostrmash/internal/ingestor/relay/manager.go:188.2,190.6 2 2
github.com/xdzczk/nostrmash/internal/ingestor/relay/manager.go:190.6,191.10 1 5
github.com/xdzczk/nostrmash/internal/ingestor/relay/manager.go:192.21,193.16 1 1
github.com/xdzczk/nostrmash/internal/ingestor/relay/manager.go:194.36,195.11 1 1
github.com/xdzczk/nostrmash/internal/ingestor/relay/manager.go:195.11,197.13 2 1
github.com/xdzczk/nostrmash/internal/ingestor/relay/manager.go:199.4,200.24 2 0
github.com/xdzczk/nostrmash/internal/ingestor/relay/manager.go:200.24,201.61 1 0
github.com/xdzczk/nostrmash/internal/ingestor/relay/manager.go:201.61,207.6 1 0
github.com/xdzczk/nostrmash/internal/ingestor/relay/manager.go:209.33,210.11 1 1
github.com/xdzczk/nostrmash/internal/ingestor/relay/manager.go:210.11,212.5 1 0
github.com/xdzczk/nostrmash/internal/ingestor/relay/manager.go:213.4,213.18 1 1
github.com/xdzczk/nostrmash/internal/ingestor/relay/manager.go:213.18,216.5 2 1
github.com/xdzczk/nostrmash/internal/ingestor/relay/manager.go:216.10,219.5 2 0
github.com/xdzczk/nostrmash/internal/ingestor/relay/manager.go:220.4,223.39 4 1
github.com/xdzczk/nostrmash/internal/ingestor/relay/manager.go:223.39,225.5 1 1
github.com/xdzczk/nostrmash/internal/ingestor/relay/manager.go:226.4,226.15 1 0
github.com/xdzczk/nostrmash/internal/ingestor/relay/manager.go:227.26,228.28 1 2
github.com/xdzczk/nostrmash/internal/ingestor/relay/manager.go:233.49,237.9 4 2
github.com/xdzczk/nostrmash/internal/ingestor/relay/manager.go:237.9,239.3 1 0
github.com/xdzczk/nostrmash/internal/ingestor/relay/manager.go:240.2,240.42 1 2
github.com/xdzczk/nostrmash/internal/ingestor/relay/manager.go:240.42,242.3 1 0
github.com/xdzczk/nostrmash/internal/ingestor/relay/manager.go:243.2,243.42 1 2
github.com/xdzczk/nostrmash/internal/ingestor/relay/manager.go:243.42,245.3 1 0
github.com/xdzczk/nostrmash/internal/ingestor/relay/manager.go:246.2,246.69 1 2
github.com/xdzczk/nostrmash/internal/ingestor/relay/manager.go:246.69,248.3 1 1
github.com/xdzczk/nostrmash/internal/ingestor/relay/manager.go:251.49,255.9 4 2
github.com/xdzczk/nostrmash/internal/ingestor/relay/manager.go:255.9,257.3 1 0
github.com/xdzczk/nostrmash/internal/ingestor/relay/manager.go:258.2,261.56 4 2
github.com/xdzczk/nostrmash/internal/ingestor/relay/manager.go:264.50,268.9 4 3
github.com/xdzczk/nostrmash/internal/ingestor/relay/manager.go:268.9,270.3 1 0
github.com/xdzczk/nostrmash/internal/ingestor/relay/manager.go:271.2,273.54 3 3
github.com/xdzczk/nostrmash/internal/ingestor/relay/manager.go:276.112,280.9 4 4
github.com/xdzczk/nostrmash/internal/ingestor/relay/manager.go:280.9,282.3 1 0
github.com/xdzczk/nostrmash/internal/ingestor/relay/manager.go:283.2,285.44 3 4
github.com/xdzczk/nostrmash/internal/ingestor/relay/manager.go:288.86,290.18 2 11
github.com/xdzczk/nostrmash/internal/ingestor/relay/manager.go:290.18,292.3 1 2
github.com/xdzczk/nostrmash/internal/ingestor/relay/manager.go:293.2,305.3 3 9
github.com/xdzczk/nostrmash/internal/ingestor/relay/manager.go:308.53,310.41 2 2
github.com/xdzczk/nostrmash/internal/ingestor/relay/manager.go:310.41,312.17 2 2
github.com/xdzczk/nostrmash/internal/ingestor/relay/manager.go:312.17,314.4 1 0
github.com/xdzczk/nostrmash/internal/ingestor/relay/manager.go:315.3,315.33 1 2
github.com/xdzczk/nostrmash/internal/ingestor/relay/manager.go:317.2,317.44 1 2
github.com/xdzczk/nostrmash/internal/ingestor/relay/manager.go:317.44,319.3 1 0
github.com/xdzczk/nostrmash/internal/ingestor/relay/manager.go:320.2,320.38 1 2
github.com/xdzczk/nostrmash/internal/ingestor/relay/manager.go:320.38,322.17 2 2
github.com/xdzczk/nostrmash/internal/ingestor/relay/manager.go:322.17,324.4 1 0
github.com/xdzczk/nostrmash/internal/ingestor/relay/manager.go:325.3,325.38 1 2
github.com/xdzczk/nostrmash/internal/ingestor/relay/manager.go:325.38,327.4 1 0
github.com/xdzczk/nostrmash/internal/ingestor/relay/manager.go:329.2,329.46 1 2
github.com/xdzczk/nostrmash/internal/ingestor/relay/manager.go:329.46,331.17 2 0
github.com/xdzczk/nostrmash/internal/ingestor/relay/manager.go:331.17,333.4 1 0
github.com/xdzczk/nostrmash/internal/ingestor/relay/manager.go:334.3,334.38 1 0
github.com/xdzczk/nostrmash/internal/ingestor/relay/manager.go:334.38,336.4 1 0
github.com/xdzczk/nostrmash/internal/ingestor/relay/manager.go:338.2,338.12 1 2
github.com/xdzczk/nostrmash/internal/ingestor/relay/manager.go:341.48,342.20 1 6
github.com/xdzczk/nostrmash/internal/ingestor/relay/manager.go:342.20,344.3 1 2
github.com/xdzczk/nostrmash/internal/ingestor/relay/manager.go:345.2,346.27 2 4
github.com/xdzczk/nostrmash/internal/ingestor/relay/manager.go:346.27,348.17 2 4
github.com/xdzczk/nostrmash/internal/ingestor/relay/manager.go:348.17,349.12 1 0
github.com/xdzczk/nostrmash/internal/ingestor/relay/manager.go:351.3,351.32 1 4
github.com/xdzczk/nostrmash/internal/ingestor/relay/manager.go:353.2,353.12 1 4
github.com/xdzczk/nostrmash/internal/ingestor/relay/manager.go:356.52,358.16 2 8
github.com/xdzczk/nostrmash/internal/ingestor/relay/manager.go:358.16,360.3 1 0
github.com/xdzczk/nostrmash/internal/ingestor/relay/manager.go:361.2,361.23 1 8
github.com/xdzczk/nostrmash/internal/ingestor/relay/manager.go:361.23,363.3 1 0
github.com/xdzczk/nostrmash/internal/ingestor/relay/manager.go:364.2,365.39 2 8
github.com/xdzczk/nostrmash/internal/ingestor/relay/manager.go:365.39,367.3 1 0
github.com/xdzczk/nostrmash/internal/ingestor/relay/manager.go:368.2,368.74 1 8
github.com/xdzczk/nostrmash/internal/ingestor/relay/manager.go:368.74,370.3 1 0
github.com/xdzczk/nostrmash/internal/ingestor/relay/manager.go:372.2,373.17 2 8
github.com/xdzczk/nostrmash/internal/ingestor/relay/manager.go:373.17,375.3 1 0
github.com/xdzczk/nostrmash/internal/ingestor/relay/manager.go:376.2,376.82 1 8
github.com/xdzczk/nostrmash/internal/ingestor/relay/manager.go:379.62,382.9 3 2
github.com/xdzczk/nostrmash/internal/ingestor/relay/manager.go:383.20,384.15 1 1
github.com/xdzczk/nostrmash/internal/ingestor/relay/manager.go:385.17,386.14 1 1
github.com/xdzczk/nostrmash/internal/ingestor/relay/manager.go:390.47,391.14 1 5
github.com/xdzczk/nostrmash/internal/ingestor/relay/manager.go:391.14,393.3 1 0
github.com/xdzczk/nostrmash/internal/ingestor/relay/manager.go:394.2,394.12 1 5
github.com/xdzczk/nostrmash/internal/ingestor/relay/manager.go:397.101,398.25 1 9
github.com/xdzczk/nostrmash/internal/ingestor/relay/manager.go:398.25,400.3 1 9
github.com/xdzczk/nostrmash/internal/ingestor/relay/manager.go:401.2,401.85 1 0
github.com/xdzczk/nostrmash/internal/ingestor/relay/manager.go:401.85,408.3 1 0
github.com/xdzczk/nostrmash/internal/ingestor/relay/noop_connector.go:11.88,13.2 1 0
github.com/xdzczk/nostrmash/internal/ingestor/relay/nostr_connector.go:24.91,29.16 3 0
github.com/xdzczk/nostrmash/internal/ingestor/relay/nostr_connector.go:29.16,31.3 1 0
github.com/xdzczk/nostrmash/internal/ingestor/relay/nostr_connector.go:33.2,39.28 7 0
github.com/xdzczk/nostrmash/internal/ingestor/relay/nostr_connector.go:39.28,41.17 2 0
github.com/xdzczk/nostrmash/internal/ingestor/relay/nostr_connector.go:41.17,44.4 2 0
github.com/xdzczk/nostrmash/internal/ingestor/relay/nostr_connector.go:45.3,49.65 5 0
github.com/xdzczk/nostrmash/internal/ingestor/relay/nostr_connector.go:51.2,60.16 3 0
github.com/xdzczk/nostrmash/internal/ingestor/relay/nostr_connector.go:60.16,63.3 2 0
github.com/xdzczk/nostrmash/internal/ingestor/relay/nostr_connector.go:64.2,64.73 1 0
github.com/xdzczk/nostrmash/internal/ingestor/relay/nostr_connector.go:64.73,67.3 2 0
github.com/xdzczk/nostrmash/internal/ingestor/relay/nostr_connector.go:69.2,72.18 3 0
github.com/xdzczk/nostrmash/internal/ingestor/relay/nostr_connector.go:72.18,85.3 1 0
github.com/xdzczk/nostrmash/internal/ingestor/relay/nostr_connector.go:86.2,86.20 1 0
github.com/xdzczk/nostrmash/internal/ingestor/relay/nostr_connector.go:102.103,113.12 3 0
github.com/xdzczk/nostrmash/internal/ingestor/relay/nostr_connector.go:113.12,116.3 2 0
github.com/xdzczk/nostrmash/internal/ingestor/relay/nostr_connector.go:117.2,117.15 1 0
github.com/xdzczk/nostrmash/internal/ingestor/relay/nostr_connector.go:120.49,122.2 1 0
github.com/xdzczk/nostrmash/internal/ingestor/relay/nostr_connector.go:124.54,126.2 1 0
github.com/xdzczk/nostrmash/internal/ingestor/relay/nostr_connector.go:128.43,131.2 2 0
github.com/xdzczk/nostrmash/internal/ingestor/relay/nostr_connector.go:133.40,136.6 2 0
github.com/xdzczk/nostrmash/internal/ingestor/relay/nostr_connector.go:136.6,138.17 2 0
github.com/xdzczk/nostrmash/internal/ingestor/relay/nostr_connector.go:138.17,141.4 2 0
github.com/xdzczk/nostrmash/internal/ingestor/relay/nostr_connector.go:142.3,143.10 2 0
github.com/xdzczk/nostrmash/internal/ingestor/relay/nostr_connector.go:143.10,144.12 1 0
github.com/xdzczk/nostrmash/internal/ingestor/relay/nostr_connector.go:146.3,146.10 1 0
github.com/xdzczk/nostrmash/internal/ingestor/relay/nostr_connector.go:147.26,147.26 0 0
github.com/xdzczk/nostrmash/internal/ingestor/relay/nostr_connector.go:148.27,150.10 2 0
github.com/xdzczk/nostrmash/internal/ingestor/relay/nostr_connector.go:155.50,156.24 1 0
github.com/xdzczk/nostrmash/internal/ingestor/relay/nostr_connector.go:156.24,164.57 4 0
github.com/xdzczk/nostrmash/internal/ingestor/relay/nostr_connector.go:164.57,166.4 1 0
github.com/xdzczk/nostrmash/internal/ingestor/relay/nostr_connector.go:167.3,167.16 1 0
github.com/xdzczk/nostrmash/internal/ingestor/relay/nostr_connector.go:171.40,172.16 1 0
github.com/xdzczk/nostrmash/internal/ingestor/relay/nostr_connector.go:172.16,174.3 1 0
github.com/xdzczk/nostrmash/internal/ingestor/relay/nostr_connector.go:175.2,175.89 1 0
github.com/xdzczk/nostrmash/internal/ingestor/relay/nostr_connector.go:175.89,177.3 1 0
github.com/xdzczk/nostrmash/internal/ingestor/relay/nostr_connector.go:178.2,178.12 1 0
github.com/xdzczk/nostrmash/internal/ingestor/relay/nostr_connector.go:181.55,183.23 2 4
github.com/xdzczk/nostrmash/internal/ingestor/relay/nostr_connector.go:183.23,185.3 1 0
github.com/xdzczk/nostrmash/internal/ingestor/relay/nostr_connector.go:187.2,188.59 2 4
github.com/xdzczk/nostrmash/internal/ingestor/relay/nostr_connector.go:188.59,190.3 1 1
github.com/xdzczk/nostrmash/internal/ingestor/relay/nostr_connector.go:191.2,191.24 1 3
github.com/xdzczk/nostrmash/internal/ingestor/relay/nostr_connector.go:191.24,193.3 1 0
github.com/xdzczk/nostrmash/internal/ingestor/relay/nostr_connector.go:195.2,196.67 2 3
github.com/xdzczk/nostrmash/internal/ingestor/relay/nostr_connector.go:196.67,198.3 1 0
github.com/xdzczk/nostrmash/internal/ingestor/relay/nostr_connector.go:199.2,199.29 1 3
github.com/xdzczk/nostrmash/internal/ingestor/relay/nostr_connector.go:199.29,201.3 1 1
github.com/xdzczk/nostrmash/internal/ingestor/relay/nostr_connector.go:202.2,202.23 1 2
github.com/xdzczk/nostrmash/internal/ingestor/relay/nostr_connector.go:202.23,204.3 1 1
github.com/xdzczk/nostrmash/internal/ingestor/relay/nostr_connector.go:205.2,205.43 1 1
github.com/xdzczk/nostrmash/internal/store/checkpoints.go:20.36,21.31 1 0
github.com/xdzczk/nostrmash/internal/store/checkpoints.go:21.31,23.3 1 0
github.com/xdzczk/nostrmash/internal/store/checkpoints.go:24.2,27.55 4 0
github.com/xdzczk/nostrmash/internal/store/checkpoints.go:27.55,29.3 1 0
github.com/xdzczk/nostrmash/internal/store/checkpoints.go:31.2,57.16 3 0
github.com/xdzczk/nostrmash/internal/store/checkpoints.go:57.16,58.27 1 0
github.com/xdzczk/nostrmash/internal/store/checkpoints.go:58.27,60.4 1 0
github.com/xdzczk/nostrmash/internal/store/checkpoints.go:61.3,61.55 1 0
github.com/xdzczk/nostrmash/internal/store/checkpoints.go:63.2,63.25 1 0
github.com/xdzczk/nostrmash/internal/store/checkpoints.go:67.110,68.31 1 0
github.com/xdzczk/nostrmash/internal/store/checkpoints.go:68.31,70.3 1 0
github.com/xdzczk/nostrmash/internal/store/checkpoints.go:71.2,75.88 5 0
github.com/xdzczk/nostrmash/internal/store/checkpoints.go:75.88,77.3 1 0
github.com/xdzczk/nostrmash/internal/store/checkpoints.go:78.2,78.29 1 0
github.com/xdzczk/nostrmash/internal/store/checkpoints.go:78.29,80.3 1 0
github.com/xdzczk/nostrmash/internal/store/checkpoints.go:81.2,82.24 2 0
github.com/xdzczk/nostrmash/internal/store/checkpoints.go:82.24,84.3 1 0
github.com/xdzczk/nostrmash/internal/store/checkpoints.go:86.2,124.16 2 0
github.com/xdzczk/nostrmash/internal/store/checkpoints.go:124.16,126.3 1 0
github.com/xdzczk/nostrmash/internal/store/checkpoints.go:127.2,127.12 1 0
github.com/xdzczk/nostrmash/internal/store/compat_queries.go:30.115,32.31 2 0
github.com/xdzczk/nostrmash/internal/store/compat_queries.go:32.31,34.3 1 0
github.com/xdzczk/nostrmash/internal/store/compat_queries.go:35.2,36.18 2 0
github.com/xdzczk/nostrmash/internal/store/compat_queries.go:36.18,38.3 1 0
github.com/xdzczk/nostrmash/internal/store/compat_queries.go:40.2,52.16 3 0
github.com/xdzczk/nostrmash/internal/store/compat_queries.go:52.16,53.36 1 0
github.com/xdzczk/nostrmash/internal/store/compat_queries.go:53.36,55.4 1 0
github.com/xdzczk/nostrmash/internal/store/compat_queries.go:56.3,56.64 1 0
github.com/xdzczk/nostrmash/internal/store/compat_queries.go:58.2,59.17 2 0
github.com/xdzczk/nostrmash/internal/store/compat_queries.go:63.111,65.31 2 0
github.com/xdzczk/nostrmash/internal/store/compat_queries.go:65.31,67.3 1 0
github.com/xdzczk/nostrmash/internal/store/compat_queries.go:68.2,69.18 2 0
github.com/xdzczk/nostrmash/internal/store/compat_queries.go:69.18,71.3 1 0
github.com/xdzczk/nostrmash/internal/store/compat_queries.go:73.2,85.16 3 0
github.com/xdzczk/nostrmash/internal/store/compat_queries.go:85.16,86.36 1 0
github.com/xdzczk/nostrmash/internal/store/compat_queries.go:86.36,88.4 1 0
github.com/xdzczk/nostrmash/internal/store/compat_queries.go:89.3,89.62 1 0
github.com/xdzczk/nostrmash/internal/store/compat_queries.go:91.2,92.17 2 0
github.com/xdzczk/nostrmash/internal/store/compat_queries.go:96.120,97.31 1 0
github.com/xdzczk/nostrmash/internal/store/compat_queries.go:97.31,99.3 1 0
github.com/xdzczk/nostrmash/internal/store/compat_queries.go:100.2,101.17 2 0
github.com/xdzczk/nostrmash/internal/store/compat_queries.go:101.17,103.3 1 0
github.com/xdzczk/nostrmash/internal/store/compat_queries.go:104.2,104.16 1 0
github.com/xdzczk/nostrmash/internal/store/compat_queries.go:104.16,106.3 1 0
github.com/xdzczk/nostrmash/internal/store/compat_queries.go:107.2,107.17 1 0
github.com/xdzczk/nostrmash/internal/store/compat_queries.go:107.17,109.3 1 0
github.com/xdzczk/nostrmash/internal/store/compat_queries.go:110.2,132.16 2 0
github.com/xdzczk/nostrmash/internal/store/compat_queries.go:132.16,134.3 1 0
github.com/xdzczk/nostrmash/internal/store/compat_queries.go:135.2,138.18 3 0
github.com/xdzczk/nostrmash/internal/store/compat_queries.go:138.18,140.41 2 0
github.com/xdzczk/nostrmash/internal/store/compat_queries.go:140.41,142.4 1 0
github.com/xdzczk/nostrmash/internal/store/compat_queries.go:143.3,143.42 1 0
github.com/xdzczk/nostrmash/internal/store/compat_queries.go:145.2,145.35 1 0
github.com/xdzczk/nostrmash/internal/store/compat_queries.go:145.35,147.3 1 0
github.com/xdzczk/nostrmash/internal/store/compat_queries.go:148.2,148.17 1 0
github.com/xdzczk/nostrmash/internal/store/compat_queries.go:152.115,153.31 1 0
github.com/xdzczk/nostrmash/internal/store/compat_queries.go:153.31,155.3 1 0
github.com/xdzczk/nostrmash/internal/store/compat_queries.go:156.2,157.17 2 0
github.com/xdzczk/nostrmash/internal/store/compat_queries.go:157.17,159.3 1 0
github.com/xdzczk/nostrmash/internal/store/compat_queries.go:160.2,160.16 1 0
github.com/xdzczk/nostrmash/internal/store/compat_queries.go:160.16,162.3 1 0
github.com/xdzczk/nostrmash/internal/store/compat_queries.go:163.2,163.17 1 0
github.com/xdzczk/nostrmash/internal/store/compat_queries.go:163.17,165.3 1 0
github.com/xdzczk/nostrmash/internal/store/compat_queries.go:167.2,206.16 2 0
github.com/xdzczk/nostrmash/internal/store/compat_queries.go:206.16,208.3 1 0
github.com/xdzczk/nostrmash/internal/store/compat_queries.go:209.2,212.18 3 0
github.com/xdzczk/nostrmash/internal/store/compat_queries.go:212.18,215.108 3 0
github.com/xdzczk/nostrmash/internal/store/compat_queries.go:215.108,217.4 1 0
github.com/xdzczk/nostrmash/internal/store/compat_queries.go:218.3,219.25 2 0
github.com/xdzczk/nostrmash/internal/store/compat_queries.go:221.2,221.35 1 0
github.com/xdzczk/nostrmash/internal/store/compat_queries.go:221.35,223.3 1 0
github.com/xdzczk/nostrmash/internal/store/compat_queries.go:224.2,224.17 1 0
github.com/xdzczk/nostrmash/internal/store/compat_queries.go:232.30,233.31 1 0
github.com/xdzczk/nostrmash/internal/store/compat_queries.go:233.31,235.3 1 0
github.com/xdzczk/nostrmash/internal/store/compat_queries.go:236.2,236.14 1 0
github.com/xdzczk/nostrmash/internal/store/compat_queries.go:236.14,238.3 1 0
github.com/xdzczk/nostrmash/internal/store/compat_queries.go:239.2,240.18 2 0
github.com/xdzczk/nostrmash/internal/store/compat_queries.go:240.18,242.3 1 0
github.com/xdzczk/nostrmash/internal/store/compat_queries.go:243.2,243.16 1 0
github.com/xdzczk/nostrmash/internal/store/compat_queries.go:243.16,245.3 1 0
github.com/xdzczk/nostrmash/internal/store/compat_queries.go:246.2,246.17 1 0
github.com/xdzczk/nostrmash/internal/store/compat_queries.go:246.17,248.3 1 0
github.com/xdzczk/nostrmash/internal/store/compat_queries.go:249.2,256.16 2 0
github.com/xdzczk/nostrmash/internal/store/compat_queries.go:256.16,258.3 1 0
github.com/xdzczk/nostrmash/internal/store/compat_queries.go:259.2,261.18 3 0
github.com/xdzczk/nostrmash/internal/store/compat_queries.go:261.18,263.41 2 0
github.com/xdzczk/nostrmash/internal/store/compat_queries.go:263.41,265.4 1 0
github.com/xdzczk/nostrmash/internal/store/compat_queries.go:266.3,266.42 1 0
github.com/xdzczk/nostrmash/internal/store/compat_queries.go:268.2,268.35 1 0
github.com/xdzczk/nostrmash/internal/store/compat_queries.go:268.35,270.3 1 0
github.com/xdzczk/nostrmash/internal/store/compat_queries.go:271.2,271.17 1 0
github.com/xdzczk/nostrmash/internal/store/compat_queries.go:275.132,276.31 1 0
github.com/xdzczk/nostrmash/internal/store/compat_queries.go:276.31,278.3 1 0
github.com/xdzczk/nostrmash/internal/store/compat_queries.go:279.2,280.24 2 0
github.com/xdzczk/nostrmash/internal/store/compat_queries.go:280.24,282.3 1 0
github.com/xdzczk/nostrmash/internal/store/compat_queries.go:283.2,283.16 1 0
github.com/xdzczk/nostrmash/internal/store/compat_queries.go:283.16,285.3 1 0
github.com/xdzczk/nostrmash/internal/store/compat_queries.go:286.2,286.17 1 0
github.com/xdzczk/nostrmash/internal/store/compat_queries.go:286.17,288.3 1 0
github.com/xdzczk/nostrmash/internal/store/compat_queries.go:289.2,297.16 2 0
github.com/xdzczk/nostrmash/internal/store/compat_queries.go:297.16,299.3 1 0
github.com/xdzczk/nostrmash/internal/store/compat_queries.go:300.2,302.18 3 0
github.com/xdzczk/nostrmash/internal/store/compat_queries.go:302.18,304.41 2 0
github.com/xdzczk/nostrmash/internal/store/compat_queries.go:304.41,306.4 1 0
github.com/xdzczk/nostrmash/internal/store/compat_queries.go:307.3,307.42 1 0
github.com/xdzczk/nostrmash/internal/store/compat_queries.go:309.2,309.35 1 0
github.com/xdzczk/nostrmash/internal/store/compat_queries.go:309.35,311.3 1 0
github.com/xdzczk/nostrmash/internal/store/compat_queries.go:312.2,312.17 1 0
github.com/xdzczk/nostrmash/internal/store/compat_queries.go:316.126,317.31 1 0
github.com/xdzczk/nostrmash/internal/store/compat_queries.go:317.31,319.3 1 0
github.com/xdzczk/nostrmash/internal/store/compat_queries.go:320.2,321.24 2 0
github.com/xdzczk/nostrmash/internal/store/compat_queries.go:321.24,323.3 1 0
github.com/xdzczk/nostrmash/internal/store/compat_queries.go:324.2,324.16 1 0
github.com/xdzczk/nostrmash/internal/store/compat_queries.go:324.16,326.3 1 0
github.com/xdzczk/nostrmash/internal/store/compat_queries.go:327.2,327.17 1 0
github.com/xdzczk/nostrmash/internal/store/compat_queries.go:327.17,329.3 1 0
github.com/xdzczk/nostrmash/internal/store/compat_queries.go:330.2,341.16 2 0
github.com/xdzczk/nostrmash/internal/store/compat_queries.go:341.16,343.3 1 0
github.com/xdzczk/nostrmash/internal/store/compat_queries.go:344.2,346.18 3 0
github.com/xdzczk/nostrmash/internal/store/compat_queries.go:346.18,348.41 2 0
github.com/xdzczk/nostrmash/internal/store/compat_queries.go:348.41,350.4 1 0
github.com/xdzczk/nostrmash/internal/store/compat_queries.go:351.3,351.42 1 0
github.com/xdzczk/nostrmash/internal/store/compat_queries.go:353.2,353.35 1 0
github.com/xdzczk/nostrmash/internal/store/compat_queries.go:353.35,355.3 1 0
github.com/xdzczk/nostrmash/internal/store/compat_queries.go:356.2,356.17 1 0
github.com/xdzczk/nostrmash/internal/store/compat_queries.go:359.123,360.31 1 0
github.com/xdzczk/nostrmash/internal/store/compat_queries.go:360.31,362.3 1 0
github.com/xdzczk/nostrmash/internal/store/compat_queries.go:363.2,364.19 2 0
github.com/xdzczk/nostrmash/internal/store/compat_queries.go:364.19,366.3 1 0
github.com/xdzczk/nostrmash/internal/store/compat_queries.go:367.2,367.16 1 0
github.com/xdzczk/nostrmash/internal/store/compat_queries.go:367.16,369.3 1 0
github.com/xdzczk/nostrmash/internal/store/compat_queries.go:370.2,370.17 1 0
github.com/xdzczk/nostrmash/internal/store/compat_queries.go:370.17,372.3 1 0
github.com/xdzczk/nostrmash/internal/store/compat_queries.go:373.2,384.16 2 0
github.com/xdzczk/nostrmash/internal/store/compat_queries.go:384.16,386.3 1 0
github.com/xdzczk/nostrmash/internal/store/compat_queries.go:387.2,389.18 3 0
github.com/xdzczk/nostrmash/internal/store/compat_queries.go:389.18,391.41 2 0
github.com/xdzczk/nostrmash/internal/store/compat_queries.go:391.41,393.4 1 0
github.com/xdzczk/nostrmash/internal/store/compat_queries.go:394.3,394.42 1 0
github.com/xdzczk/nostrmash/internal/store/compat_queries.go:396.2,396.35 1 0
github.com/xdzczk/nostrmash/internal/store/compat_queries.go:396.35,398.3 1 0
github.com/xdzczk/nostrmash/internal/store/compat_queries.go:399.2,399.17 1 0
github.com/xdzczk/nostrmash/internal/store/compat_queries.go:408.30,409.31 1 0
github.com/xdzczk/nostrmash/internal/store/compat_queries.go:409.31,411.3 1 0
github.com/xdzczk/nostrmash/internal/store/compat_queries.go:412.2,414.15 3 0
github.com/xdzczk/nostrmash/internal/store/compat_queries.go:414.15,416.3 1 0
github.com/xdzczk/nostrmash/internal/store/compat_queries.go:417.2,417.18 1 0
github.com/xdzczk/nostrmash/internal/store/compat_queries.go:417.18,419.3 1 0
github.com/xdzczk/nostrmash/internal/store/compat_queries.go:420.2,420.22 1 0
github.com/xdzczk/nostrmash/internal/store/compat_queries.go:420.22,422.3 1 0
github.com/xdzczk/nostrmash/internal/store/compat_queries.go:423.2,423.16 1 0
github.com/xdzczk/nostrmash/internal/store/compat_queries.go:423.16,425.3 1 0
github.com/xdzczk/nostrmash/internal/store/compat_queries.go:426.2,426.17 1 0
github.com/xdzczk/nostrmash/internal/store/compat_queries.go:426.17,428.3 1 0
github.com/xdzczk/nostrmash/internal/store/compat_queries.go:429.2,441.16 3 0
github.com/xdzczk/nostrmash/internal/store/compat_queries.go:441.16,443.3 1 0
github.com/xdzczk/nostrmash/internal/store/compat_queries.go:444.2,446.18 3 0
github.com/xdzczk/nostrmash/internal/store/compat_queries.go:446.18,448.41 2 0
github.com/xdzczk/nostrmash/internal/store/compat_queries.go:448.41,450.4 1 0
github.com/xdzczk/nostrmash/internal/store/compat_queries.go:451.3,451.42 1 0
github.com/xdzczk/nostrmash/internal/store/compat_queries.go:453.2,453.35 1 0
github.com/xdzczk/nostrmash/internal/store/compat_queries.go:453.35,455.3 1 0
github.com/xdzczk/nostrmash/internal/store/compat_queries.go:456.2,456.17 1 0
github.com/xdzczk/nostrmash/internal/store/compat_queries.go:459.135,460.31 1 0
github.com/xdzczk/nostrmash/internal/store/compat_queries.go:460.31,462.3 1 0
github.com/xdzczk/nostrmash/internal/store/compat_queries.go:463.2,463.15 1 0
github.com/xdzczk/nostrmash/internal/store/compat_queries.go:463.15,465.3 1 0
github.com/xdzczk/nostrmash/internal/store/compat_queries.go:466.2,467.21 2 0
github.com/xdzczk/nostrmash/internal/store/compat_queries.go:467.21,469.3 1 0
github.com/xdzczk/nostrmash/internal/store/compat_queries.go:470.2,470.16 1 0
github.com/xdzczk/nostrmash/internal/store/compat_queries.go:470.16,472.3 1 0
github.com/xdzczk/nostrmash/internal/store/compat_queries.go:473.2,473.18 1 0
github.com/xdzczk/nostrmash/internal/store/compat_queries.go:473.18,475.3 1 0
github.com/xdzczk/nostrmash/internal/store/compat_queries.go:476.2,487.16 2 0
github.com/xdzczk/nostrmash/internal/store/compat_queries.go:487.16,489.3 1 0
github.com/xdzczk/nostrmash/internal/store/compat_queries.go:490.2,492.18 3 0
github.com/xdzczk/nostrmash/internal/store/compat_queries.go:492.18,494.41 2 0
github.com/xdzczk/nostrmash/internal/store/compat_queries.go:494.41,496.4 1 0
github.com/xdzczk/nostrmash/internal/store/compat_queries.go:497.3,497.42 1 0
github.com/xdzczk/nostrmash/internal/store/compat_queries.go:499.2,499.35 1 0
github.com/xdzczk/nostrmash/internal/store/compat_queries.go:499.35,501.3 1 0
github.com/xdzczk/nostrmash/internal/store/compat_queries.go:502.2,502.17 1 0
github.com/xdzczk/nostrmash/internal/store/db.go:11.79,13.16 2 0
github.com/xdzczk/nostrmash/internal/store/db.go:13.16,15.3 1 0
github.com/xdzczk/nostrmash/internal/store/db.go:16.2,17.16 2 0
github.com/xdzczk/nostrmash/internal/store/db.go:17.16,19.3 1 0
github.com/xdzczk/nostrmash/internal/store/db.go:20.2,20.39 1 0
github.com/xdzczk/nostrmash/internal/store/db.go:20.39,23.3 2 0
github.com/xdzczk/nostrmash/internal/store/db.go:24.2,24.18 1 0
github.com/xdzczk/nostrmash/internal/store/events.go:31.58,33.2 1 0
github.com/xdzczk/nostrmash/internal/store/events.go:43.9,46.2 2 0
github.com/xdzczk/nostrmash/internal/store/events.go:55.34,57.31 2 0
github.com/xdzczk/nostrmash/internal/store/events.go:57.31,59.3 1 0
github.com/xdzczk/nostrmash/internal/store/events.go:60.2,60.39 1 0
github.com/xdzczk/nostrmash/internal/store/events.go:60.39,62.3 1 0
github.com/xdzczk/nostrmash/internal/store/events.go:63.2,63.39 1 0
github.com/xdzczk/nostrmash/internal/store/events.go:63.39,65.3 1 0
github.com/xdzczk/nostrmash/internal/store/events.go:67.2,69.26 3 0
github.com/xdzczk/nostrmash/internal/store/events.go:69.26,71.3 1 0
github.com/xdzczk/nostrmash/internal/store/events.go:72.2,73.25 2 0
github.com/xdzczk/nostrmash/internal/store/events.go:73.25,75.3 1 0
github.com/xdzczk/nostrmash/internal/store/events.go:76.2,76.26 1 0
github.com/xdzczk/nostrmash/internal/store/events.go:76.26,78.3 1 0
github.com/xdzczk/nostrmash/internal/store/events.go:80.2,83.16 3 0
github.com/xdzczk/nostrmash/internal/store/events.go:83.16,85.3 1 0
github.com/xdzczk/nostrmash/internal/store/events.go:86.2,86.15 1 0
github.com/xdzczk/nostrmash/internal/store/events.go:86.15,86.39 1 0
github.com/xdzczk/nostrmash/internal/store/events.go:88.2,107.16 2 0
github.com/xdzczk/nostrmash/internal/store/events.go:107.16,109.3 1 0
github.com/xdzczk/nostrmash/internal/store/events.go:111.2,111.35 1 0
github.com/xdzczk/nostrmash/internal/store/events.go:111.35,126.17 2 0
github.com/xdzczk/nostrmash/internal/store/events.go:126.17,128.4 1 0
github.com/xdzczk/nostrmash/internal/store/events.go:131.2,141.16 2 0
github.com/xdzczk/nostrmash/internal/store/events.go:141.16,143.3 1 0
github.com/xdzczk/nostrmash/internal/store/events.go:145.2,145.27 1 0
github.com/xdzczk/nostrmash/internal/store/events.go:145.27,146.104 1 0
github.com/xdzczk/nostrmash/internal/store/events.go:146.104,148.4 1 0
github.com/xdzczk/nostrmash/internal/store/events.go:149.3,149.109 1 0
github.com/xdzczk/nostrmash/internal/store/events.go:149.109,151.4 1 0
github.com/xdzczk/nostrmash/internal/store/events.go:152.3,152.107 1 0
github.com/xdzczk/nostrmash/internal/store/events.go:152.107,154.4 1 0
github.com/xdzczk/nostrmash/internal/store/events.go:157.2,157.39 1 0
github.com/xdzczk/nostrmash/internal/store/events.go:157.39,159.3 1 0
github.com/xdzczk/nostrmash/internal/store/events.go:160.2,160.21 1 0
github.com/xdzczk/nostrmash/internal/store/events.go:163.92,167.16 2 0
github.com/xdzczk/nostrmash/internal/store/events.go:167.16,169.3 1 0
github.com/xdzczk/nostrmash/internal/store/events.go:170.2,183.16 3 0
github.com/xdzczk/nostrmash/internal/store/events.go:183.16,185.3 1 0
github.com/xdzczk/nostrmash/internal/store/events.go:186.2,186.12 1 0
github.com/xdzczk/nostrmash/internal/store/events.go:190.98,191.31 1 0
github.com/xdzczk/nostrmash/internal/store/events.go:191.31,193.3 1 0
github.com/xdzczk/nostrmash/internal/store/events.go:194.2,195.21 2 0
github.com/xdzczk/nostrmash/internal/store/events.go:195.21,197.3 1 0
github.com/xdzczk/nostrmash/internal/store/events.go:199.2,205.16 3 0
github.com/xdzczk/nostrmash/internal/store/events.go:205.16,206.36 1 0
github.com/xdzczk/nostrmash/internal/store/events.go:206.36,208.4 1 0
github.com/xdzczk/nostrmash/internal/store/events.go:209.3,209.53 1 0
github.com/xdzczk/nostrmash/internal/store/events.go:211.2,211.34 1 0
github.com/xdzczk/nostrmash/internal/store/events.go:215.114,216.31 1 0
github.com/xdzczk/nostrmash/internal/store/events.go:216.31,218.3 1 0
github.com/xdzczk/nostrmash/internal/store/events.go:219.2,219.19 1 0
github.com/xdzczk/nostrmash/internal/store/events.go:219.19,221.3 1 0
github.com/xdzczk/nostrmash/internal/store/events.go:223.2,225.25 3 0
github.com/xdzczk/nostrmash/internal/store/events.go:225.25,227.22 2 0
github.com/xdzczk/nostrmash/internal/store/events.go:227.22,228.12 1 0
github.com/xdzczk/nostrmash/internal/store/events.go:230.3,230.35 1 0
github.com/xdzczk/nostrmash/internal/store/events.go:230.35,231.12 1 0
github.com/xdzczk/nostrmash/internal/store/events.go:233.3,234.45 2 0
github.com/xdzczk/nostrmash/internal/store/events.go:236.2,236.26 1 0
github.com/xdzczk/nostrmash/internal/store/events.go:236.26,238.3 1 0
github.com/xdzczk/nostrmash/internal/store/events.go:240.2,245.16 2 0
github.com/xdzczk/nostrmash/internal/store/events.go:245.16,247.3 1 0
github.com/xdzczk/nostrmash/internal/store/events.go:248.2,251.18 3 0
github.com/xdzczk/nostrmash/internal/store/events.go:251.18,254.46 3 0
github.com/xdzczk/nostrmash/internal/store/events.go:254.46,256.4 1 0
github.com/xdzczk/nostrmash/internal/store/events.go:257.3,257.33 1 0
github.com/xdzczk/nostrmash/internal/store/events.go:259.2,259.35 1 0
github.com/xdzczk/nostrmash/internal/store/events.go:259.35,261.3 1 0
github.com/xdzczk/nostrmash/internal/store/events.go:262.2,262.17 1 0
github.com/xdzczk/nostrmash/internal/store/events.go:266.100,267.31 1 0
github.com/xdzczk/nostrmash/internal/store/events.go:267.31,269.3 1 0
github.com/xdzczk/nostrmash/internal/store/events.go:270.2,271.21 2 0
github.com/xdzczk/nostrmash/internal/store/events.go:271.21,273.3 1 0
github.com/xdzczk/nostrmash/internal/store/events.go:275.2,281.16 2 0
github.com/xdzczk/nostrmash/internal/store/events.go:281.16,283.3 1 0
github.com/xdzczk/nostrmash/internal/store/events.go:284.2,287.18 3 0
github.com/xdzczk/nostrmash/internal/store/events.go:287.18,290.67 3 0
github.com/xdzczk/nostrmash/internal/store/events.go:290.67,292.4 1 0
github.com/xdzczk/nostrmash/internal/store/events.go:293.3,293.33 1 0
github.com/xdzczk/nostrmash/internal/store/events.go:295.2,295.35 1 0
github.com/xdzczk/nostrmash/internal/store/events.go:295.35,297.3 1 0
github.com/xdzczk/nostrmash/internal/store/events.go:298.2,298.21 1 0
github.com/xdzczk/nostrmash/internal/store/events.go:298.21,300.3 1 0
github.com/xdzczk/nostrmash/internal/store/events.go:302.2,306.16 3 0
github.com/xdzczk/nostrmash/internal/store/events.go:306.16,308.3 1 0
github.com/xdzczk/nostrmash/internal/store/events.go:309.2,309.13 1 0
github.com/xdzczk/nostrmash/internal/store/events.go:309.13,311.3 1 0
github.com/xdzczk/nostrmash/internal/store/events.go:312.2,312.20 1 0
github.com/xdzczk/nostrmash/internal/store/events.go:341.107,343.31 2 0
github.com/xdzczk/nostrmash/internal/store/events.go:343.31,345.3 1 0
github.com/xdzczk/nostrmash/internal/store/events.go:346.2,347.18 2 0
github.com/xdzczk/nostrmash/internal/store/events.go:347.18,349.3 1 0
github.com/xdzczk/nostrmash/internal/store/events.go:351.2,357.16 3 0
github.com/xdzczk/nostrmash/internal/store/events.go:357.16,358.36 1 0
github.com/xdzczk/nostrmash/internal/store/events.go:358.36,360.4 1 0
github.com/xdzczk/nostrmash/internal/store/events.go:361.3,361.59 1 0
github.com/xdzczk/nostrmash/internal/store/events.go:363.2,364.17 2 0
github.com/xdzczk/nostrmash/internal/store/events.go:368.123,369.31 1 0
github.com/xdzczk/nostrmash/internal/store/events.go:369.31,371.3 1 0
github.com/xdzczk/nostrmash/internal/store/events.go:372.2,372.23 1 0
github.com/xdzczk/nostrmash/internal/store/events.go:372.23,374.3 1 0
github.com/xdzczk/nostrmash/internal/store/events.go:376.2,378.33 3 0
github.com/xdzczk/nostrmash/internal/store/events.go:378.33,380.19 2 0
github.com/xdzczk/nostrmash/internal/store/events.go:380.19,381.12 1 0
github.com/xdzczk/nostrmash/internal/store/events.go:383.3,383.32 1 0
github.com/xdzczk/nostrmash/internal/store/events.go:383.32,384.12 1 0
github.com/xdzczk/nostrmash/internal/store/events.go:386.3,387.42 2 0
github.com/xdzczk/nostrmash/internal/store/events.go:389.2,389.26 1 0
github.com/xdzczk/nostrmash/internal/store/events.go:389.26,391.3 1 0
github.com/xdzczk/nostrmash/internal/store/events.go:393.2,398.16 2 0
github.com/xdzczk/nostrmash/internal/store/events.go:398.16,400.3 1 0
github.com/xdzczk/nostrmash/internal/store/events.go:401.2,404.18 3 0
github.com/xdzczk/nostrmash/internal/store/events.go:404.18,407.108 3 0
github.com/xdzczk/nostrmash/internal/store/events.go:407.108,409.4 1 0
github.com/xdzczk/nostrmash/internal/store/events.go:410.3,411.24 2 0
github.com/xdzczk/nostrmash/internal/store/events.go:413.2,413.35 1 0
github.com/xdzczk/nostrmash/internal/store/events.go:413.35,415.3 1 0
github.com/xdzczk/nostrmash/internal/store/events.go:416.2,416.17 1 0
github.com/xdzczk/nostrmash/internal/store/events.go:420.121,421.31 1 0
github.com/xdzczk/nostrmash/internal/store/events.go:421.31,423.3 1 0
github.com/xdzczk/nostrmash/internal/store/events.go:424.2,425.18 2 0
github.com/xdzczk/nostrmash/internal/store/events.go:425.18,427.3 1 0
github.com/xdzczk/nostrmash/internal/store/events.go:428.2,428.16 1 0
github.com/xdzczk/nostrmash/internal/store/events.go:428.16,430.3 1 0
github.com/xdzczk/nostrmash/internal/store/events.go:432.2,440.16 2 0
github.com/xdzczk/nostrmash/internal/store/events.go:440.16,442.3 1 0
github.com/xdzczk/nostrmash/internal/store/events.go:443.2,446.18 3 0
github.com/xdzczk/nostrmash/internal/store/events.go:446.18,448.41 2 0
github.com/xdzczk/nostrmash/internal/store/events.go:448.41,450.4 1 0
github.com/xdzczk/nostrmash/internal/store/events.go:451.3,451.42 1 0
github.com/xdzczk/nostrmash/internal/store/events.go:453.2,453.35 1 0
github.com/xdzczk/nostrmash/internal/store/events.go:453.35,455.3 1 0
github.com/xdzczk/nostrmash/internal/store/events.go:456.2,456.17 1 0
github.com/xdzczk/nostrmash/internal/store/events.go:460.116,461.31 1 0
github.com/xdzczk/nostrmash/internal/store/events.go:461.31,463.3 1 0
github.com/xdzczk/nostrmash/internal/store/events.go:464.2,465.18 2 0
github.com/xdzczk/nostrmash/internal/store/events.go:465.18,467.3 1 0
github.com/xdzczk/nostrmash/internal/store/events.go:468.2,468.16 1 0
github.com/xdzczk/nostrmash/internal/store/events.go:468.16,470.3 1 0
github.com/xdzczk/nostrmash/internal/store/events.go:471.2,471.17 1 0
github.com/xdzczk/nostrmash/internal/store/events.go:471.17,473.3 1 0
github.com/xdzczk/nostrmash/internal/store/events.go:475.2,488.16 2 0
github.com/xdzczk/nostrmash/internal/store/events.go:488.16,490.3 1 0
github.com/xdzczk/nostrmash/internal/store/events.go:491.2,494.18 3 0
github.com/xdzczk/nostrmash/internal/store/events.go:494.18,496.41 2 0
github.com/xdzczk/nostrmash/internal/store/events.go:496.41,498.4 1 0
github.com/xdzczk/nostrmash/internal/store/events.go:499.3,499.42 1 0
github.com/xdzczk/nostrmash/internal/store/events.go:501.2,501.35 1 0
github.com/xdzczk/nostrmash/internal/store/events.go:501.35,503.3 1 0
github.com/xdzczk/nostrmash/internal/store/events.go:504.2,504.17 1 0
github.com/xdzczk/nostrmash/internal/store/events.go:508.109,511.16 3 0
github.com/xdzczk/nostrmash/internal/store/events.go:511.16,513.3 1 0
github.com/xdzczk/nostrmash/internal/store/events.go:514.2,515.16 2 0
github.com/xdzczk/nostrmash/internal/store/events.go:515.16,517.3 1 0
github.com/xdzczk/nostrmash/internal/store/events.go:518.2,520.17 3 0
github.com/xdzczk/nostrmash/internal/store/events.go:524.98,526.31 2 0
github.com/xdzczk/nostrmash/internal/store/events.go:526.31,528.3 1 0
github.com/xdzczk/nostrmash/internal/store/events.go:529.2,530.19 2 0
github.com/xdzczk/nostrmash/internal/store/events.go:530.19,532.3 1 0
github.com/xdzczk/nostrmash/internal/store/events.go:533.2,539.86 2 0
github.com/xdzczk/nostrmash/internal/store/events.go:539.86,541.3 1 0
github.com/xdzczk/nostrmash/internal/store/events.go:542.2,542.17 1 0
github.com/xdzczk/nostrmash/internal/store/events.go:551.49,552.31 1 0
github.com/xdzczk/nostrmash/internal/store/events.go:552.31,554.3 1 0
github.com/xdzczk/nostrmash/internal/store/events.go:555.2,556.19 2 0
github.com/xdzczk/nostrmash/internal/store/events.go:556.19,558.3 1 0
github.com/xdzczk/nostrmash/internal/store/events.go:559.2,559.16 1 0
github.com/xdzczk/nostrmash/internal/store/events.go:559.16,561.3 1 0
github.com/xdzczk/nostrmash/internal/store/events.go:562.2,562.17 1 0
github.com/xdzczk/nostrmash/internal/store/events.go:562.17,564.3 1 0
github.com/xdzczk/nostrmash/internal/store/events.go:566.2,567.16 2 0
github.com/xdzczk/nostrmash/internal/store/events.go:567.16,569.3 1 0
github.com/xdzczk/nostrmash/internal/store/events.go:570.2,570.13 1 0
github.com/xdzczk/nostrmash/internal/store/events.go:570.13,572.3 1 0
github.com/xdzczk/nostrmash/internal/store/events.go:574.2,582.19 4 0
github.com/xdzczk/nostrmash/internal/store/events.go:582.19,591.3 1 0
github.com/xdzczk/nostrmash/internal/store/events.go:591.8,601.3 1 0
github.com/xdzczk/nostrmash/internal/store/events.go:602.2,602.16 1 0
github.com/xdzczk/nostrmash/internal/store/events.go:602.16,604.3 1 0
github.com/xdzczk/nostrmash/internal/store/events.go:605.2,607.18 2 0
github.com/xdzczk/nostrmash/internal/store/events.go:607.18,609.70 2 0
github.com/xdzczk/nostrmash/internal/store/events.go:609.70,611.4 1 0
github.com/xdzczk/nostrmash/internal/store/events.go:612.3,612.33 1 0
github.com/xdzczk/nostrmash/internal/store/events.go:614.2,614.35 1 0
github.com/xdzczk/nostrmash/internal/store/events.go:614.35,616.3 1 0
github.com/xdzczk/nostrmash/internal/store/events.go:618.2,619.13 2 0
github.com/xdzczk/nostrmash/internal/store/events.go:619.13,621.3 1 0
github.com/xdzczk/nostrmash/internal/store/events.go:622.2,623.30 2 0
github.com/xdzczk/nostrmash/internal/store/events.go:623.30,625.3 1 0
github.com/xdzczk/nostrmash/internal/store/events.go:627.2,628.33 2 0
github.com/xdzczk/nostrmash/internal/store/events.go:628.33,634.3 2 0
github.com/xdzczk/nostrmash/internal/store/events.go:635.2,635.32 1 0
github.com/xdzczk/nostrmash/internal/store/events.go:643.40,644.31 1 0
github.com/xdzczk/nostrmash/internal/store/events.go:644.31,646.3 1 0
github.com/xdzczk/nostrmash/internal/store/events.go:647.2,648.19 2 0
github.com/xdzczk/nostrmash/internal/store/events.go:648.19,650.3 1 0
github.com/xdzczk/nostrmash/internal/store/events.go:651.2,651.19 1 0
github.com/xdzczk/nostrmash/internal/store/events.go:651.19,653.3 1 0
github.com/xdzczk/nostrmash/internal/store/events.go:654.2,654.20 1 0
github.com/xdzczk/nostrmash/internal/store/events.go:654.20,656.3 1 0
github.com/xdzczk/nostrmash/internal/store/events.go:658.2,659.16 2 0
github.com/xdzczk/nostrmash/internal/store/events.go:659.16,661.3 1 0
github.com/xdzczk/nostrmash/internal/store/events.go:662.2,662.13 1 0
github.com/xdzczk/nostrmash/internal/store/events.go:662.13,664.3 1 0
github.com/xdzczk/nostrmash/internal/store/events.go:666.2,673.32 5 0
github.com/xdzczk/nostrmash/internal/store/events.go:673.32,681.17 4 0
github.com/xdzczk/nostrmash/internal/store/events.go:681.17,682.37 1 0
github.com/xdzczk/nostrmash/internal/store/events.go:682.37,683.10 1 0
github.com/xdzczk/nostrmash/internal/store/events.go:685.4,685.76 1 0
github.com/xdzczk/nostrmash/internal/store/events.go:687.3,688.21 2 0
github.com/xdzczk/nostrmash/internal/store/events.go:688.21,689.9 1 0
github.com/xdzczk/nostrmash/internal/store/events.go:691.3,691.41 1 0
github.com/xdzczk/nostrmash/internal/store/events.go:691.41,692.9 1 0
github.com/xdzczk/nostrmash/internal/store/events.go:694.3,696.20 3 0
github.com/xdzczk/nostrmash/internal/store/events.go:696.20,698.9 2 0
github.com/xdzczk/nostrmash/internal/store/events.go:700.3,700.21 1 0
github.com/xdzczk/nostrmash/internal/store/events.go:703.2,704.16 2 0
github.com/xdzczk/nostrmash/internal/store/events.go:704.16,706.3 1 0
github.com/xdzczk/nostrmash/internal/store/events.go:708.2,709.45 2 0
github.com/xdzczk/nostrmash/internal/store/events.go:709.45,712.10 3 0
github.com/xdzczk/nostrmash/internal/store/events.go:712.10,714.12 2 0
github.com/xdzczk/nostrmash/internal/store/events.go:716.3,716.37 1 0
github.com/xdzczk/nostrmash/internal/store/events.go:718.2,719.29 2 0
github.com/xdzczk/nostrmash/internal/store/events.go:719.29,721.3 1 0
github.com/xdzczk/nostrmash/internal/store/events.go:722.2,723.35 2 0
github.com/xdzczk/nostrmash/internal/store/events.go:728.99,729.31 1 0
github.com/xdzczk/nostrmash/internal/store/events.go:729.31,731.3 1 0
github.com/xdzczk/nostrmash/internal/store/events.go:732.2,732.48 1 0
github.com/xdzczk/nostrmash/internal/store/events.go:732.48,734.3 1 0
github.com/xdzczk/nostrmash/internal/store/events.go:735.2,735.51 1 0
github.com/xdzczk/nostrmash/internal/store/events.go:735.51,737.3 1 0
github.com/xdzczk/nostrmash/internal/store/events.go:739.2,740.21 2 0
github.com/xdzczk/nostrmash/internal/store/events.go:740.21,742.3 1 0
github.com/xdzczk/nostrmash/internal/store/events.go:744.2,754.16 2 0
github.com/xdzczk/nostrmash/internal/store/events.go:754.16,756.3 1 0
github.com/xdzczk/nostrmash/internal/store/events.go:757.2,757.12 1 0
github.com/xdzczk/nostrmash/internal/store/events.go:760.88,764.40 2 0
github.com/xdzczk/nostrmash/internal/store/events.go:764.40,766.3 1 0
github.com/xdzczk/nostrmash/internal/store/events.go:767.2,767.20 1 0
github.com/xdzczk/nostrmash/internal/store/events.go:771.96,772.31 1 0
github.com/xdzczk/nostrmash/internal/store/events.go:772.31,774.3 1 0
github.com/xdzczk/nostrmash/internal/store/events.go:775.2,780.16 2 0
github.com/xdzczk/nostrmash/internal/store/events.go:780.16,781.69 1 0
github.com/xdzczk/nostrmash/internal/store/events.go:781.69,787.4 1 0
github.com/xdzczk/nostrmash/internal/store/events.go:788.3,788.17 1 0
github.com/xdzczk/nostrmash/internal/store/events.go:788.17,790.4 1 0
github.com/xdzczk/nostrmash/internal/store/events.go:792.2,795.18 3 0
github.com/xdzczk/nostrmash/internal/store/events.go:795.18,807.17 2 0
github.com/xdzczk/nostrmash/internal/store/events.go:807.17,809.4 1 0
github.com/xdzczk/nostrmash/internal/store/events.go:810.3,810.25 1 0
github.com/xdzczk/nostrmash/internal/store/events.go:812.2,812.35 1 0
github.com/xdzczk/nostrmash/internal/store/events.go:812.35,814.3 1 0
github.com/xdzczk/nostrmash/internal/store/events.go:815.2,815.17 1 0
github.com/xdzczk/nostrmash/internal/store/events.go:819.72,821.34 2 0
github.com/xdzczk/nostrmash/internal/store/events.go:821.34,822.20 1 0
github.com/xdzczk/nostrmash/internal/store/events.go:822.20,823.12 1 0
github.com/xdzczk/nostrmash/internal/store/events.go:825.3,826.17 2 0
github.com/xdzczk/nostrmash/internal/store/events.go:826.17,828.12 1 0
github.com/xdzczk/nostrmash/internal/store/events.go:830.3,831.33 2 0
github.com/xdzczk/nostrmash/internal/store/events.go:831.33,840.4 1 0
github.com/xdzczk/nostrmash/internal/store/events.go:842.2,842.12 1 0
github.com/xdzczk/nostrmash/internal/store/migrations.go:32.80,34.16 2 0
github.com/xdzczk/nostrmash/internal/store/migrations.go:34.16,36.3 1 0
github.com/xdzczk/nostrmash/internal/store/migrations.go:37.2,38.28 2 0
github.com/xdzczk/nostrmash/internal/store/migrations.go:38.28,39.16 1 0
github.com/xdzczk/nostrmash/internal/store/migrations.go:39.16,40.12 1 0
github.com/xdzczk/nostrmash/internal/store/migrations.go:42.3,42.42 1 0
github.com/xdzczk/nostrmash/internal/store/migrations.go:42.42,44.4 1 0
github.com/xdzczk/nostrmash/internal/store/migrations.go:46.2,49.16 3 0
github.com/xdzczk/nostrmash/internal/store/migrations.go:49.16,51.3 1 0
github.com/xdzczk/nostrmash/internal/store/migrations.go:52.2,52.15 1 0
github.com/xdzczk/nostrmash/internal/store/migrations.go:52.15,52.39 1 0
github.com/xdzczk/nostrmash/internal/store/migrations.go:55.2,55.101 1 0
github.com/xdzczk/nostrmash/internal/store/migrations.go:55.101,57.3 1 0
github.com/xdzczk/nostrmash/internal/store/migrations.go:59.2,59.59 1 0
github.com/xdzczk/nostrmash/internal/store/migrations.go:59.59,61.3 1 0
github.com/xdzczk/nostrmash/internal/store/migrations.go:63.2,63.29 1 0
github.com/xdzczk/nostrmash/internal/store/migrations.go:63.29,66.17 3 0
github.com/xdzczk/nostrmash/internal/store/migrations.go:66.17,68.4 1 0
github.com/xdzczk/nostrmash/internal/store/migrations.go:69.3,77.17 5 0
github.com/xdzczk/nostrmash/internal/store/migrations.go:77.17,78.35 1 0
github.com/xdzczk/nostrmash/internal/store/migrations.go:78.35,80.5 1 0
github.com/xdzczk/nostrmash/internal/store/migrations.go:81.4,81.12 1 0
github.com/xdzczk/nostrmash/internal/store/migrations.go:83.3,83.37 1 0
github.com/xdzczk/nostrmash/internal/store/migrations.go:83.37,85.4 1 0
github.com/xdzczk/nostrmash/internal/store/migrations.go:87.3,87.55 1 0
github.com/xdzczk/nostrmash/internal/store/migrations.go:87.55,89.4 1 0
github.com/xdzczk/nostrmash/internal/store/migrations.go:90.3,98.17 2 0
github.com/xdzczk/nostrmash/internal/store/migrations.go:98.17,100.4 1 0
github.com/xdzczk/nostrmash/internal/store/migrations.go:103.2,103.23 1 0
github.com/xdzczk/nostrmash/internal/store/migrations.go:107.58,109.2 1 0
github.com/xdzczk/nostrmash/internal/store/parity_queries.go:37.128,38.31 1 0
github.com/xdzczk/nostrmash/internal/store/parity_queries.go:38.31,40.3 1 0
github.com/xdzczk/nostrmash/internal/store/parity_queries.go:41.2,42.18 2 0
github.com/xdzczk/nostrmash/internal/store/parity_queries.go:42.18,44.3 1 0
github.com/xdzczk/nostrmash/internal/store/parity_queries.go:45.2,45.16 1 0
github.com/xdzczk/nostrmash/internal/store/parity_queries.go:45.16,47.3 1 0
github.com/xdzczk/nostrmash/internal/store/parity_queries.go:48.2,48.17 1 0
github.com/xdzczk/nostrmash/internal/store/parity_queries.go:48.17,50.3 1 0
github.com/xdzczk/nostrmash/internal/store/parity_queries.go:51.2,52.16 2 0
github.com/xdzczk/nostrmash/internal/store/parity_queries.go:52.16,54.3 1 0
github.com/xdzczk/nostrmash/internal/store/parity_queries.go:55.2,72.16 3 0
github.com/xdzczk/nostrmash/internal/store/parity_queries.go:72.16,74.3 1 0
github.com/xdzczk/nostrmash/internal/store/parity_queries.go:75.2,77.18 3 0
github.com/xdzczk/nostrmash/internal/store/parity_queries.go:77.18,79.41 2 0
github.com/xdzczk/nostrmash/internal/store/parity_queries.go:79.41,81.4 1 0
github.com/xdzczk/nostrmash/internal/store/parity_queries.go:82.3,82.42 1 0
github.com/xdzczk/nostrmash/internal/store/parity_queries.go:84.2,84.35 1 0
github.com/xdzczk/nostrmash/internal/store/parity_queries.go:84.35,86.3 1 0
github.com/xdzczk/nostrmash/internal/store/parity_queries.go:87.2,87.17 1 0
github.com/xdzczk/nostrmash/internal/store/parity_queries.go:90.119,91.31 1 0
github.com/xdzczk/nostrmash/internal/store/parity_queries.go:91.31,93.3 1 0
github.com/xdzczk/nostrmash/internal/store/parity_queries.go:94.2,95.19 2 0
github.com/xdzczk/nostrmash/internal/store/parity_queries.go:95.19,97.3 1 0
github.com/xdzczk/nostrmash/internal/store/parity_queries.go:98.2,98.16 1 0
github.com/xdzczk/nostrmash/internal/store/parity_queries.go:98.16,100.3 1 0
github.com/xdzczk/nostrmash/internal/store/parity_queries.go:101.2,101.17 1 0
github.com/xdzczk/nostrmash/internal/store/parity_queries.go:101.17,103.3 1 0
github.com/xdzczk/nostrmash/internal/store/parity_queries.go:104.2,119.16 2 0
github.com/xdzczk/nostrmash/internal/store/parity_queries.go:119.16,121.3 1 0
github.com/xdzczk/nostrmash/internal/store/parity_queries.go:122.2,124.18 3 0
github.com/xdzczk/nostrmash/internal/store/parity_queries.go:124.18,126.41 2 0
github.com/xdzczk/nostrmash/internal/store/parity_queries.go:126.41,128.4 1 0
github.com/xdzczk/nostrmash/internal/store/parity_queries.go:129.3,129.42 1 0
github.com/xdzczk/nostrmash/internal/store/parity_queries.go:131.2,131.35 1 0
github.com/xdzczk/nostrmash/internal/store/parity_queries.go:131.35,133.3 1 0
github.com/xdzczk/nostrmash/internal/store/parity_queries.go:134.2,134.17 1 0
github.com/xdzczk/nostrmash/internal/store/parity_queries.go:137.122,138.31 1 0
github.com/xdzczk/nostrmash/internal/store/parity_queries.go:138.31,140.3 1 0
github.com/xdzczk/nostrmash/internal/store/parity_queries.go:141.2,143.50 3 0
github.com/xdzczk/nostrmash/internal/store/parity_queries.go:143.50,145.3 1 0
github.com/xdzczk/nostrmash/internal/store/parity_queries.go:146.2,154.16 3 0
github.com/xdzczk/nostrmash/internal/store/parity_queries.go:154.16,156.3 1 0
github.com/xdzczk/nostrmash/internal/store/parity_queries.go:157.2,157.20 1 0
github.com/xdzczk/nostrmash/internal/store/parity_queries.go:160.131,161.31 1 0
github.com/xdzczk/nostrmash/internal/store/parity_queries.go:161.31,163.3 1 0
github.com/xdzczk/nostrmash/internal/store/parity_queries.go:164.2,166.43 3 0
github.com/xdzczk/nostrmash/internal/store/parity_queries.go:166.43,168.3 1 0
github.com/xdzczk/nostrmash/internal/store/parity_queries.go:169.2,169.16 1 0
github.com/xdzczk/nostrmash/internal/store/parity_queries.go:169.16,171.3 1 0
github.com/xdzczk/nostrmash/internal/store/parity_queries.go:172.2,172.17 1 0
github.com/xdzczk/nostrmash/internal/store/parity_queries.go:172.17,174.3 1 0
github.com/xdzczk/nostrmash/internal/store/parity_queries.go:175.2,185.16 2 0
github.com/xdzczk/nostrmash/internal/store/parity_queries.go:185.16,187.3 1 0
github.com/xdzczk/nostrmash/internal/store/parity_queries.go:188.2,190.18 3 0
github.com/xdzczk/nostrmash/internal/store/parity_queries.go:190.18,192.44 2 0
github.com/xdzczk/nostrmash/internal/store/parity_queries.go:192.44,194.4 1 0
github.com/xdzczk/nostrmash/internal/store/parity_queries.go:195.3,195.28 1 0
github.com/xdzczk/nostrmash/internal/store/parity_queries.go:197.2,197.35 1 0
github.com/xdzczk/nostrmash/internal/store/parity_queries.go:197.35,199.3 1 0
github.com/xdzczk/nostrmash/internal/store/parity_queries.go:200.2,200.17 1 0
github.com/xdzczk/nostrmash/internal/store/parity_queries.go:203.115,204.31 1 0
github.com/xdzczk/nostrmash/internal/store/parity_queries.go:204.31,206.3 1 0
github.com/xdzczk/nostrmash/internal/store/parity_queries.go:207.2,208.18 2 0
github.com/xdzczk/nostrmash/internal/store/parity_queries.go:208.18,210.3 1 0
github.com/xdzczk/nostrmash/internal/store/parity_queries.go:211.2,211.16 1 0
github.com/xdzczk/nostrmash/internal/store/parity_queries.go:211.16,213.3 1 0
github.com/xdzczk/nostrmash/internal/store/parity_queries.go:214.2,214.17 1 0
github.com/xdzczk/nostrmash/internal/store/parity_queries.go:214.17,216.3 1 0
github.com/xdzczk/nostrmash/internal/store/parity_queries.go:217.2,248.16 2 0
github.com/xdzczk/nostrmash/internal/store/parity_queries.go:248.16,250.3 1 0
github.com/xdzczk/nostrmash/internal/store/parity_queries.go:251.2,253.18 3 0
github.com/xdzczk/nostrmash/internal/store/parity_queries.go:253.18,255.42 2 0
github.com/xdzczk/nostrmash/internal/store/parity_queries.go:255.42,257.4 1 0
github.com/xdzczk/nostrmash/internal/store/parity_queries.go:258.3,258.26 1 0
github.com/xdzczk/nostrmash/internal/store/parity_queries.go:260.2,260.35 1 0
github.com/xdzczk/nostrmash/internal/store/parity_queries.go:260.35,262.3 1 0
github.com/xdzczk/nostrmash/internal/store/parity_queries.go:263.2,263.17 1 0
github.com/xdzczk/nostrmash/internal/store/parity_queries.go:266.130,267.31 1 0
github.com/xdzczk/nostrmash/internal/store/parity_queries.go:267.31,269.3 1 0
github.com/xdzczk/nostrmash/internal/store/parity_queries.go:270.2,272.18 3 0
github.com/xdzczk/nostrmash/internal/store/parity_queries.go:272.18,274.3 1 0
github.com/xdzczk/nostrmash/internal/store/parity_queries.go:275.2,275.16 1 0
github.com/xdzczk/nostrmash/internal/store/parity_queries.go:275.16,277.3 1 0
github.com/xdzczk/nostrmash/internal/store/parity_queries.go:278.2,278.17 1 0
github.com/xdzczk/nostrmash/internal/store/parity_queries.go:278.17,280.3 1 0
github.com/xdzczk/nostrmash/internal/store/parity_queries.go:281.2,281.16 1 0
github.com/xdzczk/nostrmash/internal/store/parity_queries.go:281.16,299.17 2 0
github.com/xdzczk/nostrmash/internal/store/parity_queries.go:299.17,301.4 1 0
github.com/xdzczk/nostrmash/internal/store/parity_queries.go:302.3,304.19 3 0
github.com/xdzczk/nostrmash/internal/store/parity_queries.go:304.19,306.42 2 0
github.com/xdzczk/nostrmash/internal/store/parity_queries.go:306.42,308.5 1 0
github.com/xdzczk/nostrmash/internal/store/parity_queries.go:309.4,309.43 1 0
github.com/xdzczk/nostrmash/internal/store/parity_queries.go:311.3,311.36 1 0
github.com/xdzczk/nostrmash/internal/store/parity_queries.go:311.36,313.4 1 0
github.com/xdzczk/nostrmash/internal/store/parity_queries.go:314.3,314.18 1 0
github.com/xdzczk/nostrmash/internal/store/parity_queries.go:317.2,338.16 2 0
github.com/xdzczk/nostrmash/internal/store/parity_queries.go:338.16,340.3 1 0
github.com/xdzczk/nostrmash/internal/store/parity_queries.go:341.2,343.18 3 0
github.com/xdzczk/nostrmash/internal/store/parity_queries.go:343.18,345.41 2 0
github.com/xdzczk/nostrmash/internal/store/parity_queries.go:345.41,347.4 1 0
github.com/xdzczk/nostrmash/internal/store/parity_queries.go:348.3,348.42 1 0
github.com/xdzczk/nostrmash/internal/store/parity_queries.go:350.2,350.35 1 0
github.com/xdzczk/nostrmash/internal/store/parity_queries.go:350.35,352.3 1 0
github.com/xdzczk/nostrmash/internal/store/parity_queries.go:353.2,353.17 1 0
github.com/xdzczk/nostrmash/internal/store/parity_queries.go:364.30,365.31 1 0
github.com/xdzczk/nostrmash/internal/store/parity_queries.go:365.31,367.3 1 0
github.com/xdzczk/nostrmash/internal/store/parity_queries.go:368.2,370.32 3 0
github.com/xdzczk/nostrmash/internal/store/parity_queries.go:370.32,372.3 1 0
github.com/xdzczk/nostrmash/internal/store/parity_queries.go:373.2,373.15 1 0
github.com/xdzczk/nostrmash/internal/store/parity_queries.go:373.15,375.3 1 0
github.com/xdzczk/nostrmash/internal/store/parity_queries.go:376.2,376.16 1 0
github.com/xdzczk/nostrmash/internal/store/parity_queries.go:376.16,378.3 1 0
github.com/xdzczk/nostrmash/internal/store/parity_queries.go:379.2,379.16 1 0
github.com/xdzczk/nostrmash/internal/store/parity_queries.go:379.16,381.3 1 0
github.com/xdzczk/nostrmash/internal/store/parity_queries.go:382.2,382.17 1 0
github.com/xdzczk/nostrmash/internal/store/parity_queries.go:382.17,384.3 1 0
github.com/xdzczk/nostrmash/internal/store/parity_queries.go:385.2,385.16 1 0
github.com/xdzczk/nostrmash/internal/store/parity_queries.go:385.16,387.3 1 0
github.com/xdzczk/nostrmash/internal/store/parity_queries.go:388.2,411.16 2 0
github.com/xdzczk/nostrmash/internal/store/parity_queries.go:411.16,413.3 1 0
github.com/xdzczk/nostrmash/internal/store/parity_queries.go:414.2,416.18 3 0
github.com/xdzczk/nostrmash/internal/store/parity_queries.go:416.18,418.41 2 0
github.com/xdzczk/nostrmash/internal/store/parity_queries.go:418.41,420.4 1 0
github.com/xdzczk/nostrmash/internal/store/parity_queries.go:421.3,421.42 1 0
github.com/xdzczk/nostrmash/internal/store/parity_queries.go:423.2,423.35 1 0
github.com/xdzczk/nostrmash/internal/store/parity_queries.go:423.35,425.3 1 0
github.com/xdzczk/nostrmash/internal/store/parity_queries.go:426.2,426.17 1 0
github.com/xdzczk/nostrmash/internal/store/parity_queries.go:429.128,430.31 1 0
github.com/xdzczk/nostrmash/internal/store/parity_queries.go:430.31,432.3 1 0
github.com/xdzczk/nostrmash/internal/store/parity_queries.go:433.2,434.18 2 0
github.com/xdzczk/nostrmash/internal/store/parity_queries.go:434.18,436.3 1 0
github.com/xdzczk/nostrmash/internal/store/parity_queries.go:437.2,437.16 1 0
github.com/xdzczk/nostrmash/internal/store/parity_queries.go:437.16,439.3 1 0
github.com/xdzczk/nostrmash/internal/store/parity_queries.go:440.2,440.17 1 0
github.com/xdzczk/nostrmash/internal/store/parity_queries.go:440.17,442.3 1 0
github.com/xdzczk/nostrmash/internal/store/parity_queries.go:443.2,471.16 2 0
github.com/xdzczk/nostrmash/internal/store/parity_queries.go:471.16,473.3 1 0
github.com/xdzczk/nostrmash/internal/store/parity_queries.go:474.2,476.18 3 0
github.com/xdzczk/nostrmash/internal/store/parity_queries.go:476.18,478.41 2 0
github.com/xdzczk/nostrmash/internal/store/parity_queries.go:478.41,480.4 1 0
github.com/xdzczk/nostrmash/internal/store/parity_queries.go:481.3,481.42 1 0
github.com/xdzczk/nostrmash/internal/store/parity_queries.go:483.2,483.35 1 0
github.com/xdzczk/nostrmash/internal/store/parity_queries.go:483.35,485.3 1 0
github.com/xdzczk/nostrmash/internal/store/parity_queries.go:486.2,486.17 1 0
github.com/xdzczk/nostrmash/internal/store/parity_queries.go:489.115,490.31 1 0
github.com/xdzczk/nostrmash/internal/store/parity_queries.go:490.31,492.3 1 0
github.com/xdzczk/nostrmash/internal/store/parity_queries.go:493.2,495.20 3 0
github.com/xdzczk/nostrmash/internal/store/parity_queries.go:495.20,497.3 1 0
github.com/xdzczk/nostrmash/internal/store/parity_queries.go:498.2,499.18 2 0
github.com/xdzczk/nostrmash/internal/store/parity_queries.go:499.18,506.17 2 0
github.com/xdzczk/nostrmash/internal/store/parity_queries.go:506.17,508.4 1 0
github.com/xdzczk/nostrmash/internal/store/parity_queries.go:509.3,509.37 1 0
github.com/xdzczk/nostrmash/internal/store/parity_queries.go:509.37,511.4 1 0
github.com/xdzczk/nostrmash/internal/store/parity_queries.go:513.2,513.18 1 0
github.com/xdzczk/nostrmash/internal/store/parity_queries.go:513.18,520.17 2 0
github.com/xdzczk/nostrmash/internal/store/parity_queries.go:520.17,522.4 1 0
github.com/xdzczk/nostrmash/internal/store/parity_queries.go:523.3,523.37 1 0
github.com/xdzczk/nostrmash/internal/store/parity_queries.go:523.37,525.4 1 0
github.com/xdzczk/nostrmash/internal/store/parity_queries.go:528.2,557.16 2 0
github.com/xdzczk/nostrmash/internal/store/parity_queries.go:557.16,559.3 1 0
github.com/xdzczk/nostrmash/internal/store/parity_queries.go:560.2,560.19 1 0
github.com/xdzczk/nostrmash/internal/store/parity_queries.go:570.30,571.31 1 0
github.com/xdzczk/nostrmash/internal/store/parity_queries.go:571.31,573.3 1 0
github.com/xdzczk/nostrmash/internal/store/parity_queries.go:574.2,575.20 2 0
github.com/xdzczk/nostrmash/internal/store/parity_queries.go:575.20,577.3 1 0
github.com/xdzczk/nostrmash/internal/store/parity_queries.go:578.2,578.16 1 0
github.com/xdzczk/nostrmash/internal/store/parity_queries.go:578.16,580.3 1 0
github.com/xdzczk/nostrmash/internal/store/parity_queries.go:581.2,581.17 1 0
github.com/xdzczk/nostrmash/internal/store/parity_queries.go:581.17,583.3 1 0
github.com/xdzczk/nostrmash/internal/store/parity_queries.go:584.2,584.16 1 0
github.com/xdzczk/nostrmash/internal/store/parity_queries.go:584.16,586.3 1 0
github.com/xdzczk/nostrmash/internal/store/parity_queries.go:587.2,587.16 1 0
github.com/xdzczk/nostrmash/internal/store/parity_queries.go:587.16,589.3 1 0
github.com/xdzczk/nostrmash/internal/store/parity_queries.go:590.2,628.16 2 0
github.com/xdzczk/nostrmash/internal/store/parity_queries.go:628.16,630.3 1 0
github.com/xdzczk/nostrmash/internal/store/parity_queries.go:631.2,633.18 3 0
github.com/xdzczk/nostrmash/internal/store/parity_queries.go:633.18,635.41 2 0
github.com/xdzczk/nostrmash/internal/store/parity_queries.go:635.41,637.4 1 0
github.com/xdzczk/nostrmash/internal/store/parity_queries.go:638.3,638.42 1 0
github.com/xdzczk/nostrmash/internal/store/parity_queries.go:640.2,640.35 1 0
github.com/xdzczk/nostrmash/internal/store/parity_queries.go:640.35,642.3 1 0
github.com/xdzczk/nostrmash/internal/store/parity_queries.go:643.2,643.17 1 0
github.com/xdzczk/nostrmash/internal/store/parity_queries.go:646.108,647.31 1 0
github.com/xdzczk/nostrmash/internal/store/parity_queries.go:647.31,649.3 1 0
github.com/xdzczk/nostrmash/internal/store/parity_queries.go:650.2,652.36 3 0
github.com/xdzczk/nostrmash/internal/store/parity_queries.go:652.36,654.3 1 0
github.com/xdzczk/nostrmash/internal/store/parity_queries.go:656.2,657.16 2 0
github.com/xdzczk/nostrmash/internal/store/parity_queries.go:657.16,659.3 1 0
github.com/xdzczk/nostrmash/internal/store/parity_queries.go:660.2,660.15 1 0
github.com/xdzczk/nostrmash/internal/store/parity_queries.go:660.15,660.39 1 0
github.com/xdzczk/nostrmash/internal/store/parity_queries.go:662.2,669.54 2 0
github.com/xdzczk/nostrmash/internal/store/parity_queries.go:669.54,670.37 1 0
github.com/xdzczk/nostrmash/internal/store/parity_queries.go:670.37,672.4 1 0
github.com/xdzczk/nostrmash/internal/store/parity_queries.go:673.3,673.18 1 0
github.com/xdzczk/nostrmash/internal/store/parity_queries.go:675.2,675.21 1 0
github.com/xdzczk/nostrmash/internal/store/parity_queries.go:675.21,681.36 1 0
github.com/xdzczk/nostrmash/internal/store/parity_queries.go:681.36,683.4 1 0
github.com/xdzczk/nostrmash/internal/store/parity_queries.go:684.3,689.49 1 0
github.com/xdzczk/nostrmash/internal/store/parity_queries.go:689.49,691.4 1 0
github.com/xdzczk/nostrmash/internal/store/parity_queries.go:693.2,693.39 1 0
github.com/xdzczk/nostrmash/internal/store/parity_queries.go:693.39,695.3 1 0
github.com/xdzczk/nostrmash/internal/store/parity_queries.go:696.2,696.12 1 0
github.com/xdzczk/nostrmash/internal/store/parity_queries.go:699.94,700.31 1 0
github.com/xdzczk/nostrmash/internal/store/parity_queries.go:700.31,702.3 1 0
github.com/xdzczk/nostrmash/internal/store/parity_queries.go:703.2,704.20 2 0
github.com/xdzczk/nostrmash/internal/store/parity_queries.go:704.20,706.3 1 0
github.com/xdzczk/nostrmash/internal/store/parity_queries.go:707.2,712.16 2 0
github.com/xdzczk/nostrmash/internal/store/parity_queries.go:712.16,714.3 1 0
github.com/xdzczk/nostrmash/internal/store/parity_queries.go:715.2,715.12 1 0
github.com/xdzczk/nostrmash/internal/store/parity_queries.go:718.105,719.31 1 0
github.com/xdzczk/nostrmash/internal/store/parity_queries.go:719.31,721.3 1 0
github.com/xdzczk/nostrmash/internal/store/parity_queries.go:722.2,724.32 3 0
github.com/xdzczk/nostrmash/internal/store/parity_queries.go:724.32,726.3 1 0
github.com/xdzczk/nostrmash/internal/store/parity_queries.go:727.2,742.16 4 0
github.com/xdzczk/nostrmash/internal/store/parity_queries.go:742.16,743.36 1 0
github.com/xdzczk/nostrmash/internal/store/parity_queries.go:743.36,746.4 2 0
github.com/xdzczk/nostrmash/internal/store/parity_queries.go:746.9,748.4 1 0
github.com/xdzczk/nostrmash/internal/store/parity_queries.go:750.2,760.16 2 0
github.com/xdzczk/nostrmash/internal/store/parity_queries.go:760.16,762.3 1 0
github.com/xdzczk/nostrmash/internal/store/parity_queries.go:763.2,763.12 1 0
github.com/xdzczk/nostrmash/internal/store/parity_queries.go:766.107,767.31 1 0
github.com/xdzczk/nostrmash/internal/store/parity_queries.go:767.31,769.3 1 0
github.com/xdzczk/nostrmash/internal/store/parity_queries.go:770.2,771.18 2 0
github.com/xdzczk/nostrmash/internal/store/parity_queries.go:771.18,773.3 1 0
github.com/xdzczk/nostrmash/internal/store/parity_queries.go:774.2,786.16 2 0
github.com/xdzczk/nostrmash/internal/store/parity_queries.go:786.16,788.3 1 0
github.com/xdzczk/nostrmash/internal/store/parity_queries.go:789.2,791.18 3 0
github.com/xdzczk/nostrmash/internal/store/parity_queries.go:791.18,793.43 2 0
github.com/xdzczk/nostrmash/internal/store/parity_queries.go:793.43,795.4 1 0
github.com/xdzczk/nostrmash/internal/store/parity_queries.go:796.3,797.18 2 0
github.com/xdzczk/nostrmash/internal/store/parity_queries.go:797.18,799.4 1 0
github.com/xdzczk/nostrmash/internal/store/parity_queries.go:801.2,801.35 1 0
github.com/xdzczk/nostrmash/internal/store/parity_queries.go:801.35,803.3 1 0
github.com/xdzczk/nostrmash/internal/store/parity_queries.go:804.2,804.19 1 0
github.com/xdzczk/nostrmash/internal/store/parity_queries.go:804.19,806.3 1 0
github.com/xdzczk/nostrmash/internal/store/parity_queries.go:807.2,807.17 1 0
github.com/xdzczk/nostrmash/internal/store/parity_queries.go:810.133,813.41 3 0
github.com/xdzczk/nostrmash/internal/store/parity_queries.go:813.41,815.3 1 0
github.com/xdzczk/nostrmash/internal/store/parity_queries.go:816.2,819.16 4 0
github.com/xdzczk/nostrmash/internal/store/parity_queries.go:819.16,820.36 1 0
github.com/xdzczk/nostrmash/internal/store/parity_queries.go:820.36,822.4 1 0
github.com/xdzczk/nostrmash/internal/store/parity_queries.go:823.3,823.72 1 0
github.com/xdzczk/nostrmash/internal/store/parity_queries.go:825.2,836.16 2 0
github.com/xdzczk/nostrmash/internal/store/parity_queries.go:836.16,838.3 1 0
github.com/xdzczk/nostrmash/internal/store/parity_queries.go:839.2,846.18 4 0
github.com/xdzczk/nostrmash/internal/store/parity_queries.go:846.18,849.53 3 0
github.com/xdzczk/nostrmash/internal/store/parity_queries.go:849.53,851.4 1 0
github.com/xdzczk/nostrmash/internal/store/parity_queries.go:852.3,854.35 3 0
github.com/xdzczk/nostrmash/internal/store/parity_queries.go:854.35,855.12 1 0
github.com/xdzczk/nostrmash/internal/store/parity_queries.go:857.3,857.77 1 0
github.com/xdzczk/nostrmash/internal/store/parity_queries.go:859.2,859.35 1 0
github.com/xdzczk/nostrmash/internal/store/parity_queries.go:859.35,861.3 1 0
github.com/xdzczk/nostrmash/internal/store/parity_queries.go:862.2,863.32 2 0
github.com/xdzczk/nostrmash/internal/store/parity_queries.go:863.32,864.24 1 0
github.com/xdzczk/nostrmash/internal/store/parity_queries.go:865.12,866.52 1 0
github.com/xdzczk/nostrmash/internal/store/parity_queries.go:866.52,868.5 1 0
github.com/xdzczk/nostrmash/internal/store/parity_queries.go:869.12,870.47 1 0
github.com/xdzczk/nostrmash/internal/store/parity_queries.go:870.47,872.5 1 0
github.com/xdzczk/nostrmash/internal/store/parity_queries.go:873.20,875.20 2 0
github.com/xdzczk/nostrmash/internal/store/parity_queries.go:875.20,876.13 1 0
github.com/xdzczk/nostrmash/internal/store/parity_queries.go:878.4,878.46 1 0
github.com/xdzczk/nostrmash/internal/store/parity_queries.go:878.46,880.5 1 0
github.com/xdzczk/nostrmash/internal/store/parity_queries.go:881.11,882.12 1 0
github.com/xdzczk/nostrmash/internal/store/parity_queries.go:885.2,885.23 1 0
github.com/xdzczk/nostrmash/internal/store/parity_queries.go:888.141,889.31 1 0
github.com/xdzczk/nostrmash/internal/store/parity_queries.go:889.31,891.3 1 0
github.com/xdzczk/nostrmash/internal/store/parity_queries.go:892.2,893.18 2 0
github.com/xdzczk/nostrmash/internal/store/parity_queries.go:893.18,895.3 1 0
github.com/xdzczk/nostrmash/internal/store/parity_queries.go:896.2,896.15 1 0
github.com/xdzczk/nostrmash/internal/store/parity_queries.go:896.15,898.3 1 0
github.com/xdzczk/nostrmash/internal/store/parity_queries.go:899.2,899.16 1 0
github.com/xdzczk/nostrmash/internal/store/parity_queries.go:899.16,901.3 1 0
github.com/xdzczk/nostrmash/internal/store/parity_queries.go:902.2,902.17 1 0
github.com/xdzczk/nostrmash/internal/store/parity_queries.go:902.17,904.3 1 0
github.com/xdzczk/nostrmash/internal/store/parity_queries.go:905.2,914.16 2 0
github.com/xdzczk/nostrmash/internal/store/parity_queries.go:914.16,916.3 1 0
github.com/xdzczk/nostrmash/internal/store/parity_queries.go:917.2,919.18 3 0
github.com/xdzczk/nostrmash/internal/store/parity_queries.go:919.18,921.41 2 0
github.com/xdzczk/nostrmash/internal/store/parity_queries.go:921.41,923.4 1 0
github.com/xdzczk/nostrmash/internal/store/parity_queries.go:924.3,924.42 1 0
github.com/xdzczk/nostrmash/internal/store/parity_queries.go:926.2,926.35 1 0
github.com/xdzczk/nostrmash/internal/store/parity_queries.go:926.35,928.3 1 0
github.com/xdzczk/nostrmash/internal/store/parity_queries.go:929.2,929.17 1 0
github.com/xdzczk/nostrmash/internal/store/parity_queries.go:937.28,938.31 1 0
github.com/xdzczk/nostrmash/internal/store/parity_queries.go:938.31,940.3 1 0
github.com/xdzczk/nostrmash/internal/store/parity_queries.go:941.2,943.31 3 0
github.com/xdzczk/nostrmash/internal/store/parity_queries.go:943.31,945.3 1 0
github.com/xdzczk/nostrmash/internal/store/parity_queries.go:946.2,956.16 3 0
github.com/xdzczk/nostrmash/internal/store/parity_queries.go:956.16,957.36 1 0
github.com/xdzczk/nostrmash/internal/store/parity_queries.go:957.36,959.4 1 0
github.com/xdzczk/nostrmash/internal/store/parity_queries.go:960.3,960.73 1 0
github.com/xdzczk/nostrmash/internal/store/parity_queries.go:962.2,962.34 1 0
github.com/xdzczk/nostrmash/internal/store/parity_queries.go:965.141,966.31 1 0
github.com/xdzczk/nostrmash/internal/store/parity_queries.go:966.31,968.3 1 0
github.com/xdzczk/nostrmash/internal/store/parity_queries.go:969.2,970.15 2 0
github.com/xdzczk/nostrmash/internal/store/parity_queries.go:970.15,972.3 1 0
github.com/xdzczk/nostrmash/internal/store/parity_queries.go:973.2,973.16 1 0
github.com/xdzczk/nostrmash/internal/store/parity_queries.go:973.16,975.3 1 0
github.com/xdzczk/nostrmash/internal/store/parity_queries.go:976.2,976.17 1 0
github.com/xdzczk/nostrmash/internal/store/parity_queries.go:976.17,978.3 1 0
github.com/xdzczk/nostrmash/internal/store/parity_queries.go:979.2,988.16 2 0
github.com/xdzczk/nostrmash/internal/store/parity_queries.go:988.16,990.3 1 0
github.com/xdzczk/nostrmash/internal/store/parity_queries.go:991.2,993.18 3 0
github.com/xdzczk/nostrmash/internal/store/parity_queries.go:993.18,995.41 2 0
github.com/xdzczk/nostrmash/internal/store/parity_queries.go:995.41,997.4 1 0
github.com/xdzczk/nostrmash/internal/store/parity_queries.go:998.3,998.42 1 0
github.com/xdzczk/nostrmash/internal/store/parity_queries.go:1000.2,1000.35 1 0
github.com/xdzczk/nostrmash/internal/store/parity_queries.go:1000.35,1002.3 1 0
github.com/xdzczk/nostrmash/internal/store/parity_queries.go:1003.2,1003.17 1 0
github.com/xdzczk/nostrmash/internal/store/parity_queries.go:1006.84,1008.31 2 0
github.com/xdzczk/nostrmash/internal/store/parity_queries.go:1008.31,1010.3 1 0
github.com/xdzczk/nostrmash/internal/store/parity_queries.go:1011.2,1011.94 1 0
github.com/xdzczk/nostrmash/internal/store/parity_queries.go:1011.94,1013.3 1 0
github.com/xdzczk/nostrmash/internal/store/parity_queries.go:1014.2,1014.105 1 0
github.com/xdzczk/nostrmash/internal/store/parity_queries.go:1014.105,1016.3 1 0
github.com/xdzczk/nostrmash/internal/store/parity_queries.go:1017.2,1017.106 1 0
github.com/xdzczk/nostrmash/internal/store/parity_queries.go:1017.106,1019.3 1 0
github.com/xdzczk/nostrmash/internal/store/parity_queries.go:1020.2,1020.17 1 0
github.com/xdzczk/nostrmash/internal/store/parity_queries.go:1023.130,1024.31 1 0
github.com/xdzczk/nostrmash/internal/store/parity_queries.go:1024.31,1026.3 1 0
github.com/xdzczk/nostrmash/internal/store/parity_queries.go:1027.2,1029.42 3 0
github.com/xdzczk/nostrmash/internal/store/parity_queries.go:1029.42,1031.3 1 0
github.com/xdzczk/nostrmash/internal/store/parity_queries.go:1032.2,1032.16 1 0
github.com/xdzczk/nostrmash/internal/store/parity_queries.go:1032.16,1034.3 1 0
github.com/xdzczk/nostrmash/internal/store/parity_queries.go:1035.2,1035.17 1 0
github.com/xdzczk/nostrmash/internal/store/parity_queries.go:1035.17,1037.3 1 0
github.com/xdzczk/nostrmash/internal/store/parity_queries.go:1038.2,1044.9 3 0
github.com/xdzczk/nostrmash/internal/store/parity_queries.go:1044.9,1046.3 1 0
github.com/xdzczk/nostrmash/internal/store/parity_queries.go:1047.2,1047.40 1 0
github.com/xdzczk/nostrmash/internal/store/parity_queries.go:1047.40,1049.3 1 0
github.com/xdzczk/nostrmash/internal/store/parity_queries.go:1050.2,1052.16 3 0
github.com/xdzczk/nostrmash/internal/store/parity_queries.go:1052.16,1054.3 1 0
github.com/xdzczk/nostrmash/internal/store/parity_queries.go:1055.2,1057.18 3 0
github.com/xdzczk/nostrmash/internal/store/parity_queries.go:1057.18,1059.43 2 0
github.com/xdzczk/nostrmash/internal/store/parity_queries.go:1059.43,1061.4 1 0
github.com/xdzczk/nostrmash/internal/store/parity_queries.go:1062.3,1062.27 1 0
github.com/xdzczk/nostrmash/internal/store/parity_queries.go:1064.2,1064.35 1 0
github.com/xdzczk/nostrmash/internal/store/parity_queries.go:1064.35,1066.3 1 0
github.com/xdzczk/nostrmash/internal/store/parity_queries.go:1067.2,1067.17 1 0
github.com/xdzczk/nostrmash/internal/store/parity_queries.go:1070.118,1071.31 1 0
github.com/xdzczk/nostrmash/internal/store/parity_queries.go:1071.31,1073.3 1 0
github.com/xdzczk/nostrmash/internal/store/parity_queries.go:1074.2,1074.16 1 0
github.com/xdzczk/nostrmash/internal/store/parity_queries.go:1074.16,1076.3 1 0
github.com/xdzczk/nostrmash/internal/store/parity_queries.go:1077.2,1077.17 1 0
github.com/xdzczk/nostrmash/internal/store/parity_queries.go:1077.17,1079.3 1 0
github.com/xdzczk/nostrmash/internal/store/parity_queries.go:1080.2,1086.16 2 0
github.com/xdzczk/nostrmash/internal/store/parity_queries.go:1086.16,1088.3 1 0
github.com/xdzczk/nostrmash/internal/store/parity_queries.go:1089.2,1091.18 3 0
github.com/xdzczk/nostrmash/internal/store/parity_queries.go:1091.18,1093.82 2 0
github.com/xdzczk/nostrmash/internal/store/parity_queries.go:1093.82,1095.4 1 0
github.com/xdzczk/nostrmash/internal/store/parity_queries.go:1096.3,1096.25 1 0
github.com/xdzczk/nostrmash/internal/store/parity_queries.go:1098.2,1098.35 1 0
github.com/xdzczk/nostrmash/internal/store/parity_queries.go:1098.35,1100.3 1 0
github.com/xdzczk/nostrmash/internal/store/parity_queries.go:1101.2,1101.17 1 0
github.com/xdzczk/nostrmash/internal/store/parity_queries.go:1104.108,1105.31 1 0
github.com/xdzczk/nostrmash/internal/store/parity_queries.go:1105.31,1107.3 1 0
github.com/xdzczk/nostrmash/internal/store/parity_queries.go:1108.2,1108.16 1 0
github.com/xdzczk/nostrmash/internal/store/parity_queries.go:1108.16,1110.3 1 0
github.com/xdzczk/nostrmash/internal/store/parity_queries.go:1111.2,1111.17 1 0
github.com/xdzczk/nostrmash/internal/store/parity_queries.go:1111.17,1113.3 1 0
github.com/xdzczk/nostrmash/internal/store/parity_queries.go:1114.2,1120.16 2 0
github.com/xdzczk/nostrmash/internal/store/parity_queries.go:1120.16,1122.3 1 0
github.com/xdzczk/nostrmash/internal/store/parity_queries.go:1123.2,1125.18 3 0
github.com/xdzczk/nostrmash/internal/store/parity_queries.go:1125.18,1127.58 2 0
github.com/xdzczk/nostrmash/internal/store/parity_queries.go:1127.58,1129.4 1 0
github.com/xdzczk/nostrmash/internal/store/parity_queries.go:1130.3,1130.25 1 0
github.com/xdzczk/nostrmash/internal/store/parity_queries.go:1132.2,1132.35 1 0
github.com/xdzczk/nostrmash/internal/store/parity_queries.go:1132.35,1134.3 1 0
github.com/xdzczk/nostrmash/internal/store/parity_queries.go:1135.2,1135.17 1 0
github.com/xdzczk/nostrmash/internal/store/parity_queries.go:1138.116,1139.31 1 0
github.com/xdzczk/nostrmash/internal/store/parity_queries.go:1139.31,1141.3 1 0
github.com/xdzczk/nostrmash/internal/store/parity_queries.go:1142.2,1142.16 1 0
github.com/xdzczk/nostrmash/internal/store/parity_queries.go:1142.16,1144.3 1 0
github.com/xdzczk/nostrmash/internal/store/parity_queries.go:1145.2,1145.17 1 0
github.com/xdzczk/nostrmash/internal/store/parity_queries.go:1145.17,1147.3 1 0
github.com/xdzczk/nostrmash/internal/store/parity_queries.go:1148.2,1154.16 2 0
github.com/xdzczk/nostrmash/internal/store/parity_queries.go:1154.16,1156.3 1 0
github.com/xdzczk/nostrmash/internal/store/parity_queries.go:1157.2,1159.18 3 0
github.com/xdzczk/nostrmash/internal/store/parity_queries.go:1159.18,1161.59 2 0
github.com/xdzczk/nostrmash/internal/store/parity_queries.go:1161.59,1163.4 1 0
github.com/xdzczk/nostrmash/internal/store/parity_queries.go:1164.3,1164.25 1 0
github.com/xdzczk/nostrmash/internal/store/parity_queries.go:1166.2,1166.35 1 0
github.com/xdzczk/nostrmash/internal/store/parity_queries.go:1166.35,1168.3 1 0
github.com/xdzczk/nostrmash/internal/store/parity_queries.go:1169.2,1169.17 1 0
github.com/xdzczk/nostrmash/internal/store/parity_queries.go:1172.108,1173.31 1 0
github.com/xdzczk/nostrmash/internal/store/parity_queries.go:1173.31,1175.3 1 0
github.com/xdzczk/nostrmash/internal/store/parity_queries.go:1176.2,1177.18 2 0
github.com/xdzczk/nostrmash/internal/store/parity_queries.go:1177.18,1179.3 1 0
github.com/xdzczk/nostrmash/internal/store/parity_queries.go:1180.2,1190.16 2 0
github.com/xdzczk/nostrmash/internal/store/parity_queries.go:1190.16,1192.3 1 0
github.com/xdzczk/nostrmash/internal/store/parity_queries.go:1193.2,1195.18 3 0
github.com/xdzczk/nostrmash/internal/store/parity_queries.go:1195.18,1197.41 2 0
github.com/xdzczk/nostrmash/internal/store/parity_queries.go:1197.41,1199.4 1 0
github.com/xdzczk/nostrmash/internal/store/parity_queries.go:1200.3,1200.42 1 0
github.com/xdzczk/nostrmash/internal/store/parity_queries.go:1202.2,1202.35 1 0
github.com/xdzczk/nostrmash/internal/store/parity_queries.go:1202.35,1204.3 1 0
github.com/xdzczk/nostrmash/internal/store/parity_queries.go:1205.2,1205.17 1 0
github.com/xdzczk/nostrmash/internal/store/parity_queries.go:1208.101,1209.31 1 0
github.com/xdzczk/nostrmash/internal/store/parity_queries.go:1209.31,1211.3 1 0
github.com/xdzczk/nostrmash/internal/store/parity_queries.go:1212.2,1213.22 2 0
github.com/xdzczk/nostrmash/internal/store/parity_queries.go:1213.22,1215.3 1 0
github.com/xdzczk/nostrmash/internal/store/parity_queries.go:1216.2,1223.16 3 0
github.com/xdzczk/nostrmash/internal/store/parity_queries.go:1223.16,1224.36 1 0
github.com/xdzczk/nostrmash/internal/store/parity_queries.go:1224.36,1226.4 1 0
github.com/xdzczk/nostrmash/internal/store/parity_queries.go:1227.3,1227.61 1 0
github.com/xdzczk/nostrmash/internal/store/parity_queries.go:1229.2,1229.20 1 0
github.com/xdzczk/nostrmash/internal/store/parity_queries.go:1232.128,1233.31 1 0
github.com/xdzczk/nostrmash/internal/store/parity_queries.go:1233.31,1235.3 1 0
github.com/xdzczk/nostrmash/internal/store/parity_queries.go:1236.2,1238.38 3 0
github.com/xdzczk/nostrmash/internal/store/parity_queries.go:1238.38,1240.3 1 0
github.com/xdzczk/nostrmash/internal/store/parity_queries.go:1241.2,1253.16 2 0
github.com/xdzczk/nostrmash/internal/store/parity_queries.go:1253.16,1255.3 1 0
github.com/xdzczk/nostrmash/internal/store/parity_queries.go:1256.2,1258.18 3 0
github.com/xdzczk/nostrmash/internal/store/parity_queries.go:1258.18,1260.43 2 0
github.com/xdzczk/nostrmash/internal/store/parity_queries.go:1260.43,1262.4 1 0
github.com/xdzczk/nostrmash/internal/store/parity_queries.go:1263.3,1264.18 2 0
github.com/xdzczk/nostrmash/internal/store/parity_queries.go:1264.18,1266.4 1 0
github.com/xdzczk/nostrmash/internal/store/parity_queries.go:1268.2,1268.35 1 0
github.com/xdzczk/nostrmash/internal/store/parity_queries.go:1268.35,1270.3 1 0
github.com/xdzczk/nostrmash/internal/store/parity_queries.go:1271.2,1271.19 1 0
github.com/xdzczk/nostrmash/internal/store/parity_queries.go:1271.19,1273.3 1 0
github.com/xdzczk/nostrmash/internal/store/parity_queries.go:1274.2,1274.17 1 0
github.com/xdzczk/nostrmash/internal/store/parity_queries.go:1283.30,1284.31 1 0
github.com/xdzczk/nostrmash/internal/store/parity_queries.go:1284.31,1286.3 1 0
github.com/xdzczk/nostrmash/internal/store/parity_queries.go:1287.2,1289.51 3 0
github.com/xdzczk/nostrmash/internal/store/parity_queries.go:1289.51,1291.3 1 0
github.com/xdzczk/nostrmash/internal/store/parity_queries.go:1292.2,1292.16 1 0
github.com/xdzczk/nostrmash/internal/store/parity_queries.go:1292.16,1294.3 1 0
github.com/xdzczk/nostrmash/internal/store/parity_queries.go:1295.2,1295.17 1 0
github.com/xdzczk/nostrmash/internal/store/parity_queries.go:1295.17,1297.3 1 0
github.com/xdzczk/nostrmash/internal/store/parity_queries.go:1298.2,1308.16 2 0
github.com/xdzczk/nostrmash/internal/store/parity_queries.go:1308.16,1310.3 1 0
github.com/xdzczk/nostrmash/internal/store/parity_queries.go:1311.2,1313.18 3 0
github.com/xdzczk/nostrmash/internal/store/parity_queries.go:1313.18,1315.41 2 0
github.com/xdzczk/nostrmash/internal/store/parity_queries.go:1315.41,1317.4 1 0
github.com/xdzczk/nostrmash/internal/store/parity_queries.go:1318.3,1318.42 1 0
github.com/xdzczk/nostrmash/internal/store/parity_queries.go:1320.2,1320.35 1 0
github.com/xdzczk/nostrmash/internal/store/parity_queries.go:1320.35,1322.3 1 0
github.com/xdzczk/nostrmash/internal/store/parity_queries.go:1323.2,1323.17 1 0
github.com/xdzczk/nostrmash/internal/api/admin.go:55.16,57.47 2 0
github.com/xdzczk/nostrmash/internal/api/admin.go:57.47,59.20 2 0
github.com/xdzczk/nostrmash/internal/api/admin.go:59.20,60.12 1 0
github.com/xdzczk/nostrmash/internal/api/admin.go:62.3,62.33 1 0
github.com/xdzczk/nostrmash/internal/api/admin.go:64.2,65.24 2 0
github.com/xdzczk/nostrmash/internal/api/admin.go:65.24,67.3 1 0
github.com/xdzczk/nostrmash/internal/api/admin.go:68.2,77.3 1 0
github.com/xdzczk/nostrmash/internal/api/admin.go:84.59,86.2 1 6
github.com/xdzczk/nostrmash/internal/api/admin.go:88.74,90.16 2 1
github.com/xdzczk/nostrmash/internal/api/admin.go:90.16,93.3 2 0
github.com/xdzczk/nostrmash/internal/api/admin.go:94.2,94.63 1 1
github.com/xdzczk/nostrmash/internal/api/admin.go:97.72,99.16 2 1
github.com/xdzczk/nostrmash/internal/api/admin.go:99.16,102.3 2 0
github.com/xdzczk/nostrmash/internal/api/admin.go:103.2,104.16 2 1
github.com/xdzczk/nostrmash/internal/api/admin.go:104.16,107.3 2 0
github.com/xdzczk/nostrmash/internal/api/admin.go:108.2,108.35 1 1
github.com/xdzczk/nostrmash/internal/api/admin.go:111.81,113.16 2 0
github.com/xdzczk/nostrmash/internal/api/admin.go:113.16,116.3 2 0
github.com/xdzczk/nostrmash/internal/api/admin.go:117.2,118.16 2 0
github.com/xdzczk/nostrmash/internal/api/admin.go:118.16,121.3 2 0
github.com/xdzczk/nostrmash/internal/api/admin.go:122.2,122.35 1 0
github.com/xdzczk/nostrmash/internal/api/admin.go:125.76,127.16 2 0
github.com/xdzczk/nostrmash/internal/api/admin.go:127.16,130.3 2 0
github.com/xdzczk/nostrmash/internal/api/admin.go:131.2,132.16 2 0
github.com/xdzczk/nostrmash/internal/api/admin.go:132.16,135.3 2 0
github.com/xdzczk/nostrmash/internal/api/admin.go:136.2,136.63 1 0
github.com/xdzczk/nostrmash/internal/api/admin.go:139.79,141.67 2 2
github.com/xdzczk/nostrmash/internal/api/admin.go:141.67,143.3 1 1
github.com/xdzczk/nostrmash/internal/api/admin.go:145.2,157.16 3 1
github.com/xdzczk/nostrmash/internal/api/admin.go:157.16,160.3 2 0
github.com/xdzczk/nostrmash/internal/api/admin.go:161.2,161.40 1 1
github.com/xdzczk/nostrmash/internal/api/admin.go:164.75,166.16 2 0
github.com/xdzczk/nostrmash/internal/api/admin.go:166.16,169.3 2 0
github.com/xdzczk/nostrmash/internal/api/admin.go:170.2,170.35 1 0
github.com/xdzczk/nostrmash/internal/api/admin.go:173.74,175.16 2 0
github.com/xdzczk/nostrmash/internal/api/admin.go:175.16,178.3 2 0
github.com/xdzczk/nostrmash/internal/api/admin.go:179.2,179.35 1 0
github.com/xdzczk/nostrmash/internal/api/admin.go:182.86,184.16 2 1
github.com/xdzczk/nostrmash/internal/api/admin.go:184.16,187.3 2 0
github.com/xdzczk/nostrmash/internal/api/admin.go:188.2,188.67 1 1
github.com/xdzczk/nostrmash/internal/api/admin.go:230.82,237.16 2 0
github.com/xdzczk/nostrmash/internal/api/admin.go:237.16,238.69 1 0
github.com/xdzczk/nostrmash/internal/api/admin.go:238.69,246.4 1 0
github.com/xdzczk/nostrmash/internal/api/admin.go:247.3,247.17 1 0
github.com/xdzczk/nostrmash/internal/api/admin.go:247.17,249.4 1 0
github.com/xdzczk/nostrmash/internal/api/admin.go:251.2,254.46 3 0
github.com/xdzczk/nostrmash/internal/api/admin.go:254.46,256.20 2 0
github.com/xdzczk/nostrmash/internal/api/admin.go:256.20,257.12 1 0
github.com/xdzczk/nostrmash/internal/api/admin.go:259.3,264.4 1 0
github.com/xdzczk/nostrmash/internal/api/admin.go:267.2,267.18 1 0
github.com/xdzczk/nostrmash/internal/api/admin.go:267.18,284.17 2 0
github.com/xdzczk/nostrmash/internal/api/admin.go:284.17,286.4 1 0
github.com/xdzczk/nostrmash/internal/api/admin.go:287.3,289.10 3 0
github.com/xdzczk/nostrmash/internal/api/admin.go:289.10,295.4 2 0
github.com/xdzczk/nostrmash/internal/api/admin.go:296.3,312.95 2 0
github.com/xdzczk/nostrmash/internal/api/admin.go:312.95,315.4 2 0
github.com/xdzczk/nostrmash/internal/api/admin.go:317.2,317.35 1 0
github.com/xdzczk/nostrmash/internal/api/admin.go:317.35,319.3 1 0
github.com/xdzczk/nostrmash/internal/api/admin.go:321.2,322.40 2 0
github.com/xdzczk/nostrmash/internal/api/admin.go:322.40,323.79 1 0
github.com/xdzczk/nostrmash/internal/api/admin.go:323.79,324.56 1 0
github.com/xdzczk/nostrmash/internal/api/admin.go:324.56,326.5 1 0
github.com/xdzczk/nostrmash/internal/api/admin.go:327.4,327.56 1 0
github.com/xdzczk/nostrmash/internal/api/admin.go:329.3,329.39 1 0
github.com/xdzczk/nostrmash/internal/api/admin.go:331.2,331.57 1 0
github.com/xdzczk/nostrmash/internal/api/admin.go:331.57,333.3 1 0
github.com/xdzczk/nostrmash/internal/api/admin.go:334.2,334.20 1 0
github.com/xdzczk/nostrmash/internal/api/admin.go:337.62,340.2 2 0
github.com/xdzczk/nostrmash/internal/api/admin.go:363.91,378.16 3 0
github.com/xdzczk/nostrmash/internal/api/admin.go:378.16,380.3 1 0
github.com/xdzczk/nostrmash/internal/api/admin.go:381.2,381.23 1 0
github.com/xdzczk/nostrmash/internal/api/admin.go:381.23,384.57 3 0
github.com/xdzczk/nostrmash/internal/api/admin.go:384.57,387.4 2 0
github.com/xdzczk/nostrmash/internal/api/admin.go:388.3,388.49 1 0
github.com/xdzczk/nostrmash/internal/api/admin.go:390.2,390.40 1 0
github.com/xdzczk/nostrmash/internal/api/admin.go:390.40,393.3 2 0
github.com/xdzczk/nostrmash/internal/api/admin.go:394.2,400.36 2 0
github.com/xdzczk/nostrmash/internal/api/admin.go:400.36,402.3 1 0
github.com/xdzczk/nostrmash/internal/api/admin.go:404.2,409.45 2 0
github.com/xdzczk/nostrmash/internal/api/admin.go:409.45,411.3 1 0
github.com/xdzczk/nostrmash/internal/api/admin.go:412.2,412.62 1 0
github.com/xdzczk/nostrmash/internal/api/admin.go:412.62,414.3 1 0
github.com/xdzczk/nostrmash/internal/api/admin.go:416.2,422.16 2 0
github.com/xdzczk/nostrmash/internal/api/admin.go:422.16,424.3 1 0
github.com/xdzczk/nostrmash/internal/api/admin.go:425.2,426.24 2 0
github.com/xdzczk/nostrmash/internal/api/admin.go:426.24,441.17 3 0
github.com/xdzczk/nostrmash/internal/api/admin.go:441.17,443.4 1 0
github.com/xdzczk/nostrmash/internal/api/admin.go:444.3,448.42 5 0
github.com/xdzczk/nostrmash/internal/api/admin.go:450.2,450.41 1 0
github.com/xdzczk/nostrmash/internal/api/admin.go:450.41,452.3 1 0
github.com/xdzczk/nostrmash/internal/api/admin.go:453.2,453.18 1 0
github.com/xdzczk/nostrmash/internal/api/admin.go:472.109,477.102 2 0
github.com/xdzczk/nostrmash/internal/api/admin.go:477.102,479.3 1 0
github.com/xdzczk/nostrmash/internal/api/admin.go:480.2,484.41 1 0
github.com/xdzczk/nostrmash/internal/api/admin.go:484.41,486.3 1 0
github.com/xdzczk/nostrmash/internal/api/admin.go:488.2,494.16 2 0
github.com/xdzczk/nostrmash/internal/api/admin.go:494.16,496.3 1 0
github.com/xdzczk/nostrmash/internal/api/admin.go:497.2,497.24 1 0
github.com/xdzczk/nostrmash/internal/api/admin.go:497.24,500.56 3 0
github.com/xdzczk/nostrmash/internal/api/admin.go:500.56,503.4 2 0
github.com/xdzczk/nostrmash/internal/api/admin.go:504.3,504.33 1 0
github.com/xdzczk/nostrmash/internal/api/admin.go:506.2,506.41 1 0
github.com/xdzczk/nostrmash/internal/api/admin.go:506.41,509.3 2 0
github.com/xdzczk/nostrmash/internal/api/admin.go:510.2,518.16 3 0
github.com/xdzczk/nostrmash/internal/api/admin.go:518.16,520.3 1 0
github.com/xdzczk/nostrmash/internal/api/admin.go:521.2,522.23 2 0
github.com/xdzczk/nostrmash/internal/api/admin.go:522.23,532.17 3 0
github.com/xdzczk/nostrmash/internal/api/admin.go:532.17,534.4 1 0
github.com/xdzczk/nostrmash/internal/api/admin.go:535.3,536.28 2 0
github.com/xdzczk/nostrmash/internal/api/admin.go:536.28,539.4 2 0
github.com/xdzczk/nostrmash/internal/api/admin.go:540.3,540.40 1 0
github.com/xdzczk/nostrmash/internal/api/admin.go:542.2,542.40 1 0
github.com/xdzczk/nostrmash/internal/api/admin.go:542.40,544.3 1 0
github.com/xdzczk/nostrmash/internal/api/admin.go:545.2,545.18 1 0
github.com/xdzczk/nostrmash/internal/api/admin.go:561.103,582.16 2 0
github.com/xdzczk/nostrmash/internal/api/admin.go:582.16,584.3 1 0
github.com/xdzczk/nostrmash/internal/api/admin.go:585.2,587.18 3 0
github.com/xdzczk/nostrmash/internal/api/admin.go:587.18,589.17 2 0
github.com/xdzczk/nostrmash/internal/api/admin.go:589.17,591.4 1 0
github.com/xdzczk/nostrmash/internal/api/admin.go:592.3,592.25 1 0
github.com/xdzczk/nostrmash/internal/api/admin.go:594.2,594.35 1 0
github.com/xdzczk/nostrmash/internal/api/admin.go:594.35,596.3 1 0
github.com/xdzczk/nostrmash/internal/api/admin.go:597.2,597.17 1 0
github.com/xdzczk/nostrmash/internal/api/admin.go:600.143,602.16 2 0
github.com/xdzczk/nostrmash/internal/api/admin.go:602.16,604.3 1 0
github.com/xdzczk/nostrmash/internal/api/admin.go:605.2,605.36 1 0
github.com/xdzczk/nostrmash/internal/api/admin.go:632.86,638.43 2 0
github.com/xdzczk/nostrmash/internal/api/admin.go:638.43,640.3 1 0
github.com/xdzczk/nostrmash/internal/api/admin.go:641.2,641.49 1 0
github.com/xdzczk/nostrmash/internal/api/admin.go:641.49,643.113 2 0
github.com/xdzczk/nostrmash/internal/api/admin.go:643.113,645.4 1 0
github.com/xdzczk/nostrmash/internal/api/admin.go:646.3,649.47 2 0
github.com/xdzczk/nostrmash/internal/api/admin.go:649.47,651.4 1 0
github.com/xdzczk/nostrmash/internal/api/admin.go:652.3,653.24 2 0
github.com/xdzczk/nostrmash/internal/api/admin.go:653.24,655.4 1 0
github.com/xdzczk/nostrmash/internal/api/admin.go:656.3,660.5 1 0
github.com/xdzczk/nostrmash/internal/api/admin.go:662.2,662.18 1 0
github.com/xdzczk/nostrmash/internal/api/admin.go:689.84,716.2 14 0
github.com/xdzczk/nostrmash/internal/api/admin.go:728.109,748.16 2 0
github.com/xdzczk/nostrmash/internal/api/admin.go:748.16,750.3 1 0
github.com/xdzczk/nostrmash/internal/api/admin.go:751.2,754.18 3 0
github.com/xdzczk/nostrmash/internal/api/admin.go:754.18,763.17 2 0
github.com/xdzczk/nostrmash/internal/api/admin.go:763.17,765.4 1 0
github.com/xdzczk/nostrmash/internal/api/admin.go:766.3,767.45 2 0
github.com/xdzczk/nostrmash/internal/api/admin.go:767.45,769.4 1 0
github.com/xdzczk/nostrmash/internal/api/admin.go:770.3,771.25 2 0
github.com/xdzczk/nostrmash/internal/api/admin.go:773.2,773.35 1 0
github.com/xdzczk/nostrmash/internal/api/admin.go:773.35,775.3 1 0
github.com/xdzczk/nostrmash/internal/api/admin.go:776.2,776.17 1 0
github.com/xdzczk/nostrmash/internal/api/admin.go:779.101,799.16 5 0
github.com/xdzczk/nostrmash/internal/api/admin.go:799.16,801.3 1 0
github.com/xdzczk/nostrmash/internal/api/admin.go:802.2,802.25 1 0
github.com/xdzczk/nostrmash/internal/api/admin.go:802.25,804.3 1 0
github.com/xdzczk/nostrmash/internal/api/admin.go:805.2,805.24 1 0
github.com/xdzczk/nostrmash/internal/api/admin.go:805.24,807.3 1 0
github.com/xdzczk/nostrmash/internal/api/admin.go:808.2,808.26 1 0
github.com/xdzczk/nostrmash/internal/api/admin.go:808.26,811.3 2 0
github.com/xdzczk/nostrmash/internal/api/admin.go:812.2,812.27 1 0
github.com/xdzczk/nostrmash/internal/api/admin.go:812.27,815.3 2 0
github.com/xdzczk/nostrmash/internal/api/admin.go:816.2,816.17 1 0
github.com/xdzczk/nostrmash/internal/api/admin.go:819.85,832.2 1 0
github.com/xdzczk/nostrmash/internal/api/body_limit.go:21.8,22.18 1 6
github.com/xdzczk/nostrmash/internal/api/body_limit.go:22.18,24.3 1 6
github.com/xdzczk/nostrmash/internal/api/body_limit.go:25.2,26.21 2 6
github.com/xdzczk/nostrmash/internal/api/body_limit.go:26.21,28.3 1 2
github.com/xdzczk/nostrmash/internal/api/body_limit.go:29.2,29.44 1 6
github.com/xdzczk/nostrmash/internal/api/body_limit.go:29.44,31.35 2 3
github.com/xdzczk/nostrmash/internal/api/body_limit.go:31.35,34.4 2 3
github.com/xdzczk/nostrmash/internal/api/body_limit.go:35.3,36.15 2 0
github.com/xdzczk/nostrmash/internal/api/body_limit.go:38.2,39.53 2 3
github.com/xdzczk/nostrmash/internal/api/body_limit.go:39.53,42.3 2 0
github.com/xdzczk/nostrmash/internal/api/body_limit.go:43.2,43.13 1 3
github.com/xdzczk/nostrmash/internal/api/handlers.go:21.53,23.2 1 0
github.com/xdzczk/nostrmash/internal/api/handlers.go:26.49,27.54 1 1
github.com/xdzczk/nostrmash/internal/api/handlers.go:27.54,28.18 1 1
github.com/xdzczk/nostrmash/internal/api/handlers.go:28.18,31.4 2 1
github.com/xdzczk/nostrmash/internal/api/handlers.go:32.3,35.40 3 0
github.com/xdzczk/nostrmash/internal/api/handlers.go:35.40,38.4 2 0
github.com/xdzczk/nostrmash/internal/api/handlers.go:39.3,39.68 1 0
github.com/xdzczk/nostrmash/internal/api/handlers.go:50.64,51.23 1 15
github.com/xdzczk/nostrmash/internal/api/handlers.go:51.23,53.3 1 0
github.com/xdzczk/nostrmash/internal/api/handlers.go:54.2,54.59 1 15
github.com/xdzczk/nostrmash/internal/api/handlers.go:57.72,59.19 2 2
github.com/xdzczk/nostrmash/internal/api/handlers.go:59.19,62.3 2 0
github.com/xdzczk/nostrmash/internal/api/handlers.go:63.2,64.16 2 2
github.com/xdzczk/nostrmash/internal/api/handlers.go:64.16,65.40 1 1
github.com/xdzczk/nostrmash/internal/api/handlers.go:65.40,68.4 2 1
github.com/xdzczk/nostrmash/internal/api/handlers.go:69.3,70.9 2 0
github.com/xdzczk/nostrmash/internal/api/handlers.go:72.2,73.62 2 1
github.com/xdzczk/nostrmash/internal/api/handlers.go:73.62,76.3 2 0
github.com/xdzczk/nostrmash/internal/api/handlers.go:77.2,78.37 2 1
github.com/xdzczk/nostrmash/internal/api/handlers.go:78.37,83.3 1 1
github.com/xdzczk/nostrmash/internal/api/handlers.go:84.2,90.4 1 1
github.com/xdzczk/nostrmash/internal/api/handlers.go:102.74,104.74 2 3
github.com/xdzczk/nostrmash/internal/api/handlers.go:104.74,106.3 1 1
github.com/xdzczk/nostrmash/internal/api/handlers.go:108.2,108.23 1 2
github.com/xdzczk/nostrmash/internal/api/handlers.go:108.23,111.3 2 0
github.com/xdzczk/nostrmash/internal/api/handlers.go:112.2,112.35 1 2
github.com/xdzczk/nostrmash/internal/api/handlers.go:112.35,121.3 2 1
github.com/xdzczk/nostrmash/internal/api/handlers.go:123.2,125.29 3 1
github.com/xdzczk/nostrmash/internal/api/handlers.go:125.29,127.20 2 3
github.com/xdzczk/nostrmash/internal/api/handlers.go:127.20,128.12 1 0
github.com/xdzczk/nostrmash/internal/api/handlers.go:130.3,130.33 1 3
github.com/xdzczk/nostrmash/internal/api/handlers.go:130.33,131.12 1 0
github.com/xdzczk/nostrmash/internal/api/handlers.go:133.3,134.49 2 3
github.com/xdzczk/nostrmash/internal/api/handlers.go:136.2,136.29 1 1
github.com/xdzczk/nostrmash/internal/api/handlers.go:136.29,139.3 2 0
github.com/xdzczk/nostrmash/internal/api/handlers.go:141.2,142.16 2 1
github.com/xdzczk/nostrmash/internal/api/handlers.go:142.16,145.3 2 0
github.com/xdzczk/nostrmash/internal/api/handlers.go:147.2,151.35 2 1
github.com/xdzczk/nostrmash/internal/api/handlers.go:151.35,153.10 2 3
github.com/xdzczk/nostrmash/internal/api/handlers.go:153.10,155.12 2 1
github.com/xdzczk/nostrmash/internal/api/handlers.go:157.3,157.41 1 2
github.com/xdzczk/nostrmash/internal/api/handlers.go:159.2,160.35 2 1
github.com/xdzczk/nostrmash/internal/api/handlers.go:173.74,175.19 2 1
github.com/xdzczk/nostrmash/internal/api/handlers.go:175.19,178.3 2 0
github.com/xdzczk/nostrmash/internal/api/handlers.go:179.2,180.16 2 1
github.com/xdzczk/nostrmash/internal/api/handlers.go:180.16,181.40 1 0
github.com/xdzczk/nostrmash/internal/api/handlers.go:181.40,184.4 2 0
github.com/xdzczk/nostrmash/internal/api/handlers.go:185.3,186.9 2 0
github.com/xdzczk/nostrmash/internal/api/handlers.go:189.2,193.31 2 1
github.com/xdzczk/nostrmash/internal/api/handlers.go:193.31,198.3 1 1
github.com/xdzczk/nostrmash/internal/api/handlers.go:199.2,199.35 1 1
github.com/xdzczk/nostrmash/internal/api/handlers.go:209.78,211.18 2 0
github.com/xdzczk/nostrmash/internal/api/handlers.go:211.18,214.3 2 0
github.com/xdzczk/nostrmash/internal/api/handlers.go:215.2,216.16 2 0
github.com/xdzczk/nostrmash/internal/api/handlers.go:216.16,217.40 1 0
github.com/xdzczk/nostrmash/internal/api/handlers.go:217.40,220.4 2 0
github.com/xdzczk/nostrmash/internal/api/handlers.go:221.3,222.9 2 0
github.com/xdzczk/nostrmash/internal/api/handlers.go:224.2,229.4 1 0
github.com/xdzczk/nostrmash/internal/api/handlers.go:241.76,243.74 2 1
github.com/xdzczk/nostrmash/internal/api/handlers.go:243.74,245.3 1 1
github.com/xdzczk/nostrmash/internal/api/handlers.go:246.2,246.27 1 0
github.com/xdzczk/nostrmash/internal/api/handlers.go:246.27,249.3 2 0
github.com/xdzczk/nostrmash/internal/api/handlers.go:250.2,250.39 1 0
github.com/xdzczk/nostrmash/internal/api/handlers.go:250.39,259.3 2 0
github.com/xdzczk/nostrmash/internal/api/handlers.go:261.2,263.37 3 0
github.com/xdzczk/nostrmash/internal/api/handlers.go:263.37,265.20 2 0
github.com/xdzczk/nostrmash/internal/api/handlers.go:265.20,266.12 1 0
github.com/xdzczk/nostrmash/internal/api/handlers.go:268.3,268.33 1 0
github.com/xdzczk/nostrmash/internal/api/handlers.go:268.33,269.12 1 0
github.com/xdzczk/nostrmash/internal/api/handlers.go:271.3,272.57 2 0
github.com/xdzczk/nostrmash/internal/api/handlers.go:274.2,274.33 1 0
github.com/xdzczk/nostrmash/internal/api/handlers.go:274.33,277.3 2 0
github.com/xdzczk/nostrmash/internal/api/handlers.go:279.2,280.16 2 0
github.com/xdzczk/nostrmash/internal/api/handlers.go:280.16,283.3 2 0
github.com/xdzczk/nostrmash/internal/api/handlers.go:285.2,289.43 2 0
github.com/xdzczk/nostrmash/internal/api/handlers.go:289.43,291.10 2 0
github.com/xdzczk/nostrmash/internal/api/handlers.go:291.10,293.12 2 0
github.com/xdzczk/nostrmash/internal/api/handlers.go:295.3,300.5 1 0
github.com/xdzczk/nostrmash/internal/api/handlers.go:302.2,303.35 2 0
github.com/xdzczk/nostrmash/internal/api/handlers.go:307.75,309.18 2 1
github.com/xdzczk/nostrmash/internal/api/handlers.go:309.18,312.3 2 0
github.com/xdzczk/nostrmash/internal/api/handlers.go:313.2,314.16 2 1
github.com/xdzczk/nostrmash/internal/api/handlers.go:314.16,317.3 2 0
github.com/xdzczk/nostrmash/internal/api/handlers.go:318.2,319.16 2 1
github.com/xdzczk/nostrmash/internal/api/handlers.go:319.16,322.3 2 0
github.com/xdzczk/nostrmash/internal/api/handlers.go:323.2,326.4 1 1
github.com/xdzczk/nostrmash/internal/api/handlers.go:330.76,332.18 2 1
github.com/xdzczk/nostrmash/internal/api/handlers.go:332.18,335.3 2 0
github.com/xdzczk/nostrmash/internal/api/handlers.go:336.2,337.16 2 1
github.com/xdzczk/nostrmash/internal/api/handlers.go:337.16,340.3 2 0
github.com/xdzczk/nostrmash/internal/api/handlers.go:341.2,342.16 2 1
github.com/xdzczk/nostrmash/internal/api/handlers.go:342.16,345.3 2 0
github.com/xdzczk/nostrmash/internal/api/handlers.go:346.2,349.4 1 1
github.com/xdzczk/nostrmash/internal/api/handlers.go:353.74,355.19 2 1
github.com/xdzczk/nostrmash/internal/api/handlers.go:355.19,358.3 2 0
github.com/xdzczk/nostrmash/internal/api/handlers.go:359.2,360.16 2 1
github.com/xdzczk/nostrmash/internal/api/handlers.go:360.16,363.3 2 0
github.com/xdzczk/nostrmash/internal/api/handlers.go:364.2,370.4 1 1
github.com/xdzczk/nostrmash/internal/api/handlers.go:374.75,376.19 2 1
github.com/xdzczk/nostrmash/internal/api/handlers.go:376.19,379.3 2 0
github.com/xdzczk/nostrmash/internal/api/handlers.go:380.2,381.16 2 1
github.com/xdzczk/nostrmash/internal/api/handlers.go:381.16,384.3 2 0
github.com/xdzczk/nostrmash/internal/api/handlers.go:385.2,386.16 2 1
github.com/xdzczk/nostrmash/internal/api/handlers.go:386.16,389.3 2 0
github.com/xdzczk/nostrmash/internal/api/handlers.go:391.2,392.16 2 1
github.com/xdzczk/nostrmash/internal/api/handlers.go:392.16,393.40 1 0
github.com/xdzczk/nostrmash/internal/api/handlers.go:393.40,396.4 2 0
github.com/xdzczk/nostrmash/internal/api/handlers.go:397.3,398.9 2 0
github.com/xdzczk/nostrmash/internal/api/handlers.go:401.2,402.16 2 1
github.com/xdzczk/nostrmash/internal/api/handlers.go:402.16,405.3 2 0
github.com/xdzczk/nostrmash/internal/api/handlers.go:406.2,411.4 1 1
github.com/xdzczk/nostrmash/internal/api/handlers.go:415.77,417.19 2 1
github.com/xdzczk/nostrmash/internal/api/handlers.go:417.19,420.3 2 0
github.com/xdzczk/nostrmash/internal/api/handlers.go:421.2,422.16 2 1
github.com/xdzczk/nostrmash/internal/api/handlers.go:422.16,425.3 2 0
github.com/xdzczk/nostrmash/internal/api/handlers.go:427.2,428.16 2 1
github.com/xdzczk/nostrmash/internal/api/handlers.go:428.16,429.40 1 0
github.com/xdzczk/nostrmash/internal/api/handlers.go:429.40,432.4 2 0
github.com/xdzczk/nostrmash/internal/api/handlers.go:433.3,434.9 2 0
github.com/xdzczk/nostrmash/internal/api/handlers.go:436.2,441.4 1 1
github.com/xdzczk/nostrmash/internal/api/handlers.go:445.69,447.19 2 0
github.com/xdzczk/nostrmash/internal/api/handlers.go:447.19,450.3 2 0
github.com/xdzczk/nostrmash/internal/api/handlers.go:452.2,453.16 2 0
github.com/xdzczk/nostrmash/internal/api/handlers.go:453.16,454.40 1 0
github.com/xdzczk/nostrmash/internal/api/handlers.go:454.40,457.4 2 0
github.com/xdzczk/nostrmash/internal/api/handlers.go:458.3,459.9 2 0
github.com/xdzczk/nostrmash/internal/api/handlers.go:462.2,463.16 2 0
github.com/xdzczk/nostrmash/internal/api/handlers.go:463.16,466.3 2 0
github.com/xdzczk/nostrmash/internal/api/handlers.go:467.2,468.16 2 0
github.com/xdzczk/nostrmash/internal/api/handlers.go:468.16,471.3 2 0
github.com/xdzczk/nostrmash/internal/api/handlers.go:472.2,473.16 2 0
github.com/xdzczk/nostrmash/internal/api/handlers.go:473.16,476.3 2 0
github.com/xdzczk/nostrmash/internal/api/handlers.go:478.2,479.16 2 0
github.com/xdzczk/nostrmash/internal/api/handlers.go:479.16,482.3 2 0
github.com/xdzczk/nostrmash/internal/api/handlers.go:483.2,484.16 2 0
github.com/xdzczk/nostrmash/internal/api/handlers.go:484.16,487.3 2 0
github.com/xdzczk/nostrmash/internal/api/handlers.go:488.2,489.16 2 0
github.com/xdzczk/nostrmash/internal/api/handlers.go:489.16,492.3 2 0
github.com/xdzczk/nostrmash/internal/api/handlers.go:494.2,502.4 1 0
github.com/xdzczk/nostrmash/internal/api/handlers.go:515.75,517.16 2 1
github.com/xdzczk/nostrmash/internal/api/handlers.go:517.16,520.3 2 0
github.com/xdzczk/nostrmash/internal/api/handlers.go:521.2,522.27 2 1
github.com/xdzczk/nostrmash/internal/api/handlers.go:522.27,531.3 1 1
github.com/xdzczk/nostrmash/internal/api/handlers.go:532.2,535.4 1 1
github.com/xdzczk/nostrmash/internal/api/handlers.go:539.74,541.18 2 0
github.com/xdzczk/nostrmash/internal/api/handlers.go:541.18,544.3 2 0
github.com/xdzczk/nostrmash/internal/api/handlers.go:545.2,546.16 2 0
github.com/xdzczk/nostrmash/internal/api/handlers.go:546.16,547.40 1 0
github.com/xdzczk/nostrmash/internal/api/handlers.go:547.40,550.4 2 0
github.com/xdzczk/nostrmash/internal/api/handlers.go:551.3,552.9 2 0
github.com/xdzczk/nostrmash/internal/api/handlers.go:554.2,561.4 1 0
github.com/xdzczk/nostrmash/internal/api/handlers.go:565.72,567.18 2 0
github.com/xdzczk/nostrmash/internal/api/handlers.go:567.18,570.3 2 0
github.com/xdzczk/nostrmash/internal/api/handlers.go:571.2,572.16 2 0
github.com/xdzczk/nostrmash/internal/api/handlers.go:572.16,573.40 1 0
github.com/xdzczk/nostrmash/internal/api/handlers.go:573.40,576.4 2 0
github.com/xdzczk/nostrmash/internal/api/handlers.go:577.3,578.9 2 0
github.com/xdzczk/nostrmash/internal/api/handlers.go:580.2,587.4 1 0
github.com/xdzczk/nostrmash/internal/api/handlers.go:591.66,593.21 2 0
github.com/xdzczk/nostrmash/internal/api/handlers.go:593.21,596.3 2 0
github.com/xdzczk/nostrmash/internal/api/handlers.go:597.2,598.16 2 0
github.com/xdzczk/nostrmash/internal/api/handlers.go:598.16,601.3 2 0
github.com/xdzczk/nostrmash/internal/api/handlers.go:602.2,603.16 2 0
github.com/xdzczk/nostrmash/internal/api/handlers.go:603.16,606.3 2 0
github.com/xdzczk/nostrmash/internal/api/handlers.go:607.2,608.16 2 0
github.com/xdzczk/nostrmash/internal/api/handlers.go:608.16,611.3 2 0
github.com/xdzczk/nostrmash/internal/api/handlers.go:613.2,614.35 2 0
github.com/xdzczk/nostrmash/internal/api/handlers.go:614.35,621.3 1 0
github.com/xdzczk/nostrmash/internal/api/handlers.go:622.2,627.4 1 0
github.com/xdzczk/nostrmash/internal/api/handlers.go:630.72,632.18 2 0
github.com/xdzczk/nostrmash/internal/api/handlers.go:632.18,635.3 2 0
github.com/xdzczk/nostrmash/internal/api/handlers.go:636.2,639.51 2 0
github.com/xdzczk/nostrmash/internal/api/handlers.go:639.51,641.17 2 0
github.com/xdzczk/nostrmash/internal/api/handlers.go:641.17,648.4 2 0
github.com/xdzczk/nostrmash/internal/api/handlers.go:649.3,649.41 1 0
github.com/xdzczk/nostrmash/internal/api/handlers.go:649.41,652.4 2 0
github.com/xdzczk/nostrmash/internal/api/handlers.go:654.2,654.49 1 0
github.com/xdzczk/nostrmash/internal/api/handlers.go:657.73,659.2 1 0
github.com/xdzczk/nostrmash/internal/api/handlers.go:661.71,663.2 1 0
github.com/xdzczk/nostrmash/internal/api/handlers.go:665.67,667.18 2 0
github.com/xdzczk/nostrmash/internal/api/handlers.go:667.18,670.3 2 0
github.com/xdzczk/nostrmash/internal/api/handlers.go:671.2,672.16 2 0
github.com/xdzczk/nostrmash/internal/api/handlers.go:672.16,675.3 2 0
github.com/xdzczk/nostrmash/internal/api/handlers.go:676.2,679.43 2 0
github.com/xdzczk/nostrmash/internal/api/handlers.go:679.43,681.17 2 0
github.com/xdzczk/nostrmash/internal/api/handlers.go:681.17,684.4 2 0
github.com/xdzczk/nostrmash/internal/api/handlers.go:685.3,690.9 2 0
github.com/xdzczk/nostrmash/internal/api/handlers.go:692.2,692.43 1 0
github.com/xdzczk/nostrmash/internal/api/handlers.go:696.71,698.18 2 1
github.com/xdzczk/nostrmash/internal/api/handlers.go:698.18,701.3 2 0
github.com/xdzczk/nostrmash/internal/api/handlers.go:702.2,703.16 2 1
github.com/xdzczk/nostrmash/internal/api/handlers.go:703.16,706.3 2 0
github.com/xdzczk/nostrmash/internal/api/handlers.go:707.2,708.16 2 1
github.com/xdzczk/nostrmash/internal/api/handlers.go:708.16,711.3 2 0
github.com/xdzczk/nostrmash/internal/api/handlers.go:712.2,716.4 1 1
github.com/xdzczk/nostrmash/internal/api/handlers.go:720.72,722.18 2 0
github.com/xdzczk/nostrmash/internal/api/handlers.go:722.18,725.3 2 0
github.com/xdzczk/nostrmash/internal/api/handlers.go:726.2,727.16 2 0
github.com/xdzczk/nostrmash/internal/api/handlers.go:727.16,730.3 2 0
github.com/xdzczk/nostrmash/internal/api/handlers.go:731.2,732.16 2 0
github.com/xdzczk/nostrmash/internal/api/handlers.go:732.16,735.3 2 0
github.com/xdzczk/nostrmash/internal/api/handlers.go:736.2,740.4 1 0
github.com/xdzczk/nostrmash/internal/api/handlers.go:743.109,745.18 2 0
github.com/xdzczk/nostrmash/internal/api/handlers.go:745.18,748.3 2 0
github.com/xdzczk/nostrmash/internal/api/handlers.go:749.2,750.16 2 0
github.com/xdzczk/nostrmash/internal/api/handlers.go:750.16,753.3 2 0
github.com/xdzczk/nostrmash/internal/api/handlers.go:754.2,755.16 2 0
github.com/xdzczk/nostrmash/internal/api/handlers.go:755.16,758.3 2 0
github.com/xdzczk/nostrmash/internal/api/handlers.go:759.2,763.4 1 0
github.com/xdzczk/nostrmash/internal/api/handlers.go:776.95,784.2 1 9
github.com/xdzczk/nostrmash/internal/api/handlers.go:786.58,790.2 3 23
github.com/xdzczk/nostrmash/internal/api/handlers.go:792.104,794.15 2 6
github.com/xdzczk/nostrmash/internal/api/handlers.go:794.15,796.3 1 2
github.com/xdzczk/nostrmash/internal/api/handlers.go:797.2,798.31 2 4
github.com/xdzczk/nostrmash/internal/api/handlers.go:798.31,800.3 1 0
github.com/xdzczk/nostrmash/internal/api/handlers.go:801.2,801.23 1 4
github.com/xdzczk/nostrmash/internal/api/handlers.go:801.23,803.3 1 0
github.com/xdzczk/nostrmash/internal/api/handlers.go:804.2,804.20 1 4
github.com/xdzczk/nostrmash/internal/api/handlers.go:807.72,808.19 1 2
github.com/xdzczk/nostrmash/internal/api/handlers.go:808.19,810.3 1 0
github.com/xdzczk/nostrmash/internal/api/handlers.go:811.2,815.16 2 2
github.com/xdzczk/nostrmash/internal/api/handlers.go:815.16,817.3 1 0
github.com/xdzczk/nostrmash/internal/api/handlers.go:818.2,818.59 1 2
github.com/xdzczk/nostrmash/internal/api/handlers.go:821.71,822.36 1 1
github.com/xdzczk/nostrmash/internal/api/handlers.go:822.36,824.3 1 0
github.com/xdzczk/nostrmash/internal/api/handlers.go:825.2,826.16 2 1
github.com/xdzczk/nostrmash/internal/api/handlers.go:826.16,828.3 1 0
github.com/xdzczk/nostrmash/internal/api/handlers.go:829.2,833.58 2 1
github.com/xdzczk/nostrmash/internal/api/handlers.go:833.58,835.3 1 0
github.com/xdzczk/nostrmash/internal/api/handlers.go:836.2,837.22 2 1
github.com/xdzczk/nostrmash/internal/api/handlers.go:837.22,839.3 1 0
github.com/xdzczk/nostrmash/internal/api/handlers.go:840.2,843.8 1 1
github.com/xdzczk/nostrmash/internal/api/middleware.go:29.52,30.71 1 11
github.com/xdzczk/nostrmash/internal/api/middleware.go:30.71,32.15 2 11
github.com/xdzczk/nostrmash/internal/api/middleware.go:32.15,35.18 3 8
github.com/xdzczk/nostrmash/internal/api/middleware.go:35.18,37.5 1 0
github.com/xdzczk/nostrmash/internal/api/middleware.go:39.3,41.40 3 11
github.com/xdzczk/nostrmash/internal/api/middleware.go:46.68,47.71 1 0
github.com/xdzczk/nostrmash/internal/api/middleware.go:47.71,60.3 6 0
github.com/xdzczk/nostrmash/internal/api/middleware.go:64.83,66.71 2 1
github.com/xdzczk/nostrmash/internal/api/middleware.go:66.71,67.40 1 3
github.com/xdzczk/nostrmash/internal/api/middleware.go:67.40,70.4 2 1
github.com/xdzczk/nostrmash/internal/api/middleware.go:71.3,72.20 2 2
github.com/xdzczk/nostrmash/internal/api/middleware.go:72.20,75.4 2 0
github.com/xdzczk/nostrmash/internal/api/middleware.go:76.3,77.21 2 2
github.com/xdzczk/nostrmash/internal/api/middleware.go:77.21,79.4 1 0
github.com/xdzczk/nostrmash/internal/api/middleware.go:80.3,80.81 1 2
github.com/xdzczk/nostrmash/internal/api/middleware.go:80.81,83.4 2 1
github.com/xdzczk/nostrmash/internal/api/middleware.go:84.3,84.23 1 1
github.com/xdzczk/nostrmash/internal/api/middleware.go:93.46,96.2 2 0
github.com/xdzczk/nostrmash/internal/api/middleware.go:98.33,100.43 2 8
github.com/xdzczk/nostrmash/internal/api/middleware.go:100.43,102.3 1 0
github.com/xdzczk/nostrmash/internal/api/middleware.go:103.2,103.38 1 8
github.com/xdzczk/nostrmash/internal/api/middleware.go:107.71,109.17 2 8
github.com/xdzczk/nostrmash/internal/api/middleware.go:109.17,111.3 1 0
github.com/xdzczk/nostrmash/internal/api/middleware.go:112.2,112.71 1 8
github.com/xdzczk/nostrmash/internal/api/middleware.go:112.71,113.21 1 8
github.com/xdzczk/nostrmash/internal/api/middleware.go:113.21,116.4 2 0
github.com/xdzczk/nostrmash/internal/api/middleware.go:117.3,118.10 2 8
github.com/xdzczk/nostrmash/internal/api/middleware.go:118.10,121.4 2 2
github.com/xdzczk/nostrmash/internal/api/middleware.go:122.3,122.69 1 6
github.com/xdzczk/nostrmash/internal/api/middleware.go:122.69,125.4 2 0
github.com/xdzczk/nostrmash/internal/api/middleware.go:126.3,126.23 1 6
github.com/xdzczk/nostrmash/internal/api/middleware.go:130.57,132.17 2 8
github.com/xdzczk/nostrmash/internal/api/middleware.go:132.17,134.3 1 2
github.com/xdzczk/nostrmash/internal/api/middleware.go:135.2,136.39 2 6
github.com/xdzczk/nostrmash/internal/api/middleware.go:136.39,138.3 1 0
github.com/xdzczk/nostrmash/internal/api/middleware.go:139.2,140.17 2 6
github.com/xdzczk/nostrmash/internal/api/middleware.go:140.17,142.3 1 0
github.com/xdzczk/nostrmash/internal/api/middleware.go:143.2,143.20 1 6
github.com/xdzczk/nostrmash/internal/api/middleware.go:146.50,148.19 2 1
github.com/xdzczk/nostrmash/internal/api/middleware.go:148.19,150.3 1 0
github.com/xdzczk/nostrmash/internal/api/middleware.go:151.2,151.63 1 1
github.com/xdzczk/nostrmash/internal/api/middleware.go:151.63,153.3 1 1
github.com/xdzczk/nostrmash/internal/api/middleware.go:154.2,154.19 1 1
github.com/xdzczk/nostrmash/internal/api/middleware.go:154.19,156.3 1 0
github.com/xdzczk/nostrmash/internal/api/middleware.go:157.2,157.16 1 1
github.com/xdzczk/nostrmash/internal/api/middleware.go:160.46,162.20 2 2
github.com/xdzczk/nostrmash/internal/api/middleware.go:162.20,164.3 1 0
github.com/xdzczk/nostrmash/internal/api/middleware.go:165.2,166.16 2 2
github.com/xdzczk/nostrmash/internal/api/middleware.go:166.16,168.3 1 0
github.com/xdzczk/nostrmash/internal/api/middleware.go:169.2,169.13 1 2
github.com/xdzczk/nostrmash/internal/api/middleware.go:172.46,173.14 1 3
github.com/xdzczk/nostrmash/internal/api/middleware.go:174.39,175.14 1 1
github.com/xdzczk/nostrmash/internal/api/middleware.go:176.10,177.15 1 2
github.com/xdzczk/nostrmash/internal/api/middleware.go:199.61,200.28 1 1
github.com/xdzczk/nostrmash/internal/api/middleware.go:200.28,202.3 1 0
github.com/xdzczk/nostrmash/internal/api/middleware.go:203.2,206.3 1 1
github.com/xdzczk/nostrmash/internal/api/middleware.go:209.62,212.9 3 2
github.com/xdzczk/nostrmash/internal/api/middleware.go:213.32,214.27 1 2
github.com/xdzczk/nostrmash/internal/api/middleware.go:214.27,216.4 1 2
github.com/xdzczk/nostrmash/internal/api/middleware.go:217.3,217.20 1 2
github.com/xdzczk/nostrmash/internal/api/middleware.go:218.41,219.26 1 0
github.com/xdzczk/nostrmash/internal/api/middleware.go:219.26,221.4 1 0
github.com/xdzczk/nostrmash/internal/api/middleware.go:222.3,222.19 1 0
github.com/xdzczk/nostrmash/internal/api/middleware.go:224.2,229.3 1 2
github.com/xdzczk/nostrmash/internal/api/middleware.go:232.81,233.14 1 2
github.com/xdzczk/nostrmash/internal/api/middleware.go:233.14,235.3 1 0
github.com/xdzczk/nostrmash/internal/api/middleware.go:236.2,236.16 1 2
github.com/xdzczk/nostrmash/internal/api/middleware.go:236.16,238.3 1 0
github.com/xdzczk/nostrmash/internal/api/middleware.go:239.2,243.21 5 2
github.com/xdzczk/nostrmash/internal/api/middleware.go:243.21,246.3 2 1
github.com/xdzczk/nostrmash/internal/api/middleware.go:247.2,248.17 2 2
github.com/xdzczk/nostrmash/internal/api/middleware.go:248.17,250.32 2 1
github.com/xdzczk/nostrmash/internal/api/middleware.go:250.32,252.4 1 0
github.com/xdzczk/nostrmash/internal/api/middleware.go:254.2,255.20 2 2
github.com/xdzczk/nostrmash/internal/api/middleware.go:255.20,258.3 2 1
github.com/xdzczk/nostrmash/internal/api/middleware.go:259.2,261.13 3 1
github.com/xdzczk/nostrmash/cmd/api/main.go:22.13,29.16 5 0
github.com/xdzczk/nostrmash/cmd/api/main.go:29.16,32.3 2 0
github.com/xdzczk/nostrmash/cmd/api/main.go:34.2,35.16 2 0
github.com/xdzczk/nostrmash/cmd/api/main.go:35.16,38.3 2 0
github.com/xdzczk/nostrmash/cmd/api/main.go:39.2,42.22 3 0
github.com/xdzczk/nostrmash/cmd/api/main.go:42.22,44.3 1 0
github.com/xdzczk/nostrmash/cmd/api/main.go:45.2,45.61 1 0
github.com/xdzczk/nostrmash/cmd/api/main.go:45.61,48.3 2 0
github.com/xdzczk/nostrmash/cmd/api/main.go:50.2,140.12 59 0
github.com/xdzczk/nostrmash/cmd/api/main.go:140.12,142.87 2 0
github.com/xdzczk/nostrmash/cmd/api/main.go:142.87,145.4 2 0
github.com/xdzczk/nostrmash/cmd/api/main.go:148.2,153.50 5 0
github.com/xdzczk/nostrmash/cmd/api/main.go:153.50,155.3 1 0
github.com/xdzczk/nostrmash/cmd/api/main.go:156.2,156.31 1 0
github.com/xdzczk/nostrmash/internal/replay/fixture.go:27.48,29.23 2 2
github.com/xdzczk/nostrmash/internal/replay/fixture.go:29.23,31.3 1 0
github.com/xdzczk/nostrmash/internal/replay/fixture.go:33.2,34.16 2 2
github.com/xdzczk/nostrmash/internal/replay/fixture.go:34.16,36.3 1 0
github.com/xdzczk/nostrmash/internal/replay/fixture.go:38.2,38.18 1 2
github.com/xdzczk/nostrmash/internal/replay/fixture.go:38.18,40.3 1 1
github.com/xdzczk/nostrmash/internal/replay/fixture.go:41.2,41.37 1 1
github.com/xdzczk/nostrmash/internal/replay/fixture.go:44.50,47.16 3 1
github.com/xdzczk/nostrmash/internal/replay/fixture.go:47.16,49.3 1 0
github.com/xdzczk/nostrmash/internal/replay/fixture.go:50.2,50.21 1 1
github.com/xdzczk/nostrmash/internal/replay/fixture.go:50.21,52.3 1 0
github.com/xdzczk/nostrmash/internal/replay/fixture.go:53.2,53.29 1 1
github.com/xdzczk/nostrmash/internal/replay/fixture.go:53.29,55.17 2 2
github.com/xdzczk/nostrmash/internal/replay/fixture.go:55.17,57.4 1 0
github.com/xdzczk/nostrmash/internal/replay/fixture.go:58.3,58.48 1 2
github.com/xdzczk/nostrmash/internal/replay/fixture.go:60.2,60.39 1 1
github.com/xdzczk/nostrmash/internal/replay/fixture.go:63.56,65.86 2 1
github.com/xdzczk/nostrmash/internal/replay/fixture.go:65.86,66.21 1 3
github.com/xdzczk/nostrmash/internal/replay/fixture.go:66.21,68.4 1 0
github.com/xdzczk/nostrmash/internal/replay/fixture.go:69.3,69.16 1 3
github.com/xdzczk/nostrmash/internal/replay/fixture.go:69.16,71.4 1 1
github.com/xdzczk/nostrmash/internal/replay/fixture.go:72.3,72.55 1 2
github.com/xdzczk/nostrmash/internal/replay/fixture.go:72.55,74.4 1 2
github.com/xdzczk/nostrmash/internal/replay/fixture.go:75.3,75.13 1 2
github.com/xdzczk/nostrmash/internal/replay/fixture.go:77.2,77.16 1 1
github.com/xdzczk/nostrmash/internal/replay/fixture.go:77.16,79.3 1 0
github.com/xdzczk/nostrmash/internal/replay/fixture.go:80.2,81.17 2 1
github.com/xdzczk/nostrmash/internal/replay/fixture.go:84.52,86.16 2 3
github.com/xdzczk/nostrmash/internal/replay/fixture.go:86.16,88.3 1 0
github.com/xdzczk/nostrmash/internal/replay/fixture.go:89.2,97.21 6 3
github.com/xdzczk/nostrmash/internal/replay/fixture.go:97.21,100.16 3 3
github.com/xdzczk/nostrmash/internal/replay/fixture.go:100.16,101.12 1 0
github.com/xdzczk/nostrmash/internal/replay/fixture.go:103.3,104.61 2 3
github.com/xdzczk/nostrmash/internal/replay/fixture.go:104.61,106.4 1 0
github.com/xdzczk/nostrmash/internal/replay/fixture.go:107.3,108.27 2 3
github.com/xdzczk/nostrmash/internal/replay/fixture.go:108.27,110.4 1 1
github.com/xdzczk/nostrmash/internal/replay/fixture.go:111.3,112.30 2 2
github.com/xdzczk/nostrmash/internal/replay/fixture.go:112.30,114.4 1 0
github.com/xdzczk/nostrmash/internal/replay/fixture.go:115.3,115.35 1 2
github.com/xdzczk/nostrmash/internal/replay/fixture.go:117.2,117.38 1 2
github.com/xdzczk/nostrmash/internal/replay/fixture.go:117.38,118.20 1 0
github.com/xdzczk/nostrmash/internal/replay/fixture.go:118.20,120.4 1 0
github.com/xdzczk/nostrmash/internal/replay/fixture.go:121.3,121.70 1 0
github.com/xdzczk/nostrmash/internal/replay/fixture.go:123.2,123.23 1 2
github.com/xdzczk/nostrmash/internal/replay/fixture.go:123.23,125.3 1 0
github.com/xdzczk/nostrmash/internal/replay/fixture.go:126.2,126.39 1 2
github.com/xdzczk/nostrmash/internal/replay/fixture.go:129.64,131.19 2 2
github.com/xdzczk/nostrmash/internal/replay/fixture.go:131.19,133.3 1 0
github.com/xdzczk/nostrmash/internal/replay/fixture.go:134.2,134.33 1 2
github.com/xdzczk/nostrmash/internal/replay/runner.go:34.99,35.17 1 0
github.com/xdzczk/nostrmash/internal/replay/runner.go:35.17,37.3 1 0
github.com/xdzczk/nostrmash/internal/replay/runner.go:38.2,38.16 1 0
github.com/xdzczk/nostrmash/internal/replay/runner.go:38.16,40.3 1 0
github.com/xdzczk/nostrmash/internal/replay/runner.go:41.2,43.16 3 0
github.com/xdzczk/nostrmash/internal/replay/runner.go:43.16,45.3 1 0
github.com/xdzczk/nostrmash/internal/replay/runner.go:46.2,52.8 1 0
github.com/xdzczk/nostrmash/internal/replay/runner.go:55.93,57.16 2 0
github.com/xdzczk/nostrmash/internal/replay/runner.go:57.16,59.3 1 0
github.com/xdzczk/nostrmash/internal/replay/runner.go:60.2,60.31 1 0
github.com/xdzczk/nostrmash/internal/replay/runner.go:63.79,64.75 1 0
github.com/xdzczk/nostrmash/internal/replay/runner.go:64.75,66.3 1 0
github.com/xdzczk/nostrmash/internal/replay/runner.go:67.2,67.31 1 0
github.com/xdzczk/nostrmash/internal/replay/runner.go:67.31,69.3 1 0
github.com/xdzczk/nostrmash/internal/replay/runner.go:71.2,71.42 1 0
github.com/xdzczk/nostrmash/internal/replay/runner.go:71.42,72.80 1 0
github.com/xdzczk/nostrmash/internal/replay/runner.go:72.80,74.4 1 0
github.com/xdzczk/nostrmash/internal/replay/runner.go:77.2,78.16 2 0
github.com/xdzczk/nostrmash/internal/replay/runner.go:78.16,80.3 1 0
github.com/xdzczk/nostrmash/internal/replay/runner.go:82.2,95.8 3 0
github.com/xdzczk/nostrmash/internal/replay/runner.go:99.62,101.6 2 0
github.com/xdzczk/nostrmash/internal/replay/runner.go:101.6,102.23 1 0
github.com/xdzczk/nostrmash/internal/replay/runner.go:102.23,104.4 1 0
github.com/xdzczk/nostrmash/internal/replay/runner.go:105.3,106.17 2 0
github.com/xdzczk/nostrmash/internal/replay/runner.go:106.17,108.4 1 0
github.com/xdzczk/nostrmash/internal/replay/runner.go:109.3,109.24 1 0
github.com/xdzczk/nostrmash/internal/replay/runner.go:109.24,111.4 1 0
github.com/xdzczk/nostrmash/internal/replay/runner.go:113.3,118.17 3 0
github.com/xdzczk/nostrmash/internal/replay/runner.go:118.17,120.22 2 0
github.com/xdzczk/nostrmash/internal/replay/runner.go:120.22,122.5 1 0
github.com/xdzczk/nostrmash/internal/replay/runner.go:123.4,123.117 1 0
github.com/xdzczk/nostrmash/internal/replay/runner.go:125.3,125.70 1 0
github.com/xdzczk/nostrmash/internal/replay/runner.go:125.70,127.4 1 0
github.com/xdzczk/nostrmash/internal/replay/runner.go:128.3,128.14 1 0
github.com/xdzczk/nostrmash/internal/replay/snapshot.go:173.91,174.17 1 0
github.com/xdzczk/nostrmash/internal/replay/snapshot.go:174.17,176.3 1 0
github.com/xdzczk/nostrmash/internal/replay/snapshot.go:177.2,183.17 2 0
github.com/xdzczk/nostrmash/internal/replay/snapshot.go:183.17,185.3 1 0
github.com/xdzczk/nostrmash/internal/replay/snapshot.go:186.2,190.17 1 0
github.com/xdzczk/nostrmash/internal/replay/snapshot.go:190.17,192.3 1 0
github.com/xdzczk/nostrmash/internal/replay/snapshot.go:193.2,197.17 1 0
github.com/xdzczk/nostrmash/internal/replay/snapshot.go:197.17,199.3 1 0
github.com/xdzczk/nostrmash/internal/replay/snapshot.go:200.2,204.17 1 0
github.com/xdzczk/nostrmash/internal/replay/snapshot.go:204.17,206.3 1 0
github.com/xdzczk/nostrmash/internal/replay/snapshot.go:207.2,212.17 1 0
github.com/xdzczk/nostrmash/internal/replay/snapshot.go:212.17,214.3 1 0
github.com/xdzczk/nostrmash/internal/replay/snapshot.go:215.2,220.17 1 0
github.com/xdzczk/nostrmash/internal/replay/snapshot.go:220.17,222.3 1 0
github.com/xdzczk/nostrmash/internal/replay/snapshot.go:223.2,228.17 1 0
github.com/xdzczk/nostrmash/internal/replay/snapshot.go:228.17,230.3 1 0
github.com/xdzczk/nostrmash/internal/replay/snapshot.go:232.2,236.17 1 0
github.com/xdzczk/nostrmash/internal/replay/snapshot.go:236.17,238.3 1 0
github.com/xdzczk/nostrmash/internal/replay/snapshot.go:239.2,243.17 1 0
github.com/xdzczk/nostrmash/internal/replay/snapshot.go:243.17,245.3 1 0
github.com/xdzczk/nostrmash/internal/replay/snapshot.go:246.2,250.17 1 0
github.com/xdzczk/nostrmash/internal/replay/snapshot.go:250.17,252.3 1 0
github.com/xdzczk/nostrmash/internal/replay/snapshot.go:253.2,257.17 1 0
github.com/xdzczk/nostrmash/internal/replay/snapshot.go:257.17,259.3 1 0
github.com/xdzczk/nostrmash/internal/replay/snapshot.go:260.2,264.17 1 0
github.com/xdzczk/nostrmash/internal/replay/snapshot.go:264.17,266.3 1 0
github.com/xdzczk/nostrmash/internal/replay/snapshot.go:268.2,272.17 1 0
github.com/xdzczk/nostrmash/internal/replay/snapshot.go:272.17,274.3 1 0
github.com/xdzczk/nostrmash/internal/replay/snapshot.go:275.2,279.17 1 0
github.com/xdzczk/nostrmash/internal/replay/snapshot.go:279.17,281.3 1 0
github.com/xdzczk/nostrmash/internal/replay/snapshot.go:282.2,286.17 1 0
github.com/xdzczk/nostrmash/internal/replay/snapshot.go:286.17,288.3 1 0
github.com/xdzczk/nostrmash/internal/replay/snapshot.go:289.2,293.17 1 0
github.com/xdzczk/nostrmash/internal/replay/snapshot.go:293.17,295.3 1 0
github.com/xdzczk/nostrmash/internal/replay/snapshot.go:296.2,300.17 1 0
github.com/xdzczk/nostrmash/internal/replay/snapshot.go:300.17,302.3 1 0
github.com/xdzczk/nostrmash/internal/replay/snapshot.go:303.2,307.17 1 0
github.com/xdzczk/nostrmash/internal/replay/snapshot.go:307.17,309.3 1 0
github.com/xdzczk/nostrmash/internal/replay/snapshot.go:310.2,314.17 1 0
github.com/xdzczk/nostrmash/internal/replay/snapshot.go:314.17,316.3 1 0
github.com/xdzczk/nostrmash/internal/replay/snapshot.go:317.2,321.17 1 0
github.com/xdzczk/nostrmash/internal/replay/snapshot.go:321.17,323.3 1 0
github.com/xdzczk/nostrmash/internal/replay/snapshot.go:324.2,328.17 1 0
github.com/xdzczk/nostrmash/internal/replay/snapshot.go:328.17,330.3 1 0
github.com/xdzczk/nostrmash/internal/replay/snapshot.go:331.2,335.17 1 0
github.com/xdzczk/nostrmash/internal/replay/snapshot.go:335.17,337.3 1 0
github.com/xdzczk/nostrmash/internal/replay/snapshot.go:338.2,342.17 1 0
github.com/xdzczk/nostrmash/internal/replay/snapshot.go:342.17,344.3 1 0
github.com/xdzczk/nostrmash/internal/replay/snapshot.go:345.2,349.17 1 0
github.com/xdzczk/nostrmash/internal/replay/snapshot.go:349.17,351.3 1 0
github.com/xdzczk/nostrmash/internal/replay/snapshot.go:353.2,353.17 1 0
github.com/xdzczk/nostrmash/internal/replay/snapshot.go:356.92,358.16 2 0
github.com/xdzczk/nostrmash/internal/replay/snapshot.go:358.16,360.3 1 0
github.com/xdzczk/nostrmash/internal/replay/snapshot.go:361.2,364.18 3 0
github.com/xdzczk/nostrmash/internal/replay/snapshot.go:364.18,366.32 2 0
github.com/xdzczk/nostrmash/internal/replay/snapshot.go:367.21,368.77 1 0
github.com/xdzczk/nostrmash/internal/replay/snapshot.go:368.77,370.5 1 0
github.com/xdzczk/nostrmash/internal/replay/snapshot.go:371.24,372.98 1 0
github.com/xdzczk/nostrmash/internal/replay/snapshot.go:372.98,374.5 1 0
github.com/xdzczk/nostrmash/internal/replay/snapshot.go:375.26,376.61 1 0
github.com/xdzczk/nostrmash/internal/replay/snapshot.go:376.61,378.5 1 0
github.com/xdzczk/nostrmash/internal/replay/snapshot.go:379.28,380.66 1 0
github.com/xdzczk/nostrmash/internal/replay/snapshot.go:380.66,382.5 1 0
github.com/xdzczk/nostrmash/internal/replay/snapshot.go:383.24,384.61 1 0
github.com/xdzczk/nostrmash/internal/replay/snapshot.go:384.61,386.5 1 0
github.com/xdzczk/nostrmash/internal/replay/snapshot.go:387.27,388.102 1 0
github.com/xdzczk/nostrmash/internal/replay/snapshot.go:388.102,390.5 1 0
github.com/xdzczk/nostrmash/internal/replay/snapshot.go:391.28,392.101 1 0
github.com/xdzczk/nostrmash/internal/replay/snapshot.go:392.101,394.5 1 0
github.com/xdzczk/nostrmash/internal/replay/snapshot.go:395.29,396.91 1 0
github.com/xdzczk/nostrmash/internal/replay/snapshot.go:396.91,398.5 1 0
github.com/xdzczk/nostrmash/internal/replay/snapshot.go:399.23,400.89 1 0
github.com/xdzczk/nostrmash/internal/replay/snapshot.go:400.89,402.5 1 0
github.com/xdzczk/nostrmash/internal/replay/snapshot.go:403.29,404.73 1 0
github.com/xdzczk/nostrmash/internal/replay/snapshot.go:404.73,406.5 1 0
github.com/xdzczk/nostrmash/internal/replay/snapshot.go:407.26,408.67 1 0
github.com/xdzczk/nostrmash/internal/replay/snapshot.go:408.67,410.5 1 0
github.com/xdzczk/nostrmash/internal/replay/snapshot.go:411.25,412.79 1 0
github.com/xdzczk/nostrmash/internal/replay/snapshot.go:412.79,414.5 1 0
github.com/xdzczk/nostrmash/internal/replay/snapshot.go:415.18,416.58 1 0
github.com/xdzczk/nostrmash/internal/replay/snapshot.go:416.58,418.5 1 0
github.com/xdzczk/nostrmash/internal/replay/snapshot.go:419.11,420.54 1 0
github.com/xdzczk/nostrmash/internal/replay/snapshot.go:422.3,422.29 1 0
github.com/xdzczk/nostrmash/internal/replay/snapshot.go:424.2,424.35 1 0
github.com/xdzczk/nostrmash/internal/replay/snapshot.go:424.35,426.3 1 0
github.com/xdzczk/nostrmash/internal/replay/snapshot.go:427.2,428.12 2 0
github.com/xdzczk/nostrmash/internal/api_primal/body_limit.go:12.98,13.18 1 11
github.com/xdzczk/nostrmash/internal/api_primal/body_limit.go:13.18,15.3 1 11
github.com/xdzczk/nostrmash/internal/api_primal/body_limit.go:16.2,17.44 2 11
github.com/xdzczk/nostrmash/internal/api_primal/body_limit.go:17.44,19.35 2 3
github.com/xdzczk/nostrmash/internal/api_primal/body_limit.go:19.35,22.4 2 2
github.com/xdzczk/nostrmash/internal/api_primal/body_limit.go:23.3,24.15 2 1
github.com/xdzczk/nostrmash/internal/api_primal/body_limit.go:26.2,27.53 2 8
github.com/xdzczk/nostrmash/internal/api_primal/body_limit.go:27.53,30.3 2 0
github.com/xdzczk/nostrmash/internal/api_primal/body_limit.go:31.2,31.13 1 8
github.com/xdzczk/nostrmash/internal/api_primal/handlers.go:27.64,28.23 1 31
github.com/xdzczk/nostrmash/internal/api_primal/handlers.go:28.23,30.3 1 0
github.com/xdzczk/nostrmash/internal/api_primal/handlers.go:31.2,31.59 1 31
github.com/xdzczk/nostrmash/internal/api_primal/handlers.go:38.72,40.19 2 4
github.com/xdzczk/nostrmash/internal/api_primal/handlers.go:40.19,43.3 2 1
github.com/xdzczk/nostrmash/internal/api_primal/handlers.go:45.2,46.16 2 3
github.com/xdzczk/nostrmash/internal/api_primal/handlers.go:46.16,47.40 1 2
github.com/xdzczk/nostrmash/internal/api_primal/handlers.go:47.40,50.4 2 1
github.com/xdzczk/nostrmash/internal/api_primal/handlers.go:51.3,52.9 2 1
github.com/xdzczk/nostrmash/internal/api_primal/handlers.go:54.2,54.62 1 1
github.com/xdzczk/nostrmash/internal/api_primal/handlers.go:64.56,65.25 1 5
github.com/xdzczk/nostrmash/internal/api_primal/handlers.go:65.25,67.3 1 3
github.com/xdzczk/nostrmash/internal/api_primal/handlers.go:68.2,68.14 1 2
github.com/xdzczk/nostrmash/internal/api_primal/handlers.go:76.74,78.67 2 7
github.com/xdzczk/nostrmash/internal/api_primal/handlers.go:78.67,80.3 1 2
github.com/xdzczk/nostrmash/internal/api_primal/handlers.go:81.2,82.24 2 5
github.com/xdzczk/nostrmash/internal/api_primal/handlers.go:82.24,85.3 2 1
github.com/xdzczk/nostrmash/internal/api_primal/handlers.go:86.2,86.36 1 4
github.com/xdzczk/nostrmash/internal/api_primal/handlers.go:86.36,89.3 2 1
github.com/xdzczk/nostrmash/internal/api_primal/handlers.go:91.2,92.29 2 3
github.com/xdzczk/nostrmash/internal/api_primal/handlers.go:92.29,95.3 2 0
github.com/xdzczk/nostrmash/internal/api_primal/handlers.go:97.2,98.16 2 3
github.com/xdzczk/nostrmash/internal/api_primal/handlers.go:98.16,101.3 2 1
github.com/xdzczk/nostrmash/internal/api_primal/handlers.go:103.2,107.35 2 2
github.com/xdzczk/nostrmash/internal/api_primal/handlers.go:107.35,109.10 2 6
github.com/xdzczk/nostrmash/internal/api_primal/handlers.go:109.10,111.12 2 2
github.com/xdzczk/nostrmash/internal/api_primal/handlers.go:113.3,113.41 1 4
github.com/xdzczk/nostrmash/internal/api_primal/handlers.go:115.2,116.35 2 2
github.com/xdzczk/nostrmash/internal/api_primal/handlers.go:126.78,128.18 2 4
github.com/xdzczk/nostrmash/internal/api_primal/handlers.go:128.18,131.3 2 1
github.com/xdzczk/nostrmash/internal/api_primal/handlers.go:133.2,134.16 2 3
github.com/xdzczk/nostrmash/internal/api_primal/handlers.go:134.16,135.40 1 2
github.com/xdzczk/nostrmash/internal/api_primal/handlers.go:135.40,138.4 2 1
github.com/xdzczk/nostrmash/internal/api_primal/handlers.go:139.3,140.9 2 1
github.com/xdzczk/nostrmash/internal/api_primal/handlers.go:142.2,147.4 1 1
github.com/xdzczk/nostrmash/internal/api_primal/handlers.go:159.77,161.67 2 4
github.com/xdzczk/nostrmash/internal/api_primal/handlers.go:161.67,163.3 1 1
github.com/xdzczk/nostrmash/internal/api_primal/handlers.go:164.2,164.27 1 3
github.com/xdzczk/nostrmash/internal/api_primal/handlers.go:164.27,167.3 2 0
github.com/xdzczk/nostrmash/internal/api_primal/handlers.go:168.2,168.39 1 3
github.com/xdzczk/nostrmash/internal/api_primal/handlers.go:168.39,171.3 2 0
github.com/xdzczk/nostrmash/internal/api_primal/handlers.go:172.2,173.23 2 3
github.com/xdzczk/nostrmash/internal/api_primal/handlers.go:173.23,176.3 2 0
github.com/xdzczk/nostrmash/internal/api_primal/handlers.go:177.2,178.16 2 3
github.com/xdzczk/nostrmash/internal/api_primal/handlers.go:178.16,181.3 2 1
github.com/xdzczk/nostrmash/internal/api_primal/handlers.go:182.2,186.33 2 2
github.com/xdzczk/nostrmash/internal/api_primal/handlers.go:186.33,188.10 2 5
github.com/xdzczk/nostrmash/internal/api_primal/handlers.go:188.10,190.12 2 2
github.com/xdzczk/nostrmash/internal/api_primal/handlers.go:192.3,197.5 1 3
github.com/xdzczk/nostrmash/internal/api_primal/handlers.go:199.2,200.35 2 2
github.com/xdzczk/nostrmash/internal/api_primal/handlers.go:203.73,205.19 2 5
github.com/xdzczk/nostrmash/internal/api_primal/handlers.go:205.19,208.3 2 0
github.com/xdzczk/nostrmash/internal/api_primal/handlers.go:209.2,212.16 4 5
github.com/xdzczk/nostrmash/internal/api_primal/handlers.go:212.16,215.3 2 1
github.com/xdzczk/nostrmash/internal/api_primal/handlers.go:217.2,218.16 2 4
github.com/xdzczk/nostrmash/internal/api_primal/handlers.go:218.16,219.40 1 1
github.com/xdzczk/nostrmash/internal/api_primal/handlers.go:219.40,222.4 2 1
github.com/xdzczk/nostrmash/internal/api_primal/handlers.go:223.3,224.9 2 0
github.com/xdzczk/nostrmash/internal/api_primal/handlers.go:226.2,227.16 2 3
github.com/xdzczk/nostrmash/internal/api_primal/handlers.go:227.16,230.3 2 0
github.com/xdzczk/nostrmash/internal/api_primal/handlers.go:231.2,232.16 2 3
github.com/xdzczk/nostrmash/internal/api_primal/handlers.go:232.16,235.3 2 0
github.com/xdzczk/nostrmash/internal/api_primal/handlers.go:236.2,237.16 2 3
github.com/xdzczk/nostrmash/internal/api_primal/handlers.go:237.16,240.3 2 0
github.com/xdzczk/nostrmash/internal/api_primal/handlers.go:241.2,249.4 1 3
github.com/xdzczk/nostrmash/internal/api_primal/handlers.go:252.75,254.18 2 1
github.com/xdzczk/nostrmash/internal/api_primal/handlers.go:254.18,257.3 2 0
github.com/xdzczk/nostrmash/internal/api_primal/handlers.go:258.2,260.16 3 1
github.com/xdzczk/nostrmash/internal/api_primal/handlers.go:260.16,263.3 2 0
github.com/xdzczk/nostrmash/internal/api_primal/handlers.go:264.2,264.80 1 1
github.com/xdzczk/nostrmash/internal/api_primal/handlers.go:267.76,269.18 2 1
github.com/xdzczk/nostrmash/internal/api_primal/handlers.go:269.18,272.3 2 0
github.com/xdzczk/nostrmash/internal/api_primal/handlers.go:273.2,275.16 3 1
github.com/xdzczk/nostrmash/internal/api_primal/handlers.go:275.16,278.3 2 0
github.com/xdzczk/nostrmash/internal/api_primal/handlers.go:279.2,279.79 1 1
github.com/xdzczk/nostrmash/internal/api_primal/handlers.go:282.75,284.19 2 2
github.com/xdzczk/nostrmash/internal/api_primal/handlers.go:284.19,287.3 2 0
github.com/xdzczk/nostrmash/internal/api_primal/handlers.go:288.2,289.16 2 2
github.com/xdzczk/nostrmash/internal/api_primal/handlers.go:289.16,292.3 2 1
github.com/xdzczk/nostrmash/internal/api_primal/handlers.go:293.2,299.4 1 1
github.com/xdzczk/nostrmash/internal/api_primal/handlers.go:302.74,304.18 2 2
github.com/xdzczk/nostrmash/internal/api_primal/handlers.go:304.18,307.3 2 0
github.com/xdzczk/nostrmash/internal/api_primal/handlers.go:308.2,309.16 2 2
github.com/xdzczk/nostrmash/internal/api_primal/handlers.go:309.16,310.40 1 1
github.com/xdzczk/nostrmash/internal/api_primal/handlers.go:310.40,313.4 2 1
github.com/xdzczk/nostrmash/internal/api_primal/handlers.go:314.3,315.9 2 0
github.com/xdzczk/nostrmash/internal/api_primal/handlers.go:317.2,324.4 1 1
github.com/xdzczk/nostrmash/internal/api_primal/handlers.go:327.72,329.18 2 2
github.com/xdzczk/nostrmash/internal/api_primal/handlers.go:329.18,332.3 2 0
github.com/xdzczk/nostrmash/internal/api_primal/handlers.go:333.2,334.16 2 2
github.com/xdzczk/nostrmash/internal/api_primal/handlers.go:334.16,335.40 1 1
github.com/xdzczk/nostrmash/internal/api_primal/handlers.go:335.40,338.4 2 1
github.com/xdzczk/nostrmash/internal/api_primal/handlers.go:339.3,340.9 2 0
github.com/xdzczk/nostrmash/internal/api_primal/handlers.go:342.2,349.4 1 1
github.com/xdzczk/nostrmash/internal/api_primal/handlers.go:352.78,354.15 2 12
github.com/xdzczk/nostrmash/internal/api_primal/handlers.go:354.15,356.3 1 9
github.com/xdzczk/nostrmash/internal/api_primal/handlers.go:357.2,358.31 2 3
github.com/xdzczk/nostrmash/internal/api_primal/handlers.go:358.31,360.3 1 0
github.com/xdzczk/nostrmash/internal/api_primal/handlers.go:361.2,361.23 1 3
github.com/xdzczk/nostrmash/internal/api_primal/handlers.go:361.23,363.3 1 0
github.com/xdzczk/nostrmash/internal/api_primal/handlers.go:364.2,364.15 1 3
github.com/xdzczk/nostrmash/internal/api_primal/handlers.go:367.72,368.19 1 11
github.com/xdzczk/nostrmash/internal/api_primal/handlers.go:368.19,370.3 1 3
github.com/xdzczk/nostrmash/internal/api_primal/handlers.go:371.2,375.16 2 8
github.com/xdzczk/nostrmash/internal/api_primal/handlers.go:375.16,377.3 1 0
github.com/xdzczk/nostrmash/internal/api_primal/handlers.go:378.2,378.59 1 8
github.com/xdzczk/nostrmash/internal/api_primal/handlers.go:381.71,382.36 1 13
github.com/xdzczk/nostrmash/internal/api_primal/handlers.go:382.36,384.3 1 10
github.com/xdzczk/nostrmash/internal/api_primal/handlers.go:385.2,386.16 2 3
github.com/xdzczk/nostrmash/internal/api_primal/handlers.go:386.16,388.3 1 0
github.com/xdzczk/nostrmash/internal/api_primal/handlers.go:389.2,393.58 2 3
github.com/xdzczk/nostrmash/internal/api_primal/handlers.go:393.58,395.3 1 1
github.com/xdzczk/nostrmash/internal/api_primal/handlers.go:396.2,397.22 2 2
github.com/xdzczk/nostrmash/internal/api_primal/handlers.go:397.22,399.3 1 0
github.com/xdzczk/nostrmash/internal/api_primal/handlers.go:400.2,403.8 1 2
github.com/xdzczk/nostrmash/internal/api_primal/handlers.go:416.95,424.2 1 18
github.com/xdzczk/nostrmash/internal/api_primal/handlers.go:426.58,430.2 3 32
github.com/xdzczk/nostrmash/internal/api_primal/handlers.go:432.54,435.31 3 6
github.com/xdzczk/nostrmash/internal/api_primal/handlers.go:435.31,437.20 2 13
github.com/xdzczk/nostrmash/internal/api_primal/handlers.go:437.20,438.12 1 0
github.com/xdzczk/nostrmash/internal/api_primal/handlers.go:440.3,440.33 1 13
github.com/xdzczk/nostrmash/internal/api_primal/handlers.go:440.33,441.12 1 0
github.com/xdzczk/nostrmash/internal/api_primal/handlers.go:443.3,444.29 2 13
github.com/xdzczk/nostrmash/internal/api_primal/handlers.go:446.2,446.12 1 6
github.com/xdzczk/nostrmash/internal/api_primal/thread_view_response.go:13.18,14.23 1 3
github.com/xdzczk/nostrmash/internal/api_primal/thread_view_response.go:14.23,16.3 1 0
github.com/xdzczk/nostrmash/internal/api_primal/thread_view_response.go:17.2,25.3 1 3
github.com/xdzczk/nostrmash/internal/api_primal/ws_gateway.go:64.72,65.32 1 53
github.com/xdzczk/nostrmash/internal/api_primal/ws_gateway.go:65.32,67.3 1 52
github.com/xdzczk/nostrmash/internal/api_primal/ws_gateway.go:68.2,68.30 1 53
github.com/xdzczk/nostrmash/internal/api_primal/ws_gateway.go:68.30,70.3 1 53
github.com/xdzczk/nostrmash/internal/api_primal/ws_gateway.go:71.2,71.31 1 53
github.com/xdzczk/nostrmash/internal/api_primal/ws_gateway.go:71.31,73.3 1 53
github.com/xdzczk/nostrmash/internal/api_primal/ws_gateway.go:74.2,74.31 1 53
github.com/xdzczk/nostrmash/internal/api_primal/ws_gateway.go:74.31,76.3 1 51
github.com/xdzczk/nostrmash/internal/api_primal/ws_gateway.go:77.2,77.33 1 53
github.com/xdzczk/nostrmash/internal/api_primal/ws_gateway.go:77.33,79.3 1 52
github.com/xdzczk/nostrmash/internal/api_primal/ws_gateway.go:80.2,81.18 2 53
github.com/xdzczk/nostrmash/internal/api_primal/ws_gateway.go:81.18,83.3 1 53
github.com/xdzczk/nostrmash/internal/api_primal/ws_gateway.go:84.2,87.44 1 53
github.com/xdzczk/nostrmash/internal/api_primal/ws_gateway.go:87.44,87.75 1 55
github.com/xdzczk/nostrmash/internal/api_primal/ws_gateway.go:94.67,96.16 2 55
github.com/xdzczk/nostrmash/internal/api_primal/ws_gateway.go:96.16,98.3 1 1
github.com/xdzczk/nostrmash/internal/api_primal/ws_gateway.go:99.2,117.37 17 54
github.com/xdzczk/nostrmash/internal/api_primal/ws_gateway.go:117.37,121.3 3 249
github.com/xdzczk/nostrmash/internal/api_primal/ws_gateway.go:123.2,123.12 1 54
github.com/xdzczk/nostrmash/internal/api_primal/ws_gateway.go:123.12,126.7 3 54
github.com/xdzczk/nostrmash/internal/api_primal/ws_gateway.go:126.7,127.11 1 56
github.com/xdzczk/nostrmash/internal/api_primal/ws_gateway.go:128.16,129.11 1 54
github.com/xdzczk/nostrmash/internal/api_primal/ws_gateway.go:130.20,133.45 3 2
github.com/xdzczk/nostrmash/internal/api_primal/ws_gateway.go:133.45,135.6 1 2
github.com/xdzczk/nostrmash/internal/api_primal/ws_gateway.go:136.5,137.34 2 2
github.com/xdzczk/nostrmash/internal/api_primal/ws_gateway.go:137.34,139.20 2 2
github.com/xdzczk/nostrmash/internal/api_primal/ws_gateway.go:139.20,140.15 1 0
github.com/xdzczk/nostrmash/internal/api_primal/ws_gateway.go:142.6,142.45 1 2
github.com/xdzczk/nostrmash/internal/api_primal/ws_gateway.go:142.45,144.7 1 0
github.com/xdzczk/nostrmash/internal/api_primal/ws_gateway.go:150.2,150.6 1 54
github.com/xdzczk/nostrmash/internal/api_primal/ws_gateway.go:150.6,152.17 2 145
github.com/xdzczk/nostrmash/internal/api_primal/ws_gateway.go:152.17,154.4 1 54
github.com/xdzczk/nostrmash/internal/api_primal/ws_gateway.go:155.3,156.17 2 91
github.com/xdzczk/nostrmash/internal/api_primal/ws_gateway.go:156.17,158.12 2 0
github.com/xdzczk/nostrmash/internal/api_primal/ws_gateway.go:160.3,160.19 1 91
github.com/xdzczk/nostrmash/internal/api_primal/ws_gateway.go:160.19,162.12 2 0
github.com/xdzczk/nostrmash/internal/api_primal/ws_gateway.go:164.3,167.15 4 91
github.com/xdzczk/nostrmash/internal/api_primal/ws_gateway.go:168.14,169.20 1 89
github.com/xdzczk/nostrmash/internal/api_primal/ws_gateway.go:169.20,173.13 4 0
github.com/xdzczk/nostrmash/internal/api_primal/ws_gateway.go:175.4,176.45 2 89
github.com/xdzczk/nostrmash/internal/api_primal/ws_gateway.go:176.45,180.5 3 0
github.com/xdzczk/nostrmash/internal/api_primal/ws_gateway.go:181.4,182.44 2 89
github.com/xdzczk/nostrmash/internal/api_primal/ws_gateway.go:182.44,186.13 4 1
github.com/xdzczk/nostrmash/internal/api_primal/ws_gateway.go:189.4,189.40 1 88
github.com/xdzczk/nostrmash/internal/api_primal/ws_gateway.go:189.40,191.49 2 17
github.com/xdzczk/nostrmash/internal/api_primal/ws_gateway.go:191.49,195.14 4 1
github.com/xdzczk/nostrmash/internal/api_primal/ws_gateway.go:199.4,200.53 2 87
github.com/xdzczk/nostrmash/internal/api_primal/ws_gateway.go:200.53,205.13 5 0
github.com/xdzczk/nostrmash/internal/api_primal/ws_gateway.go:207.4,209.99 3 87
github.com/xdzczk/nostrmash/internal/api_primal/ws_gateway.go:209.99,214.13 5 3
github.com/xdzczk/nostrmash/internal/api_primal/ws_gateway.go:216.4,219.33 4 84
github.com/xdzczk/nostrmash/internal/api_primal/ws_gateway.go:219.33,220.44 1 156
github.com/xdzczk/nostrmash/internal/api_primal/ws_gateway.go:220.44,222.6 1 0
github.com/xdzczk/nostrmash/internal/api_primal/ws_gateway.go:224.4,225.66 2 84
github.com/xdzczk/nostrmash/internal/api_primal/ws_gateway.go:225.66,229.13 4 0
github.com/xdzczk/nostrmash/internal/api_primal/ws_gateway.go:231.4,234.15 4 84
github.com/xdzczk/nostrmash/internal/api_primal/ws_gateway.go:235.16,240.77 5 2
github.com/xdzczk/nostrmash/internal/api_primal/ws_gateway.go:241.11,243.67 2 0
github.com/xdzczk/nostrmash/internal/api_primal/ws_gateway.go:248.118,250.36 2 84
github.com/xdzczk/nostrmash/internal/api_primal/ws_gateway.go:250.36,253.35 3 84
github.com/xdzczk/nostrmash/internal/api_primal/ws_gateway.go:253.35,257.9 4 0
github.com/xdzczk/nostrmash/internal/api_primal/ws_gateway.go:259.3,260.10 2 84
github.com/xdzczk/nostrmash/internal/api_primal/ws_gateway.go:260.10,264.12 4 0
github.com/xdzczk/nostrmash/internal/api_primal/ws_gateway.go:266.3,268.17 3 84
github.com/xdzczk/nostrmash/internal/api_primal/ws_gateway.go:268.17,269.84 1 9
github.com/xdzczk/nostrmash/internal/api_primal/ws_gateway.go:269.84,273.10 4 0
github.com/xdzczk/nostrmash/internal/api_primal/ws_gateway.go:275.4,278.12 4 9
github.com/xdzczk/nostrmash/internal/api_primal/ws_gateway.go:280.3,282.37 3 75
github.com/xdzczk/nostrmash/internal/api_primal/ws_gateway.go:282.37,284.4 1 147
github.com/xdzczk/nostrmash/internal/api_primal/ws_gateway.go:286.2,286.15 1 84
github.com/xdzczk/nostrmash/internal/api_primal/ws_gateway.go:289.93,290.41 1 84
github.com/xdzczk/nostrmash/internal/api_primal/ws_gateway.go:290.41,292.33 2 83
github.com/xdzczk/nostrmash/internal/api_primal/ws_gateway.go:292.33,294.4 1 0
github.com/xdzczk/nostrmash/internal/api_primal/ws_gateway.go:295.3,297.25 3 83
github.com/xdzczk/nostrmash/internal/api_primal/ws_gateway.go:297.25,298.50 1 80
github.com/xdzczk/nostrmash/internal/api_primal/ws_gateway.go:298.50,300.5 1 80
github.com/xdzczk/nostrmash/internal/api_primal/ws_gateway.go:302.3,302.51 1 83
github.com/xdzczk/nostrmash/internal/api_primal/ws_gateway.go:304.2,304.37 1 1
github.com/xdzczk/nostrmash/internal/api_primal/ws_gateway.go:304.37,307.17 3 0
github.com/xdzczk/nostrmash/internal/api_primal/ws_gateway.go:307.17,309.4 1 0
github.com/xdzczk/nostrmash/internal/api_primal/ws_gateway.go:310.3,311.26 2 0
github.com/xdzczk/nostrmash/internal/api_primal/ws_gateway.go:311.26,312.32 1 0
github.com/xdzczk/nostrmash/internal/api_primal/ws_gateway.go:312.32,314.5 1 0
github.com/xdzczk/nostrmash/internal/api_primal/ws_gateway.go:316.3,316.18 1 0
github.com/xdzczk/nostrmash/internal/api_primal/ws_gateway.go:318.2,318.49 1 1
github.com/xdzczk/nostrmash/internal/api_primal/ws_gateway.go:318.49,321.3 2 1
github.com/xdzczk/nostrmash/internal/api_primal/ws_gateway.go:322.2,322.39 1 0
github.com/xdzczk/nostrmash/internal/api_primal/ws_gateway.go:325.113,326.53 1 83
github.com/xdzczk/nostrmash/internal/api_primal/ws_gateway.go:327.16,330.17 3 2
github.com/xdzczk/nostrmash/internal/api_primal/ws_gateway.go:330.17,332.4 1 0
github.com/xdzczk/nostrmash/internal/api_primal/ws_gateway.go:333.3,334.26 2 2
github.com/xdzczk/nostrmash/internal/api_primal/ws_gateway.go:334.26,335.32 1 3
github.com/xdzczk/nostrmash/internal/api_primal/ws_gateway.go:335.32,337.5 1 1
github.com/xdzczk/nostrmash/internal/api_primal/ws_gateway.go:339.3,339.18 1 2
github.com/xdzczk/nostrmash/internal/api_primal/ws_gateway.go:340.22,343.17 3 1
github.com/xdzczk/nostrmash/internal/api_primal/ws_gateway.go:343.17,345.4 1 0
github.com/xdzczk/nostrmash/internal/api_primal/ws_gateway.go:346.3,351.10 1 1
github.com/xdzczk/nostrmash/internal/api_primal/ws_gateway.go:352.20,355.17 3 0
github.com/xdzczk/nostrmash/internal/api_primal/ws_gateway.go:355.17,357.4 1 0
github.com/xdzczk/nostrmash/internal/api_primal/ws_gateway.go:358.3,359.43 2 0
github.com/xdzczk/nostrmash/internal/api_primal/ws_gateway.go:359.43,366.4 1 0
github.com/xdzczk/nostrmash/internal/api_primal/ws_gateway.go:367.3,367.18 1 0
github.com/xdzczk/nostrmash/internal/api_primal/ws_gateway.go:368.21,374.17 6 7
github.com/xdzczk/nostrmash/internal/api_primal/ws_gateway.go:374.17,376.4 1 1
github.com/xdzczk/nostrmash/internal/api_primal/ws_gateway.go:377.3,378.17 2 6
github.com/xdzczk/nostrmash/internal/api_primal/ws_gateway.go:378.17,380.4 1 0
github.com/xdzczk/nostrmash/internal/api_primal/ws_gateway.go:381.3,382.17 2 6
github.com/xdzczk/nostrmash/internal/api_primal/ws_gateway.go:382.17,384.4 1 0
github.com/xdzczk/nostrmash/internal/api_primal/ws_gateway.go:385.3,386.17 2 6
github.com/xdzczk/nostrmash/internal/api_primal/ws_gateway.go:386.17,388.4 1 0
github.com/xdzczk/nostrmash/internal/api_primal/ws_gateway.go:389.3,389.63 1 6
github.com/xdzczk/nostrmash/internal/api_primal/ws_gateway.go:390.14,394.17 4 0
github.com/xdzczk/nostrmash/internal/api_primal/ws_gateway.go:394.17,396.4 1 0
github.com/xdzczk/nostrmash/internal/api_primal/ws_gateway.go:397.3,397.39 1 0
github.com/xdzczk/nostrmash/internal/api_primal/ws_gateway.go:398.24,402.17 4 0
github.com/xdzczk/nostrmash/internal/api_primal/ws_gateway.go:402.17,404.4 1 0
github.com/xdzczk/nostrmash/internal/api_primal/ws_gateway.go:405.3,405.39 1 0
github.com/xdzczk/nostrmash/internal/api_primal/ws_gateway.go:406.23,409.17 3 0
github.com/xdzczk/nostrmash/internal/api_primal/ws_gateway.go:409.17,411.4 1 0
github.com/xdzczk/nostrmash/internal/api_primal/ws_gateway.go:412.3,412.28 1 0
github.com/xdzczk/nostrmash/internal/api_primal/ws_gateway.go:413.22,416.17 3 0
github.com/xdzczk/nostrmash/internal/api_primal/ws_gateway.go:416.17,418.4 1 0
github.com/xdzczk/nostrmash/internal/api_primal/ws_gateway.go:419.3,424.10 1 0
github.com/xdzczk/nostrmash/internal/api_primal/ws_gateway.go:425.20,428.17 3 0
github.com/xdzczk/nostrmash/internal/api_primal/ws_gateway.go:428.17,430.4 1 0
github.com/xdzczk/nostrmash/internal/api_primal/ws_gateway.go:431.3,436.10 1 0
github.com/xdzczk/nostrmash/internal/api_primal/ws_gateway.go:437.16,440.47 3 1
github.com/xdzczk/nostrmash/internal/api_primal/ws_gateway.go:441.19,444.67 3 0
github.com/xdzczk/nostrmash/internal/api_primal/ws_gateway.go:445.33,448.77 3 0
github.com/xdzczk/nostrmash/internal/api_primal/ws_gateway.go:449.34,452.79 3 0
github.com/xdzczk/nostrmash/internal/api_primal/ws_gateway.go:453.27,457.17 4 1
github.com/xdzczk/nostrmash/internal/api_primal/ws_gateway.go:457.17,459.4 1 0
github.com/xdzczk/nostrmash/internal/api_primal/ws_gateway.go:460.3,464.10 1 1
github.com/xdzczk/nostrmash/internal/api_primal/ws_gateway.go:465.24,470.17 5 1
github.com/xdzczk/nostrmash/internal/api_primal/ws_gateway.go:470.17,472.4 1 0
github.com/xdzczk/nostrmash/internal/api_primal/ws_gateway.go:473.3,477.10 1 1
github.com/xdzczk/nostrmash/internal/api_primal/ws_gateway.go:478.32,480.51 2 4
github.com/xdzczk/nostrmash/internal/api_primal/ws_gateway.go:480.51,482.4 1 0
github.com/xdzczk/nostrmash/internal/api_primal/ws_gateway.go:483.3,484.17 2 4
github.com/xdzczk/nostrmash/internal/api_primal/ws_gateway.go:484.17,486.4 1 0
github.com/xdzczk/nostrmash/internal/api_primal/ws_gateway.go:487.3,492.17 6 4
github.com/xdzczk/nostrmash/internal/api_primal/ws_gateway.go:492.17,494.4 1 0
github.com/xdzczk/nostrmash/internal/api_primal/ws_gateway.go:495.3,495.76 1 4
github.com/xdzczk/nostrmash/internal/api_primal/ws_gateway.go:496.23,499.72 3 1
github.com/xdzczk/nostrmash/internal/api_primal/ws_gateway.go:500.24,501.50 1 2
github.com/xdzczk/nostrmash/internal/api_primal/ws_gateway.go:502.32,503.51 1 1
github.com/xdzczk/nostrmash/internal/api_primal/ws_gateway.go:504.39,505.57 1 2
github.com/xdzczk/nostrmash/internal/api_primal/ws_gateway.go:506.24,508.51 2 3
github.com/xdzczk/nostrmash/internal/api_primal/ws_gateway.go:508.51,510.4 1 1
github.com/xdzczk/nostrmash/internal/api_primal/ws_gateway.go:511.3,512.36 2 2
github.com/xdzczk/nostrmash/internal/api_primal/ws_gateway.go:512.36,514.4 1 0
github.com/xdzczk/nostrmash/internal/api_primal/ws_gateway.go:515.3,515.49 1 2
github.com/xdzczk/nostrmash/internal/api_primal/ws_gateway.go:515.49,517.4 1 0
github.com/xdzczk/nostrmash/internal/api_primal/ws_gateway.go:518.3,523.17 6 2
github.com/xdzczk/nostrmash/internal/api_primal/ws_gateway.go:523.17,525.4 1 0
github.com/xdzczk/nostrmash/internal/api_primal/ws_gateway.go:526.3,526.70 1 2
github.com/xdzczk/nostrmash/internal/api_primal/ws_gateway.go:527.25,529.51 2 1
github.com/xdzczk/nostrmash/internal/api_primal/ws_gateway.go:529.51,531.4 1 1
github.com/xdzczk/nostrmash/internal/api_primal/ws_gateway.go:532.3,533.19 2 0
github.com/xdzczk/nostrmash/internal/api_primal/ws_gateway.go:533.19,534.52 1 0
github.com/xdzczk/nostrmash/internal/api_primal/ws_gateway.go:534.52,536.5 1 0
github.com/xdzczk/nostrmash/internal/api_primal/ws_gateway.go:538.3,539.17 2 0
github.com/xdzczk/nostrmash/internal/api_primal/ws_gateway.go:539.17,541.4 1 0
github.com/xdzczk/nostrmash/internal/api_primal/ws_gateway.go:542.3,542.57 1 0
github.com/xdzczk/nostrmash/internal/api_primal/ws_gateway.go:543.27,545.51 2 0
github.com/xdzczk/nostrmash/internal/api_primal/ws_gateway.go:545.51,547.4 1 0
github.com/xdzczk/nostrmash/internal/api_primal/ws_gateway.go:548.3,549.19 2 0
github.com/xdzczk/nostrmash/internal/api_primal/ws_gateway.go:549.19,550.52 1 0
github.com/xdzczk/nostrmash/internal/api_primal/ws_gateway.go:550.52,552.5 1 0
github.com/xdzczk/nostrmash/internal/api_primal/ws_gateway.go:554.3,555.17 2 0
github.com/xdzczk/nostrmash/internal/api_primal/ws_gateway.go:555.17,557.4 1 0
github.com/xdzczk/nostrmash/internal/api_primal/ws_gateway.go:558.3,558.58 1 0
github.com/xdzczk/nostrmash/internal/api_primal/ws_gateway.go:559.31,561.17 2 4
github.com/xdzczk/nostrmash/internal/api_primal/ws_gateway.go:561.17,563.4 1 2
github.com/xdzczk/nostrmash/internal/api_primal/ws_gateway.go:564.3,564.80 1 2
github.com/xdzczk/nostrmash/internal/api_primal/ws_gateway.go:564.80,566.4 1 0
github.com/xdzczk/nostrmash/internal/api_primal/ws_gateway.go:567.3,567.81 1 2
github.com/xdzczk/nostrmash/internal/api_primal/ws_gateway.go:567.81,569.4 1 0
github.com/xdzczk/nostrmash/internal/api_primal/ws_gateway.go:570.3,570.22 1 2
github.com/xdzczk/nostrmash/internal/api_primal/ws_gateway.go:571.32,573.17 2 1
github.com/xdzczk/nostrmash/internal/api_primal/ws_gateway.go:573.17,575.4 1 0
github.com/xdzczk/nostrmash/internal/api_primal/ws_gateway.go:576.3,576.73 1 1
github.com/xdzczk/nostrmash/internal/api_primal/ws_gateway.go:576.73,578.4 1 0
github.com/xdzczk/nostrmash/internal/api_primal/ws_gateway.go:579.3,579.22 1 1
github.com/xdzczk/nostrmash/internal/api_primal/ws_gateway.go:580.23,583.71 3 1
github.com/xdzczk/nostrmash/internal/api_primal/ws_gateway.go:584.24,587.72 3 1
github.com/xdzczk/nostrmash/internal/api_primal/ws_gateway.go:588.18,590.72 2 3
github.com/xdzczk/nostrmash/internal/api_primal/ws_gateway.go:591.19,593.77 2 3
github.com/xdzczk/nostrmash/internal/api_primal/ws_gateway.go:594.19,596.77 2 3
github.com/xdzczk/nostrmash/internal/api_primal/ws_gateway.go:597.41,598.63 1 3
github.com/xdzczk/nostrmash/internal/api_primal/ws_gateway.go:599.27,600.54 1 5
github.com/xdzczk/nostrmash/internal/api_primal/ws_gateway.go:601.40,605.35 4 5
github.com/xdzczk/nostrmash/internal/api_primal/ws_gateway.go:605.35,607.4 1 1
github.com/xdzczk/nostrmash/internal/api_primal/ws_gateway.go:609.3,609.138 1 4
github.com/xdzczk/nostrmash/internal/api_primal/ws_gateway.go:610.40,614.35 4 3
github.com/xdzczk/nostrmash/internal/api_primal/ws_gateway.go:614.35,616.4 1 0
github.com/xdzczk/nostrmash/internal/api_primal/ws_gateway.go:617.3,618.17 2 3
github.com/xdzczk/nostrmash/internal/api_primal/ws_gateway.go:618.17,620.4 1 0
github.com/xdzczk/nostrmash/internal/api_primal/ws_gateway.go:621.3,621.27 1 3
github.com/xdzczk/nostrmash/internal/api_primal/ws_gateway.go:622.41,623.44 1 3
github.com/xdzczk/nostrmash/internal/api_primal/ws_gateway.go:623.44,625.18 2 2
github.com/xdzczk/nostrmash/internal/api_primal/ws_gateway.go:625.18,627.5 1 0
github.com/xdzczk/nostrmash/internal/api_primal/ws_gateway.go:628.4,629.29 2 2
github.com/xdzczk/nostrmash/internal/api_primal/ws_gateway.go:629.29,631.19 2 6
github.com/xdzczk/nostrmash/internal/api_primal/ws_gateway.go:631.19,632.31 1 2
github.com/xdzczk/nostrmash/internal/api_primal/ws_gateway.go:632.31,633.15 1 2
github.com/xdzczk/nostrmash/internal/api_primal/ws_gateway.go:635.6,635.46 1 0
github.com/xdzczk/nostrmash/internal/api_primal/ws_gateway.go:637.5,637.29 1 4
github.com/xdzczk/nostrmash/internal/api_primal/ws_gateway.go:639.4,639.37 1 2
github.com/xdzczk/nostrmash/internal/api_primal/ws_gateway.go:641.3,644.97 4 1
github.com/xdzczk/nostrmash/internal/api_primal/ws_gateway.go:645.51,647.17 2 1
github.com/xdzczk/nostrmash/internal/api_primal/ws_gateway.go:647.17,649.4 1 0
github.com/xdzczk/nostrmash/internal/api_primal/ws_gateway.go:650.3,650.27 1 1
github.com/xdzczk/nostrmash/internal/api_primal/ws_gateway.go:651.21,652.64 1 1
github.com/xdzczk/nostrmash/internal/api_primal/ws_gateway.go:653.31,656.17 3 3
github.com/xdzczk/nostrmash/internal/api_primal/ws_gateway.go:656.17,658.4 1 0
github.com/xdzczk/nostrmash/internal/api_primal/ws_gateway.go:659.3,661.11 1 3
github.com/xdzczk/nostrmash/internal/api_primal/ws_gateway.go:662.26,665.17 3 3
github.com/xdzczk/nostrmash/internal/api_primal/ws_gateway.go:665.17,667.4 1 0
github.com/xdzczk/nostrmash/internal/api_primal/ws_gateway.go:668.3,670.11 1 3
github.com/xdzczk/nostrmash/internal/api_primal/ws_gateway.go:671.30,674.17 3 3
github.com/xdzczk/nostrmash/internal/api_primal/ws_gateway.go:674.17,676.4 1 0
github.com/xdzczk/nostrmash/internal/api_primal/ws_gateway.go:677.3,678.32 2 3
github.com/xdzczk/nostrmash/internal/api_primal/ws_gateway.go:678.32,680.20 2 5
github.com/xdzczk/nostrmash/internal/api_primal/ws_gateway.go:680.20,681.13 1 0
github.com/xdzczk/nostrmash/internal/api_primal/ws_gateway.go:683.4,683.37 1 5
github.com/xdzczk/nostrmash/internal/api_primal/ws_gateway.go:685.3,689.18 3 3
github.com/xdzczk/nostrmash/internal/api_primal/ws_gateway.go:690.28,694.49 4 3
github.com/xdzczk/nostrmash/internal/api_primal/ws_gateway.go:694.49,698.30 4 2
github.com/xdzczk/nostrmash/internal/api_primal/ws_gateway.go:698.30,699.86 1 2
github.com/xdzczk/nostrmash/internal/api_primal/ws_gateway.go:699.86,700.39 1 2
github.com/xdzczk/nostrmash/internal/api_primal/ws_gateway.go:700.39,701.35 1 4
github.com/xdzczk/nostrmash/internal/api_primal/ws_gateway.go:701.35,703.8 1 4
github.com/xdzczk/nostrmash/internal/api_primal/ws_gateway.go:707.4,707.19 1 2
github.com/xdzczk/nostrmash/internal/api_primal/ws_gateway.go:709.3,709.87 1 1
github.com/xdzczk/nostrmash/internal/api_primal/ws_gateway.go:709.87,711.4 1 0
github.com/xdzczk/nostrmash/internal/api_primal/ws_gateway.go:712.3,713.17 2 1
github.com/xdzczk/nostrmash/internal/api_primal/ws_gateway.go:713.17,715.4 1 0
github.com/xdzczk/nostrmash/internal/api_primal/ws_gateway.go:716.3,717.30 2 1
github.com/xdzczk/nostrmash/internal/api_primal/ws_gateway.go:717.30,719.57 2 1
github.com/xdzczk/nostrmash/internal/api_primal/ws_gateway.go:719.57,720.13 1 0
github.com/xdzczk/nostrmash/internal/api_primal/ws_gateway.go:722.4,722.48 1 1
github.com/xdzczk/nostrmash/internal/api_primal/ws_gateway.go:724.3,727.11 1 1
github.com/xdzczk/nostrmash/internal/api_primal/ws_gateway.go:728.28,731.17 3 4
github.com/xdzczk/nostrmash/internal/api_primal/ws_gateway.go:731.17,733.4 1 0
github.com/xdzczk/nostrmash/internal/api_primal/ws_gateway.go:734.3,734.10 1 4
github.com/xdzczk/nostrmash/internal/api_primal/ws_gateway.go:734.10,736.4 1 1
github.com/xdzczk/nostrmash/internal/api_primal/ws_gateway.go:737.3,739.18 3 3
github.com/xdzczk/nostrmash/internal/api_primal/ws_gateway.go:740.10,741.40 1 3
github.com/xdzczk/nostrmash/internal/api_primal/ws_gateway.go:745.101,747.16 2 2
github.com/xdzczk/nostrmash/internal/api_primal/ws_gateway.go:747.16,749.3 1 0
github.com/xdzczk/nostrmash/internal/api_primal/ws_gateway.go:750.2,751.38 2 2
github.com/xdzczk/nostrmash/internal/api_primal/ws_gateway.go:751.38,753.3 1 2
github.com/xdzczk/nostrmash/internal/api_primal/ws_gateway.go:754.2,754.42 1 2
github.com/xdzczk/nostrmash/internal/api_primal/ws_gateway.go:754.42,762.3 1 2
github.com/xdzczk/nostrmash/internal/api_primal/ws_gateway.go:763.2,763.17 1 2
github.com/xdzczk/nostrmash/internal/api_primal/ws_gateway.go:766.105,768.82 2 2
github.com/xdzczk/nostrmash/internal/api_primal/ws_gateway.go:768.82,770.17 2 2
github.com/xdzczk/nostrmash/internal/api_primal/ws_gateway.go:770.17,772.4 1 0
github.com/xdzczk/nostrmash/internal/api_primal/ws_gateway.go:773.3,773.75 1 2
github.com/xdzczk/nostrmash/internal/api_primal/ws_gateway.go:775.2,777.38 3 0
github.com/xdzczk/nostrmash/internal/api_primal/ws_gateway.go:777.38,780.17 3 0
github.com/xdzczk/nostrmash/internal/api_primal/ws_gateway.go:780.17,782.4 1 0
github.com/xdzczk/nostrmash/internal/api_primal/ws_gateway.go:783.3,783.75 1 0
github.com/xdzczk/nostrmash/internal/api_primal/ws_gateway.go:785.2,786.16 2 0
github.com/xdzczk/nostrmash/internal/api_primal/ws_gateway.go:786.16,788.3 1 0
github.com/xdzczk/nostrmash/internal/api_primal/ws_gateway.go:789.2,789.74 1 0
github.com/xdzczk/nostrmash/internal/api_primal/ws_gateway.go:792.106,796.15 4 1
github.com/xdzczk/nostrmash/internal/api_primal/ws_gateway.go:797.22,799.17 2 0
github.com/xdzczk/nostrmash/internal/api_primal/ws_gateway.go:799.17,801.4 1 0
github.com/xdzczk/nostrmash/internal/api_primal/ws_gateway.go:802.3,802.75 1 0
github.com/xdzczk/nostrmash/internal/api_primal/ws_gateway.go:803.17,804.19 1 1
github.com/xdzczk/nostrmash/internal/api_primal/ws_gateway.go:804.19,806.4 1 0
github.com/xdzczk/nostrmash/internal/api_primal/ws_gateway.go:807.3,808.43 2 1
github.com/xdzczk/nostrmash/internal/api_primal/ws_gateway.go:808.43,810.4 1 0
github.com/xdzczk/nostrmash/internal/api_primal/ws_gateway.go:811.3,813.33 3 1
github.com/xdzczk/nostrmash/internal/api_primal/ws_gateway.go:813.33,815.23 2 2
github.com/xdzczk/nostrmash/internal/api_primal/ws_gateway.go:815.23,817.5 1 0
github.com/xdzczk/nostrmash/internal/api_primal/ws_gateway.go:818.4,818.44 1 2
github.com/xdzczk/nostrmash/internal/api_primal/ws_gateway.go:820.3,821.78 2 1
github.com/xdzczk/nostrmash/internal/api_primal/ws_gateway.go:822.10,823.51 1 0
github.com/xdzczk/nostrmash/internal/api_primal/ws_gateway.go:827.112,830.38 3 2
github.com/xdzczk/nostrmash/internal/api_primal/ws_gateway.go:830.38,832.3 1 0
github.com/xdzczk/nostrmash/internal/api_primal/ws_gateway.go:833.2,838.16 6 2
github.com/xdzczk/nostrmash/internal/api_primal/ws_gateway.go:838.16,840.3 1 0
github.com/xdzczk/nostrmash/internal/api_primal/ws_gateway.go:841.2,842.16 2 2
github.com/xdzczk/nostrmash/internal/api_primal/ws_gateway.go:842.16,844.3 1 0
github.com/xdzczk/nostrmash/internal/api_primal/ws_gateway.go:845.2,846.16 2 2
github.com/xdzczk/nostrmash/internal/api_primal/ws_gateway.go:846.16,848.3 1 0
github.com/xdzczk/nostrmash/internal/api_primal/ws_gateway.go:849.2,850.19 2 2
github.com/xdzczk/nostrmash/internal/api_primal/ws_gateway.go:850.19,852.3 1 0
github.com/xdzczk/nostrmash/internal/api_primal/ws_gateway.go:853.2,854.16 2 2
github.com/xdzczk/nostrmash/internal/api_primal/ws_gateway.go:854.16,856.3 1 0
github.com/xdzczk/nostrmash/internal/api_primal/ws_gateway.go:857.2,858.23 2 2
github.com/xdzczk/nostrmash/internal/api_primal/ws_gateway.go:858.23,860.3 1 0
github.com/xdzczk/nostrmash/internal/api_primal/ws_gateway.go:861.2,861.23 1 2
github.com/xdzczk/nostrmash/internal/api_primal/ws_gateway.go:861.23,863.3 1 0
github.com/xdzczk/nostrmash/internal/api_primal/ws_gateway.go:864.2,865.16 2 2
github.com/xdzczk/nostrmash/internal/api_primal/ws_gateway.go:865.16,867.3 1 0
github.com/xdzczk/nostrmash/internal/api_primal/ws_gateway.go:868.2,873.30 6 2
github.com/xdzczk/nostrmash/internal/api_primal/ws_gateway.go:873.30,875.3 1 0
github.com/xdzczk/nostrmash/internal/api_primal/ws_gateway.go:876.2,877.16 2 2
github.com/xdzczk/nostrmash/internal/api_primal/ws_gateway.go:877.16,879.3 1 0
github.com/xdzczk/nostrmash/internal/api_primal/ws_gateway.go:880.2,880.62 1 2
github.com/xdzczk/nostrmash/internal/api_primal/ws_gateway.go:890.29,892.16 2 6
github.com/xdzczk/nostrmash/internal/api_primal/ws_gateway.go:892.16,894.3 1 0
github.com/xdzczk/nostrmash/internal/api_primal/ws_gateway.go:895.2,898.17 4 6
github.com/xdzczk/nostrmash/internal/api_primal/ws_gateway.go:911.45,918.6 7 8
github.com/xdzczk/nostrmash/internal/api_primal/ws_gateway.go:918.6,920.17 2 14
github.com/xdzczk/nostrmash/internal/api_primal/ws_gateway.go:920.17,922.4 1 0
github.com/xdzczk/nostrmash/internal/api_primal/ws_gateway.go:923.3,923.16 1 14
github.com/xdzczk/nostrmash/internal/api_primal/ws_gateway.go:923.16,926.4 2 8
github.com/xdzczk/nostrmash/internal/api_primal/ws_gateway.go:927.3,928.29 2 14
github.com/xdzczk/nostrmash/internal/api_primal/ws_gateway.go:928.29,929.9 1 6
github.com/xdzczk/nostrmash/internal/api_primal/ws_gateway.go:931.3,931.29 1 8
github.com/xdzczk/nostrmash/internal/api_primal/ws_gateway.go:931.29,932.9 1 0
github.com/xdzczk/nostrmash/internal/api_primal/ws_gateway.go:934.3,935.46 2 8
github.com/xdzczk/nostrmash/internal/api_primal/ws_gateway.go:935.46,936.9 1 2
github.com/xdzczk/nostrmash/internal/api_primal/ws_gateway.go:938.3,939.30 2 6
github.com/xdzczk/nostrmash/internal/api_primal/ws_gateway.go:942.2,943.43 2 8
github.com/xdzczk/nostrmash/internal/api_primal/ws_gateway.go:943.43,945.10 2 30
github.com/xdzczk/nostrmash/internal/api_primal/ws_gateway.go:945.10,946.12 1 0
github.com/xdzczk/nostrmash/internal/api_primal/ws_gateway.go:948.3,952.5 1 30
github.com/xdzczk/nostrmash/internal/api_primal/ws_gateway.go:954.2,954.30 1 8
github.com/xdzczk/nostrmash/internal/api_primal/ws_gateway.go:962.48,964.19 2 8
github.com/xdzczk/nostrmash/internal/api_primal/ws_gateway.go:964.19,966.39 2 2
github.com/xdzczk/nostrmash/internal/api_primal/ws_gateway.go:966.39,967.68 1 7
github.com/xdzczk/nostrmash/internal/api_primal/ws_gateway.go:967.68,969.10 2 2
github.com/xdzczk/nostrmash/internal/api_primal/ws_gateway.go:973.2,973.15 1 8
github.com/xdzczk/nostrmash/internal/api_primal/ws_gateway.go:973.15,975.3 1 0
github.com/xdzczk/nostrmash/internal/api_primal/ws_gateway.go:976.2,976.30 1 8
github.com/xdzczk/nostrmash/internal/api_primal/ws_gateway.go:976.30,978.3 1 0
github.com/xdzczk/nostrmash/internal/api_primal/ws_gateway.go:979.2,980.28 2 8
github.com/xdzczk/nostrmash/internal/api_primal/ws_gateway.go:980.28,982.3 1 1
github.com/xdzczk/nostrmash/internal/api_primal/ws_gateway.go:983.2,985.31 3 8
github.com/xdzczk/nostrmash/internal/api_primal/ws_gateway.go:985.31,987.3 1 14
github.com/xdzczk/nostrmash/internal/api_primal/ws_gateway.go:988.2,989.47 2 8
github.com/xdzczk/nostrmash/internal/api_primal/ws_gateway.go:989.47,995.3 2 6
github.com/xdzczk/nostrmash/internal/api_primal/ws_gateway.go:996.2,996.18 1 8
github.com/xdzczk/nostrmash/internal/api_primal/ws_gateway.go:999.64,1001.31 2 2
github.com/xdzczk/nostrmash/internal/api_primal/ws_gateway.go:1001.31,1003.10 2 2
github.com/xdzczk/nostrmash/internal/api_primal/ws_gateway.go:1003.10,1004.12 1 0
github.com/xdzczk/nostrmash/internal/api_primal/ws_gateway.go:1006.3,1010.5 1 2
github.com/xdzczk/nostrmash/internal/api_primal/ws_gateway.go:1012.2,1012.12 1 2
github.com/xdzczk/nostrmash/internal/api_primal/ws_gateway.go:1015.84,1018.46 3 2
github.com/xdzczk/nostrmash/internal/api_primal/ws_gateway.go:1018.46,1019.32 1 4
github.com/xdzczk/nostrmash/internal/api_primal/ws_gateway.go:1019.32,1020.22 1 6
github.com/xdzczk/nostrmash/internal/api_primal/ws_gateway.go:1020.22,1021.13 1 0
github.com/xdzczk/nostrmash/internal/api_primal/ws_gateway.go:1023.4,1023.35 1 6
github.com/xdzczk/nostrmash/internal/api_primal/ws_gateway.go:1023.35,1024.13 1 0
github.com/xdzczk/nostrmash/internal/api_primal/ws_gateway.go:1026.4,1027.34 2 6
github.com/xdzczk/nostrmash/internal/api_primal/ws_gateway.go:1030.2,1032.47 3 2
github.com/xdzczk/nostrmash/internal/api_primal/ws_gateway.go:1032.47,1033.49 1 6
github.com/xdzczk/nostrmash/internal/api_primal/ws_gateway.go:1033.49,1035.4 1 0
github.com/xdzczk/nostrmash/internal/api_primal/ws_gateway.go:1036.3,1036.51 1 6
github.com/xdzczk/nostrmash/internal/api_primal/ws_gateway.go:1038.2,1038.15 1 2
github.com/xdzczk/nostrmash/internal/api_primal/ws_gateway.go:1041.113,1044.49 3 8
github.com/xdzczk/nostrmash/internal/api_primal/ws_gateway.go:1044.49,1045.32 1 32
github.com/xdzczk/nostrmash/internal/api_primal/ws_gateway.go:1045.32,1047.16 2 33
github.com/xdzczk/nostrmash/internal/api_primal/ws_gateway.go:1047.16,1048.30 1 33
github.com/xdzczk/nostrmash/internal/api_primal/ws_gateway.go:1048.30,1049.14 1 0
github.com/xdzczk/nostrmash/internal/api_primal/ws_gateway.go:1051.5,1051.26 1 33
github.com/xdzczk/nostrmash/internal/api_primal/ws_gateway.go:1053.4,1053.28 1 33
github.com/xdzczk/nostrmash/internal/api_primal/ws_gateway.go:1058.2,1067.12 7 8
github.com/xdzczk/nostrmash/internal/api_primal/ws_gateway.go:1070.61,1077.27 7 8
github.com/xdzczk/nostrmash/internal/api_primal/ws_gateway.go:1077.27,1081.55 2 28
github.com/xdzczk/nostrmash/internal/api_primal/ws_gateway.go:1081.55,1082.12 1 0
github.com/xdzczk/nostrmash/internal/api_primal/ws_gateway.go:1084.3,1085.19 2 28
github.com/xdzczk/nostrmash/internal/api_primal/ws_gateway.go:1085.19,1086.12 1 16
github.com/xdzczk/nostrmash/internal/api_primal/ws_gateway.go:1088.3,1088.32 1 12
github.com/xdzczk/nostrmash/internal/api_primal/ws_gateway.go:1088.32,1089.12 1 7
github.com/xdzczk/nostrmash/internal/api_primal/ws_gateway.go:1091.3,1092.28 2 5
github.com/xdzczk/nostrmash/internal/api_primal/ws_gateway.go:1094.2,1094.12 1 8
github.com/xdzczk/nostrmash/internal/api_primal/ws_gateway.go:1097.55,1099.31 2 8
github.com/xdzczk/nostrmash/internal/api_primal/ws_gateway.go:1099.31,1101.17 2 5
github.com/xdzczk/nostrmash/internal/api_primal/ws_gateway.go:1101.17,1102.12 1 0
github.com/xdzczk/nostrmash/internal/api_primal/ws_gateway.go:1104.3,1104.42 1 5
github.com/xdzczk/nostrmash/internal/api_primal/ws_gateway.go:1106.2,1106.12 1 8
github.com/xdzczk/nostrmash/internal/api_primal/ws_gateway.go:1109.49,1113.54 2 41
github.com/xdzczk/nostrmash/internal/api_primal/ws_gateway.go:1113.54,1115.3 1 0
github.com/xdzczk/nostrmash/internal/api_primal/ws_gateway.go:1116.2,1116.38 1 41
github.com/xdzczk/nostrmash/internal/api_primal/ws_gateway.go:1119.67,1124.54 2 34
github.com/xdzczk/nostrmash/internal/api_primal/ws_gateway.go:1124.54,1126.3 1 0
github.com/xdzczk/nostrmash/internal/api_primal/ws_gateway.go:1127.2,1128.22 2 34
github.com/xdzczk/nostrmash/internal/api_primal/ws_gateway.go:1128.22,1130.3 1 0
github.com/xdzczk/nostrmash/internal/api_primal/ws_gateway.go:1131.2,1131.44 1 34
github.com/xdzczk/nostrmash/internal/api_primal/ws_gateway.go:1134.74,1138.54 2 2
github.com/xdzczk/nostrmash/internal/api_primal/ws_gateway.go:1138.54,1140.3 1 0
github.com/xdzczk/nostrmash/internal/api_primal/ws_gateway.go:1141.2,1142.38 2 2
github.com/xdzczk/nostrmash/internal/api_primal/ws_gateway.go:1142.38,1144.29 2 4
github.com/xdzczk/nostrmash/internal/api_primal/ws_gateway.go:1144.29,1145.12 1 0
github.com/xdzczk/nostrmash/internal/api_primal/ws_gateway.go:1147.3,1149.26 3 4
github.com/xdzczk/nostrmash/internal/api_primal/ws_gateway.go:1149.26,1150.12 1 0
github.com/xdzczk/nostrmash/internal/api_primal/ws_gateway.go:1152.3,1152.58 1 4
github.com/xdzczk/nostrmash/internal/api_primal/ws_gateway.go:1152.58,1154.19 2 4
github.com/xdzczk/nostrmash/internal/api_primal/ws_gateway.go:1154.19,1156.5 1 4
github.com/xdzczk/nostrmash/internal/api_primal/ws_gateway.go:1159.2,1159.12 1 2
github.com/xdzczk/nostrmash/internal/api_primal/ws_gateway.go:1162.97,1166.8 2 8
github.com/xdzczk/nostrmash/internal/api_primal/ws_gateway.go:1166.8,1169.3 2 8
github.com/xdzczk/nostrmash/internal/api_primal/ws_gateway.go:1170.2,1175.3 3 8
github.com/xdzczk/nostrmash/internal/api_primal/ws_gateway.go:1178.80,1186.31 4 1
github.com/xdzczk/nostrmash/internal/api_primal/ws_gateway.go:1186.31,1188.10 2 2
github.com/xdzczk/nostrmash/internal/api_primal/ws_gateway.go:1188.10,1189.12 1 0
github.com/xdzczk/nostrmash/internal/api_primal/ws_gateway.go:1191.3,1191.36 1 2
github.com/xdzczk/nostrmash/internal/api_primal/ws_gateway.go:1191.36,1192.12 1 0
github.com/xdzczk/nostrmash/internal/api_primal/ws_gateway.go:1194.3,1199.5 2 2
github.com/xdzczk/nostrmash/internal/api_primal/ws_gateway.go:1201.2,1201.48 1 1
github.com/xdzczk/nostrmash/internal/api_primal/ws_gateway.go:1201.48,1202.51 1 1
github.com/xdzczk/nostrmash/internal/api_primal/ws_gateway.go:1202.51,1204.4 1 0
github.com/xdzczk/nostrmash/internal/api_primal/ws_gateway.go:1205.3,1205.53 1 1
github.com/xdzczk/nostrmash/internal/api_primal/ws_gateway.go:1207.2,1207.39 1 1
github.com/xdzczk/nostrmash/internal/api_primal/ws_gateway.go:1207.39,1209.3 1 0
github.com/xdzczk/nostrmash/internal/api_primal/ws_gateway.go:1210.2,1211.31 2 1
github.com/xdzczk/nostrmash/internal/api_primal/ws_gateway.go:1211.31,1213.3 1 2
github.com/xdzczk/nostrmash/internal/api_primal/ws_gateway.go:1214.2,1214.12 1 1
github.com/xdzczk/nostrmash/internal/api_primal/ws_gateway.go:1217.55,1219.31 2 19
github.com/xdzczk/nostrmash/internal/api_primal/ws_gateway.go:1219.31,1221.3 1 22
github.com/xdzczk/nostrmash/internal/api_primal/ws_gateway.go:1222.2,1222.12 1 19
github.com/xdzczk/nostrmash/internal/api_primal/ws_gateway.go:1225.79,1226.16 1 8
github.com/xdzczk/nostrmash/internal/api_primal/ws_gateway.go:1226.16,1228.3 1 0
github.com/xdzczk/nostrmash/internal/api_primal/ws_gateway.go:1229.2,1229.38 1 8
github.com/xdzczk/nostrmash/internal/api_primal/ws_gateway.go:1232.49,1234.54 2 91
github.com/xdzczk/nostrmash/internal/api_primal/ws_gateway.go:1234.54,1236.3 1 0
github.com/xdzczk/nostrmash/internal/api_primal/ws_gateway.go:1237.2,1237.17 1 91
github.com/xdzczk/nostrmash/internal/api_primal/ws_gateway.go:1240.56,1242.16 2 249
github.com/xdzczk/nostrmash/internal/api_primal/ws_gateway.go:1242.16,1244.3 1 0
github.com/xdzczk/nostrmash/internal/api_primal/ws_gateway.go:1245.2,1245.54 1 249
github.com/xdzczk/nostrmash/internal/api_primal/ws_gateway.go:1248.36,1250.9 2 8
github.com/xdzczk/nostrmash/internal/api_primal/ws_gateway.go:1250.9,1251.43 1 2
github.com/xdzczk/nostrmash/internal/api_primal/ws_gateway.go:1251.43,1253.4 1 0
github.com/xdzczk/nostrmash/internal/api_primal/ws_gateway.go:1254.3,1254.20 1 2
github.com/xdzczk/nostrmash/internal/api_primal/ws_gateway.go:1256.2,1257.31 2 6
github.com/xdzczk/nostrmash/internal/api_primal/ws_gateway.go:1257.31,1259.10 2 11
github.com/xdzczk/nostrmash/internal/api_primal/ws_gateway.go:1259.10,1260.12 1 0
github.com/xdzczk/nostrmash/internal/api_primal/ws_gateway.go:1262.3,1263.14 2 11
github.com/xdzczk/nostrmash/internal/api_primal/ws_gateway.go:1263.14,1264.12 1 0
github.com/xdzczk/nostrmash/internal/api_primal/ws_gateway.go:1266.3,1266.23 1 11
github.com/xdzczk/nostrmash/internal/api_primal/ws_gateway.go:1268.2,1268.12 1 6
github.com/xdzczk/nostrmash/internal/api_primal/ws_gateway.go:1271.37,1272.27 1 66
github.com/xdzczk/nostrmash/internal/api_primal/ws_gateway.go:1273.11,1274.16 1 0
github.com/xdzczk/nostrmash/internal/api_primal/ws_gateway.go:1274.16,1276.4 1 0
github.com/xdzczk/nostrmash/internal/api_primal/ws_gateway.go:1277.15,1279.17 2 40
github.com/xdzczk/nostrmash/internal/api_primal/ws_gateway.go:1279.17,1281.4 1 40
github.com/xdzczk/nostrmash/internal/api_primal/ws_gateway.go:1283.2,1283.17 1 26
github.com/xdzczk/nostrmash/internal/api_primal/ws_gateway.go:1286.61,1288.16 2 21
github.com/xdzczk/nostrmash/internal/api_primal/ws_gateway.go:1288.16,1290.3 1 0
github.com/xdzczk/nostrmash/internal/api_primal/ws_gateway.go:1291.2,1291.17 1 21
github.com/xdzczk/nostrmash/internal/api_primal/ws_gateway.go:1291.17,1293.3 1 0
github.com/xdzczk/nostrmash/internal/api_primal/ws_gateway.go:1294.2,1294.14 1 21
github.com/xdzczk/nostrmash/internal/api_primal/ws_gateway.go:1297.64,1299.27 2 9
github.com/xdzczk/nostrmash/internal/api_primal/ws_gateway.go:1300.11,1301.16 1 0
github.com/xdzczk/nostrmash/internal/api_primal/ws_gateway.go:1302.15,1303.21 1 2
github.com/xdzczk/nostrmash/internal/api_primal/ws_gateway.go:1305.2,1305.15 1 9
github.com/xdzczk/nostrmash/internal/api_primal/ws_gateway.go:1305.15,1307.3 1 0
github.com/xdzczk/nostrmash/internal/api_primal/ws_gateway.go:1308.2,1308.17 1 9
github.com/xdzczk/nostrmash/internal/api_primal/ws_gateway.go:1308.17,1310.3 1 0
github.com/xdzczk/nostrmash/internal/api_primal/ws_gateway.go:1311.2,1311.14 1 9
github.com/xdzczk/nostrmash/internal/api_primal/ws_gateway.go:1314.73,1315.43 1 14
github.com/xdzczk/nostrmash/internal/api_primal/ws_gateway.go:1315.43,1317.10 2 10
github.com/xdzczk/nostrmash/internal/api_primal/ws_gateway.go:1317.10,1319.4 1 0
github.com/xdzczk/nostrmash/internal/api_primal/ws_gateway.go:1320.3,1320.50 1 10
github.com/xdzczk/nostrmash/internal/api_primal/ws_gateway.go:1322.2,1322.38 1 4
github.com/xdzczk/nostrmash/internal/api_primal/ws_gateway.go:1322.38,1324.10 2 3
github.com/xdzczk/nostrmash/internal/api_primal/ws_gateway.go:1324.10,1326.4 1 0
github.com/xdzczk/nostrmash/internal/api_primal/ws_gateway.go:1327.3,1327.50 1 3
github.com/xdzczk/nostrmash/internal/api_primal/ws_gateway.go:1329.2,1329.23 1 1
github.com/xdzczk/nostrmash/internal/api_primal/ws_gateway.go:1338.88,1340.9 2 2
github.com/xdzczk/nostrmash/internal/api_primal/ws_gateway.go:1340.9,1342.3 1 0
github.com/xdzczk/nostrmash/internal/api_primal/ws_gateway.go:1343.2,1344.31 2 2
github.com/xdzczk/nostrmash/internal/api_primal/ws_gateway.go:1344.31,1346.10 2 6
github.com/xdzczk/nostrmash/internal/api_primal/ws_gateway.go:1346.10,1348.4 1 0
github.com/xdzczk/nostrmash/internal/api_primal/ws_gateway.go:1349.3,1352.17 4 6
github.com/xdzczk/nostrmash/internal/api_primal/ws_gateway.go:1352.17,1354.4 1 0
github.com/xdzczk/nostrmash/internal/api_primal/ws_gateway.go:1355.3,1355.50 1 6
github.com/xdzczk/nostrmash/internal/api_primal/ws_gateway.go:1355.50,1357.4 1 0
github.com/xdzczk/nostrmash/internal/api_primal/ws_gateway.go:1358.3,1362.5 1 6
github.com/xdzczk/nostrmash/internal/api_primal/ws_gateway.go:1364.2,1364.17 1 2
github.com/xdzczk/nostrmash/internal/api_primal/ws_gateway.go:1367.49,1368.14 1 9
github.com/xdzczk/nostrmash/internal/api_primal/ws_gateway.go:1368.14,1370.3 1 6
github.com/xdzczk/nostrmash/internal/api_primal/ws_gateway.go:1371.2,1372.9 2 3
github.com/xdzczk/nostrmash/internal/api_primal/ws_gateway.go:1372.9,1374.3 1 1
github.com/xdzczk/nostrmash/internal/api_primal/ws_gateway.go:1375.2,1375.38 1 2
github.com/xdzczk/nostrmash/internal/api_primal/ws_gateway.go:1378.43,1379.27 1 12
github.com/xdzczk/nostrmash/internal/api_primal/ws_gateway.go:1380.11,1381.17 1 0
github.com/xdzczk/nostrmash/internal/api_primal/ws_gateway.go:1381.17,1383.4 1 0
github.com/xdzczk/nostrmash/internal/api_primal/ws_gateway.go:1384.13,1385.17 1 0
github.com/xdzczk/nostrmash/internal/api_primal/ws_gateway.go:1385.17,1387.4 1 0
github.com/xdzczk/nostrmash/internal/api_primal/ws_gateway.go:1388.15,1390.18 2 0
github.com/xdzczk/nostrmash/internal/api_primal/ws_gateway.go:1390.18,1392.4 1 0
github.com/xdzczk/nostrmash/internal/api_primal/ws_gateway.go:1394.2,1394.17 1 12
github.com/xdzczk/nostrmash/internal/api_primal/ws_gateway.go:1397.58,1398.41 1 84
github.com/xdzczk/nostrmash/internal/api_primal/ws_gateway.go:1398.41,1400.33 2 83
github.com/xdzczk/nostrmash/internal/api_primal/ws_gateway.go:1400.33,1402.4 1 0
github.com/xdzczk/nostrmash/internal/api_primal/ws_gateway.go:1403.3,1403.44 1 83
github.com/xdzczk/nostrmash/internal/api_primal/ws_gateway.go:1403.44,1405.18 2 83
github.com/xdzczk/nostrmash/internal/api_primal/ws_gateway.go:1405.18,1407.5 1 83
github.com/xdzczk/nostrmash/internal/api_primal/ws_gateway.go:1409.3,1409.17 1 0
github.com/xdzczk/nostrmash/internal/api_primal/ws_gateway.go:1411.2,1411.32 1 1
github.com/xdzczk/nostrmash/internal/api_primal/ws_gateway.go:1411.32,1413.3 1 0
github.com/xdzczk/nostrmash/internal/api_primal/ws_gateway.go:1414.2,1414.35 1 1
github.com/xdzczk/nostrmash/internal/api_primal/ws_gateway.go:1414.35,1416.3 1 1
github.com/xdzczk/nostrmash/internal/api_primal/ws_gateway.go:1417.2,1417.34 1 0
github.com/xdzczk/nostrmash/internal/api_primal/ws_gateway.go:1417.34,1419.3 1 0
github.com/xdzczk/nostrmash/internal/api_primal/ws_gateway.go:1420.2,1420.34 1 0
github.com/xdzczk/nostrmash/internal/api_primal/ws_gateway.go:1420.34,1422.3 1 0
github.com/xdzczk/nostrmash/internal/api_primal/ws_gateway.go:1423.2,1423.18 1 0
github.com/xdzczk/nostrmash/internal/api_primal/ws_gateway.go:1426.63,1428.18 2 55
github.com/xdzczk/nostrmash/internal/api_primal/ws_gateway.go:1428.18,1431.3 1 53
github.com/xdzczk/nostrmash/internal/api_primal/ws_gateway.go:1432.2,1432.25 1 2
github.com/xdzczk/nostrmash/internal/api_primal/ws_gateway.go:1432.25,1434.3 1 0
github.com/xdzczk/nostrmash/internal/api_primal/ws_gateway.go:1435.2,1435.35 1 2
github.com/xdzczk/nostrmash/internal/api_primal/ws_gateway.go:1435.35,1437.3 1 0
github.com/xdzczk/nostrmash/internal/api_primal/ws_gateway.go:1438.2,1439.72 2 2
github.com/xdzczk/nostrmash/internal/api_primal/ws_gateway.go:1439.72,1441.3 1 0
github.com/xdzczk/nostrmash/internal/api_primal/ws_gateway.go:1442.2,1443.46 2 2
github.com/xdzczk/nostrmash/internal/api_primal/ws_gateway.go:1443.46,1445.20 2 2
github.com/xdzczk/nostrmash/internal/api_primal/ws_gateway.go:1445.20,1446.12 1 0
github.com/xdzczk/nostrmash/internal/api_primal/ws_gateway.go:1448.3,1448.51 1 2
github.com/xdzczk/nostrmash/internal/api_primal/ws_gateway.go:1448.51,1450.4 1 1
github.com/xdzczk/nostrmash/internal/api_primal/ws_gateway.go:1452.2,1452.14 1 1
github.com/xdzczk/nostrmash/internal/api_primal/ws_gateway.go:1455.50,1456.36 1 88
github.com/xdzczk/nostrmash/internal/api_primal/ws_gateway.go:1456.36,1458.10 2 88
github.com/xdzczk/nostrmash/internal/api_primal/ws_gateway.go:1458.10,1459.12 1 0
github.com/xdzczk/nostrmash/internal/api_primal/ws_gateway.go:1461.3,1462.10 2 88
github.com/xdzczk/nostrmash/internal/api_primal/ws_gateway.go:1462.10,1463.12 1 1
github.com/xdzczk/nostrmash/internal/api_primal/ws_gateway.go:1465.3,1466.33 2 87
github.com/xdzczk/nostrmash/internal/api_primal/ws_gateway.go:1466.33,1467.12 1 0
github.com/xdzczk/nostrmash/internal/api_primal/ws_gateway.go:1469.3,1470.51 2 87
github.com/xdzczk/nostrmash/internal/api_primal/ws_gateway.go:1471.142,1472.15 1 17
github.com/xdzczk/nostrmash/internal/api_primal/ws_gateway.go:1475.2,1475.14 1 71
github.com/xdzczk/nostrmash/internal/api_primal/ws_gateway.go:1478.86,1479.36 1 171
github.com/xdzczk/nostrmash/internal/api_primal/ws_gateway.go:1479.36,1481.10 2 171
github.com/xdzczk/nostrmash/internal/api_primal/ws_gateway.go:1481.10,1482.12 1 0
github.com/xdzczk/nostrmash/internal/api_primal/ws_gateway.go:1484.3,1485.10 2 171
github.com/xdzczk/nostrmash/internal/api_primal/ws_gateway.go:1485.10,1486.12 1 2
github.com/xdzczk/nostrmash/internal/api_primal/ws_gateway.go:1488.3,1489.33 2 169
github.com/xdzczk/nostrmash/internal/api_primal/ws_gateway.go:1489.33,1490.12 1 0
github.com/xdzczk/nostrmash/internal/api_primal/ws_gateway.go:1492.3,1494.63 3 169
github.com/xdzczk/nostrmash/internal/api_primal/ws_gateway.go:1494.63,1495.12 1 164
github.com/xdzczk/nostrmash/internal/api_primal/ws_gateway.go:1497.3,1498.25 2 5
github.com/xdzczk/nostrmash/internal/api_primal/ws_gateway.go:1498.25,1499.50 1 5
github.com/xdzczk/nostrmash/internal/api_primal/ws_gateway.go:1499.50,1501.5 1 5
github.com/xdzczk/nostrmash/internal/api_primal/ws_gateway.go:1503.3,1505.21 3 5
github.com/xdzczk/nostrmash/internal/api_primal/ws_gateway.go:1505.21,1507.4 1 0
github.com/xdzczk/nostrmash/internal/api_primal/ws_gateway.go:1508.3,1508.53 1 5
github.com/xdzczk/nostrmash/internal/api_primal/ws_gateway.go:1508.53,1510.4 1 2
github.com/xdzczk/nostrmash/internal/api_primal/ws_gateway.go:1511.3,1513.19 3 3
github.com/xdzczk/nostrmash/internal/api_primal/ws_gateway.go:1513.19,1514.52 1 0
github.com/xdzczk/nostrmash/internal/api_primal/ws_gateway.go:1514.52,1516.5 1 0
github.com/xdzczk/nostrmash/internal/api_primal/ws_gateway.go:1518.3,1523.10 1 3
github.com/xdzczk/nostrmash/internal/api_primal/ws_gateway.go:1525.2,1525.36 1 166
github.com/xdzczk/nostrmash/internal/api_primal/ws_gateway.go:1528.47,1529.23 1 3
github.com/xdzczk/nostrmash/internal/api_primal/ws_gateway.go:1529.23,1531.3 1 0
github.com/xdzczk/nostrmash/internal/api_primal/ws_gateway.go:1532.2,1532.36 1 3
github.com/xdzczk/nostrmash/internal/api_primal/ws_gateway.go:1532.36,1534.10 2 3
github.com/xdzczk/nostrmash/internal/api_primal/ws_gateway.go:1534.10,1536.4 1 0
github.com/xdzczk/nostrmash/internal/api_primal/ws_gateway.go:1537.3,1538.10 2 3
github.com/xdzczk/nostrmash/internal/api_primal/ws_gateway.go:1538.10,1540.4 1 0
github.com/xdzczk/nostrmash/internal/api_primal/ws_gateway.go:1541.3,1542.33 2 3
github.com/xdzczk/nostrmash/internal/api_primal/ws_gateway.go:1542.33,1544.4 1 0
github.com/xdzczk/nostrmash/internal/api_primal/ws_gateway.go:1545.3,1547.63 3 3
github.com/xdzczk/nostrmash/internal/api_primal/ws_gateway.go:1547.63,1549.4 1 0
github.com/xdzczk/nostrmash/internal/api_primal/ws_gateway.go:1551.2,1551.13 1 3
github.com/xdzczk/nostrmash/internal/api_primal/ws_gateway.go:1554.45,1556.23 2 20
github.com/xdzczk/nostrmash/internal/api_primal/ws_gateway.go:1556.23,1558.3 1 4
github.com/xdzczk/nostrmash/internal/api_primal/ws_gateway.go:1559.2,1559.27 1 16
github.com/xdzczk/nostrmash/internal/api_primal/ws_gateway.go:1559.27,1560.55 1 1024
github.com/xdzczk/nostrmash/internal/api_primal/ws_gateway.go:1560.55,1561.12 1 1024
github.com/xdzczk/nostrmash/internal/api_primal/ws_gateway.go:1563.3,1563.27 1 0
github.com/xdzczk/nostrmash/internal/api_primal/ws_gateway.go:1563.27,1564.12 1 0
github.com/xdzczk/nostrmash/internal/api_primal/ws_gateway.go:1566.3,1566.38 1 0
github.com/xdzczk/nostrmash/internal/api_primal/ws_gateway.go:1568.2,1568.12 1 16
github.com/xdzczk/nostrmash/internal/api_primal/ws_gateway.go:1571.101,1573.9 2 4
github.com/xdzczk/nostrmash/internal/api_primal/ws_gateway.go:1573.9,1575.3 1 1
github.com/xdzczk/nostrmash/internal/api_primal/ws_gateway.go:1576.2,1577.16 2 3
github.com/xdzczk/nostrmash/internal/api_primal/ws_gateway.go:1577.16,1579.3 1 0
github.com/xdzczk/nostrmash/internal/api_primal/ws_gateway.go:1580.2,1581.21 2 3
github.com/xdzczk/nostrmash/internal/api_primal/ws_gateway.go:1581.21,1583.3 1 0
github.com/xdzczk/nostrmash/internal/api_primal/ws_gateway.go:1584.2,1585.39 2 3
github.com/xdzczk/nostrmash/internal/api_primal/ws_gateway.go:1585.39,1587.3 1 0
github.com/xdzczk/nostrmash/internal/api_primal/ws_gateway.go:1588.2,1588.39 1 3
github.com/xdzczk/nostrmash/internal/api_primal/ws_gateway.go:1588.39,1590.3 1 1
github.com/xdzczk/nostrmash/internal/api_primal/ws_gateway.go:1591.2,1592.52 2 2
github.com/xdzczk/nostrmash/internal/api_primal/ws_gateway.go:1592.52,1594.3 1 0
github.com/xdzczk/nostrmash/internal/api_primal/ws_gateway.go:1595.2,1596.37 2 2
github.com/xdzczk/nostrmash/internal/api_primal/ws_gateway.go:1596.37,1598.3 1 0
github.com/xdzczk/nostrmash/internal/api_primal/ws_gateway.go:1599.2,1599.50 1 2
github.com/xdzczk/nostrmash/internal/api_primal/ws_gateway.go:1599.50,1601.3 1 0
github.com/xdzczk/nostrmash/internal/api_primal/ws_gateway.go:1602.2,1602.30 1 2
github.com/xdzczk/nostrmash/internal/api_primal/ws_gateway.go:1605.76,1607.9 2 1
github.com/xdzczk/nostrmash/internal/api_primal/ws_gateway.go:1607.9,1609.3 1 0
github.com/xdzczk/nostrmash/internal/api_primal/ws_gateway.go:1610.2,1611.16 2 1
github.com/xdzczk/nostrmash/internal/api_primal/ws_gateway.go:1611.16,1613.3 1 0
github.com/xdzczk/nostrmash/internal/api_primal/ws_gateway.go:1614.2,1615.21 2 1
github.com/xdzczk/nostrmash/internal/api_primal/ws_gateway.go:1615.21,1617.3 1 0
github.com/xdzczk/nostrmash/internal/api_primal/ws_gateway.go:1618.2,1619.39 2 1
github.com/xdzczk/nostrmash/internal/api_primal/ws_gateway.go:1619.39,1621.3 1 0
github.com/xdzczk/nostrmash/internal/api_primal/ws_gateway.go:1622.2,1622.39 1 1
github.com/xdzczk/nostrmash/internal/api_primal/ws_gateway.go:1622.39,1624.3 1 0
github.com/xdzczk/nostrmash/internal/api_primal/ws_gateway.go:1625.2,1626.52 2 1
github.com/xdzczk/nostrmash/internal/api_primal/ws_gateway.go:1626.52,1628.3 1 0
github.com/xdzczk/nostrmash/internal/api_primal/ws_gateway.go:1629.2,1629.22 1 1
github.com/xdzczk/nostrmash/internal/api_primal/ws_gateway.go:1632.100,1634.16 2 2
github.com/xdzczk/nostrmash/internal/api_primal/ws_gateway.go:1634.16,1636.3 1 0
github.com/xdzczk/nostrmash/internal/api_primal/ws_gateway.go:1637.2,1637.37 1 2
github.com/xdzczk/nostrmash/internal/api_primal/ws_gateway.go:1637.37,1639.3 1 1
github.com/xdzczk/nostrmash/internal/api_primal/ws_gateway.go:1640.2,1640.76 1 1
github.com/xdzczk/nostrmash/internal/api_primal/ws_gateway.go:1650.63,1655.2 1 1
github.com/xdzczk/nostrmash/internal/api_primal/ws_gateway.go:1657.64,1663.2 2 1
github.com/xdzczk/nostrmash/internal/api_primal/ws_gateway.go:1665.66,1668.20 3 4
github.com/xdzczk/nostrmash/internal/api_primal/ws_gateway.go:1668.20,1670.3 1 2
github.com/xdzczk/nostrmash/internal/api_primal/ws_gateway.go:1671.2,1671.18 1 2
github.com/xdzczk/nostrmash/internal/api_primal/ws_gateway.go:1672.33,1673.23 1 2
github.com/xdzczk/nostrmash/internal/api_primal/ws_gateway.go:1674.10,1675.44 1 0
github.com/xdzczk/nostrmash/internal/api_primal/ws_gateway.go:1679.148,1681.23 2 4
github.com/xdzczk/nostrmash/internal/api_primal/ws_gateway.go:1681.23,1682.74 1 2
github.com/xdzczk/nostrmash/internal/api_primal/ws_gateway.go:1682.74,1684.4 1 2
github.com/xdzczk/nostrmash/internal/api_primal/ws_gateway.go:1686.2,1687.29 2 4
github.com/xdzczk/nostrmash/internal/api_primal/ws_gateway.go:1687.29,1689.55 2 7
github.com/xdzczk/nostrmash/internal/api_primal/ws_gateway.go:1689.55,1690.12 1 0
github.com/xdzczk/nostrmash/internal/api_primal/ws_gateway.go:1692.3,1693.31 2 7
github.com/xdzczk/nostrmash/internal/api_primal/ws_gateway.go:1693.31,1694.12 1 0
github.com/xdzczk/nostrmash/internal/api_primal/ws_gateway.go:1696.3,1696.28 1 7
github.com/xdzczk/nostrmash/internal/api_primal/ws_gateway.go:1696.28,1697.49 1 2
github.com/xdzczk/nostrmash/internal/api_primal/ws_gateway.go:1697.49,1698.13 1 1
github.com/xdzczk/nostrmash/internal/api_primal/ws_gateway.go:1701.3,1701.26 1 6
github.com/xdzczk/nostrmash/internal/api_primal/ws_gateway.go:1701.26,1702.48 1 2
github.com/xdzczk/nostrmash/internal/api_primal/ws_gateway.go:1702.48,1703.13 1 1
github.com/xdzczk/nostrmash/internal/api_primal/ws_gateway.go:1706.3,1706.39 1 5
github.com/xdzczk/nostrmash/internal/api_primal/ws_gateway.go:1708.2,1713.35 6 4
github.com/xdzczk/nostrmash/internal/api_primal/ws_gateway.go:1713.35,1719.49 2 5
github.com/xdzczk/nostrmash/internal/api_primal/ws_gateway.go:1719.49,1722.4 2 5
github.com/xdzczk/nostrmash/internal/api_primal/ws_gateway.go:1723.3,1724.15 2 5
github.com/xdzczk/nostrmash/internal/api_primal/ws_gateway.go:1724.15,1725.12 1 0
github.com/xdzczk/nostrmash/internal/api_primal/ws_gateway.go:1727.3,1727.34 1 5
github.com/xdzczk/nostrmash/internal/api_primal/ws_gateway.go:1727.34,1728.12 1 0
github.com/xdzczk/nostrmash/internal/api_primal/ws_gateway.go:1730.3,1731.36 2 5
github.com/xdzczk/nostrmash/internal/api_primal/ws_gateway.go:1733.2,1738.24 3 4
github.com/xdzczk/nostrmash/internal/api_primal/ws_gateway.go:1738.24,1739.70 1 4
github.com/xdzczk/nostrmash/internal/api_primal/ws_gateway.go:1739.70,1740.33 1 1
github.com/xdzczk/nostrmash/internal/api_primal/ws_gateway.go:1740.33,1741.33 1 2
github.com/xdzczk/nostrmash/internal/api_primal/ws_gateway.go:1741.33,1743.6 1 2
github.com/xdzczk/nostrmash/internal/api_primal/ws_gateway.go:1747.2,1750.17 4 4
github.com/xdzczk/nostrmash/internal/api_primal/ws_gateway.go:1753.71,1756.53 3 3
github.com/xdzczk/nostrmash/internal/api_primal/ws_gateway.go:1756.53,1757.32 1 3
github.com/xdzczk/nostrmash/internal/api_primal/ws_gateway.go:1757.32,1759.19 2 4
github.com/xdzczk/nostrmash/internal/api_primal/ws_gateway.go:1759.19,1761.5 1 4
github.com/xdzczk/nostrmash/internal/api_primal/ws_gateway.go:1763.3,1763.13 1 3
github.com/xdzczk/nostrmash/internal/api_primal/ws_gateway.go:1765.2,1766.54 2 0
github.com/xdzczk/nostrmash/internal/api_primal/ws_gateway.go:1766.54,1768.3 1 0
github.com/xdzczk/nostrmash/internal/api_primal/ws_gateway.go:1769.2,1769.32 1 0
github.com/xdzczk/nostrmash/internal/api_primal/ws_gateway.go:1769.32,1770.32 1 0
github.com/xdzczk/nostrmash/internal/api_primal/ws_gateway.go:1771.15,1773.19 2 0
github.com/xdzczk/nostrmash/internal/api_primal/ws_gateway.go:1773.19,1775.5 1 0
github.com/xdzczk/nostrmash/internal/api_primal/ws_gateway.go:1776.23,1779.20 3 0
github.com/xdzczk/nostrmash/internal/api_primal/ws_gateway.go:1779.20,1781.5 1 0
github.com/xdzczk/nostrmash/internal/api_primal/ws_gateway.go:1784.2,1784.12 1 0
github.com/xdzczk/nostrmash/internal/api_primal/ws_gateway.go:1805.128,1807.16 2 9
github.com/xdzczk/nostrmash/internal/api_primal/ws_gateway.go:1807.16,1809.3 1 0
github.com/xdzczk/nostrmash/internal/api_primal/ws_gateway.go:1810.2,1813.17 4 9
github.com/xdzczk/nostrmash/internal/api_primal/ws_gateway.go:1816.109,1819.24 3 5
github.com/xdzczk/nostrmash/internal/api_primal/ws_gateway.go:1819.24,1821.3 1 1
github.com/xdzczk/nostrmash/internal/api_primal/ws_gateway.go:1822.2,1823.16 2 5
github.com/xdzczk/nostrmash/internal/api_primal/ws_gateway.go:1823.16,1825.3 1 0
github.com/xdzczk/nostrmash/internal/api_primal/ws_gateway.go:1826.2,1827.16 2 5
github.com/xdzczk/nostrmash/internal/api_primal/ws_gateway.go:1827.16,1829.3 1 0
github.com/xdzczk/nostrmash/internal/api_primal/ws_gateway.go:1831.2,1832.24 2 5
github.com/xdzczk/nostrmash/internal/api_primal/ws_gateway.go:1832.24,1833.69 1 4
github.com/xdzczk/nostrmash/internal/api_primal/ws_gateway.go:1833.69,1835.4 1 1
github.com/xdzczk/nostrmash/internal/api_primal/ws_gateway.go:1835.9,1835.75 1 3
github.com/xdzczk/nostrmash/internal/api_primal/ws_gateway.go:1835.75,1837.4 1 2
github.com/xdzczk/nostrmash/internal/api_primal/ws_gateway.go:1839.2,1840.38 2 5
github.com/xdzczk/nostrmash/internal/api_primal/ws_gateway.go:1840.38,1842.28 2 2
github.com/xdzczk/nostrmash/internal/api_primal/ws_gateway.go:1842.28,1849.4 1 1
github.com/xdzczk/nostrmash/internal/api_primal/ws_gateway.go:1851.2,1851.19 1 5
github.com/xdzczk/nostrmash/internal/api_primal/ws_gateway.go:1851.19,1853.3 1 1
github.com/xdzczk/nostrmash/internal/api_primal/ws_gateway.go:1854.2,1855.90 2 4
github.com/xdzczk/nostrmash/internal/api_primal/ws_gateway.go:1855.90,1857.3 1 3
github.com/xdzczk/nostrmash/internal/api_primal/ws_gateway.go:1858.2,1859.17 2 4
github.com/xdzczk/nostrmash/internal/api_primal/ws_gateway.go:1862.118,1864.18 2 3
github.com/xdzczk/nostrmash/internal/api_primal/ws_gateway.go:1864.18,1866.3 1 1
github.com/xdzczk/nostrmash/internal/api_primal/ws_gateway.go:1867.2,1868.65 2 3
github.com/xdzczk/nostrmash/internal/api_primal/ws_gateway.go:1868.65,1869.79 1 2
github.com/xdzczk/nostrmash/internal/api_primal/ws_gateway.go:1869.79,1871.4 1 0
github.com/xdzczk/nostrmash/internal/api_primal/ws_gateway.go:1873.2,1873.85 1 3
github.com/xdzczk/nostrmash/internal/api_primal/ws_gateway.go:1873.85,1875.3 1 0
github.com/xdzczk/nostrmash/internal/api_primal/ws_gateway.go:1876.2,1880.25 4 3
github.com/xdzczk/nostrmash/internal/api_primal/ws_gateway.go:1880.25,1882.3 1 3
github.com/xdzczk/nostrmash/internal/api_primal/ws_gateway.go:1883.2,1889.38 6 3
github.com/xdzczk/nostrmash/internal/api_primal/ws_gateway.go:1889.38,1892.17 3 2
github.com/xdzczk/nostrmash/internal/api_primal/ws_gateway.go:1892.17,1894.4 1 0
github.com/xdzczk/nostrmash/internal/api_primal/ws_gateway.go:1895.3,1896.17 2 2
github.com/xdzczk/nostrmash/internal/api_primal/ws_gateway.go:1896.17,1898.4 1 0
github.com/xdzczk/nostrmash/internal/api_primal/ws_gateway.go:1900.2,1900.33 1 3
github.com/xdzczk/nostrmash/internal/api_primal/ws_gateway.go:1900.33,1901.63 1 4
github.com/xdzczk/nostrmash/internal/api_primal/ws_gateway.go:1901.63,1904.12 3 2
github.com/xdzczk/nostrmash/internal/api_primal/ws_gateway.go:1906.3,1906.62 1 2
github.com/xdzczk/nostrmash/internal/api_primal/ws_gateway.go:1906.62,1909.12 3 2
github.com/xdzczk/nostrmash/internal/api_primal/ws_gateway.go:1911.3,1912.29 2 0
github.com/xdzczk/nostrmash/internal/api_primal/ws_gateway.go:1915.2,1917.35 3 3
github.com/xdzczk/nostrmash/internal/api_primal/ws_gateway.go:1917.35,1919.17 2 5
github.com/xdzczk/nostrmash/internal/api_primal/ws_gateway.go:1919.17,1920.29 1 0
github.com/xdzczk/nostrmash/internal/api_primal/ws_gateway.go:1920.29,1923.13 3 0
github.com/xdzczk/nostrmash/internal/api_primal/ws_gateway.go:1925.4,1925.44 1 0
github.com/xdzczk/nostrmash/internal/api_primal/ws_gateway.go:1927.3,1928.33 2 5
github.com/xdzczk/nostrmash/internal/api_primal/ws_gateway.go:1931.2,1950.25 4 3
github.com/xdzczk/nostrmash/internal/api_primal/ws_gateway.go:1950.25,1954.3 3 3
github.com/xdzczk/nostrmash/internal/api_primal/ws_gateway.go:1955.2,1955.33 1 3
github.com/xdzczk/nostrmash/internal/api_primal/ws_gateway.go:1958.70,1964.2 2 4
github.com/xdzczk/nostrmash/internal/api_primal/ws_gateway.go:1966.136,1968.18 2 23
github.com/xdzczk/nostrmash/internal/api_primal/ws_gateway.go:1968.18,1970.3 1 0
github.com/xdzczk/nostrmash/internal/api_primal/ws_gateway.go:1971.2,1973.29 3 23
github.com/xdzczk/nostrmash/internal/api_primal/ws_gateway.go:1973.29,1975.17 2 43
github.com/xdzczk/nostrmash/internal/api_primal/ws_gateway.go:1975.17,1977.4 1 0
github.com/xdzczk/nostrmash/internal/api_primal/ws_gateway.go:1978.3,1978.9 1 43
github.com/xdzczk/nostrmash/internal/api_primal/ws_gateway.go:1978.9,1980.4 1 20
github.com/xdzczk/nostrmash/internal/api_primal/ws_gateway.go:1982.2,1982.17 1 23
github.com/xdzczk/nostrmash/internal/api_primal/ws_gateway.go:1985.76,1986.18 1 23
github.com/xdzczk/nostrmash/internal/api_primal/ws_gateway.go:1987.26,1991.4 1 10
github.com/xdzczk/nostrmash/internal/api_primal/ws_gateway.go:1992.31,1995.4 1 3
github.com/xdzczk/nostrmash/internal/api_primal/ws_gateway.go:1996.31,2000.4 1 10
github.com/xdzczk/nostrmash/internal/api_primal/ws_gateway.go:2001.10,2002.32 1 0
github.com/xdzczk/nostrmash/internal/api_primal/ws_gateway.go:2006.140,2008.16 2 43
github.com/xdzczk/nostrmash/internal/api_primal/ws_gateway.go:2008.16,2010.3 1 20
github.com/xdzczk/nostrmash/internal/api_primal/ws_gateway.go:2011.2,2011.96 1 23
github.com/xdzczk/nostrmash/internal/api_primal/ws_gateway.go:2011.96,2013.3 1 23
github.com/xdzczk/nostrmash/internal/api_primal/ws_gateway.go:2014.2,2014.24 1 0
github.com/xdzczk/nostrmash/internal/api_primal/ws_gateway.go:2017.98,2019.17 2 13
github.com/xdzczk/nostrmash/internal/api_primal/ws_gateway.go:2019.17,2021.3 1 0
github.com/xdzczk/nostrmash/internal/api_primal/ws_gateway.go:2022.2,2022.55 1 13
github.com/xdzczk/nostrmash/internal/api_primal/ws_gateway.go:2022.55,2023.26 1 16
github.com/xdzczk/nostrmash/internal/api_primal/ws_gateway.go:2023.26,2024.12 1 6
github.com/xdzczk/nostrmash/internal/api_primal/ws_gateway.go:2026.3,2026.61 1 10
github.com/xdzczk/nostrmash/internal/api_primal/ws_gateway.go:2026.61,2028.4 1 7
github.com/xdzczk/nostrmash/internal/api_primal/ws_gateway.go:2030.2,2030.14 1 6
github.com/xdzczk/nostrmash/internal/api_primal/ws_gateway.go:2033.77,2036.55 3 9
github.com/xdzczk/nostrmash/internal/api_primal/ws_gateway.go:2036.55,2037.26 1 8
github.com/xdzczk/nostrmash/internal/api_primal/ws_gateway.go:2037.26,2038.12 1 4
github.com/xdzczk/nostrmash/internal/api_primal/ws_gateway.go:2040.3,2040.35 1 4
github.com/xdzczk/nostrmash/internal/api_primal/ws_gateway.go:2040.35,2041.12 1 0
github.com/xdzczk/nostrmash/internal/api_primal/ws_gateway.go:2043.3,2044.31 2 4
github.com/xdzczk/nostrmash/internal/api_primal/ws_gateway.go:2046.2,2046.12 1 9
github.com/xdzczk/nostrmash/internal/api_primal/ws_gateway.go:2049.88,2051.21 2 2
github.com/xdzczk/nostrmash/internal/api_primal/ws_gateway.go:2051.21,2053.3 1 0
github.com/xdzczk/nostrmash/internal/api_primal/ws_gateway.go:2054.2,2056.55 3 2
github.com/xdzczk/nostrmash/internal/api_primal/ws_gateway.go:2056.55,2057.44 1 2
github.com/xdzczk/nostrmash/internal/api_primal/ws_gateway.go:2057.44,2058.12 1 1
github.com/xdzczk/nostrmash/internal/api_primal/ws_gateway.go:2060.3,2061.55 2 1
github.com/xdzczk/nostrmash/internal/api_primal/ws_gateway.go:2061.55,2062.12 1 0
github.com/xdzczk/nostrmash/internal/api_primal/ws_gateway.go:2064.3,2064.35 1 1
github.com/xdzczk/nostrmash/internal/api_primal/ws_gateway.go:2064.35,2065.12 1 0
github.com/xdzczk/nostrmash/internal/api_primal/ws_gateway.go:2067.3,2068.31 2 1
github.com/xdzczk/nostrmash/internal/api_primal/ws_gateway.go:2070.2,2070.12 1 2
github.com/xdzczk/nostrmash/internal/api_primal/ws_gateway.go:2073.73,2075.29 2 24
github.com/xdzczk/nostrmash/internal/api_primal/ws_gateway.go:2075.29,2077.3 1 20
github.com/xdzczk/nostrmash/internal/api_primal/ws_gateway.go:2078.2,2078.12 1 24
github.com/xdzczk/nostrmash/internal/api_primal/ws_gateway.go:2081.65,2085.54 2 20
github.com/xdzczk/nostrmash/internal/api_primal/ws_gateway.go:2085.54,2087.3 1 0
github.com/xdzczk/nostrmash/internal/api_primal/ws_gateway.go:2088.2,2089.38 2 20
github.com/xdzczk/nostrmash/internal/api_primal/ws_gateway.go:2089.38,2091.29 2 28
github.com/xdzczk/nostrmash/internal/api_primal/ws_gateway.go:2091.29,2092.12 1 0
github.com/xdzczk/nostrmash/internal/api_primal/ws_gateway.go:2094.3,2096.26 3 28
github.com/xdzczk/nostrmash/internal/api_primal/ws_gateway.go:2096.26,2097.12 1 0
github.com/xdzczk/nostrmash/internal/api_primal/ws_gateway.go:2099.3,2101.32 3 28
github.com/xdzczk/nostrmash/internal/api_primal/ws_gateway.go:2101.32,2102.12 1 0
github.com/xdzczk/nostrmash/internal/api_primal/ws_gateway.go:2104.3,2104.61 1 28
github.com/xdzczk/nostrmash/internal/api_primal/ws_gateway.go:2106.2,2106.12 1 20
github.com/xdzczk/nostrmash/internal/api_primal/ws_gateway.go:2109.53,2112.31 3 6
github.com/xdzczk/nostrmash/internal/api_primal/ws_gateway.go:2112.31,2114.18 2 11
github.com/xdzczk/nostrmash/internal/api_primal/ws_gateway.go:2114.18,2115.12 1 0
github.com/xdzczk/nostrmash/internal/api_primal/ws_gateway.go:2117.3,2117.31 1 11
github.com/xdzczk/nostrmash/internal/api_primal/ws_gateway.go:2117.31,2118.12 1 2
github.com/xdzczk/nostrmash/internal/api_primal/ws_gateway.go:2120.3,2121.27 2 9
github.com/xdzczk/nostrmash/internal/api_primal/ws_gateway.go:2123.2,2123.12 1 6
github.com/xdzczk/nostrmash/internal/api_primal/ws_gateway.go:2126.32,2129.2 2 48
github.com/xdzczk/nostrmash/internal/api_primal/ws_gateway.go:2131.132,2133.31 2 2
github.com/xdzczk/nostrmash/internal/api_primal/ws_gateway.go:2133.31,2135.3 1 3
github.com/xdzczk/nostrmash/internal/api_primal/ws_gateway.go:2136.2,2139.12 4 2
github.com/xdzczk/nostrmash/internal/api_primal/ws_gateway.go:2142.85,2145.33 3 35
github.com/xdzczk/nostrmash/internal/api_primal/ws_gateway.go:2145.33,2147.19 2 33
github.com/xdzczk/nostrmash/internal/api_primal/ws_gateway.go:2147.19,2148.12 1 0
github.com/xdzczk/nostrmash/internal/api_primal/ws_gateway.go:2150.3,2150.32 1 33
github.com/xdzczk/nostrmash/internal/api_primal/ws_gateway.go:2150.32,2151.12 1 0
github.com/xdzczk/nostrmash/internal/api_primal/ws_gateway.go:2153.3,2154.42 2 33
github.com/xdzczk/nostrmash/internal/api_primal/ws_gateway.go:2156.2,2156.26 1 35
github.com/xdzczk/nostrmash/internal/api_primal/ws_gateway.go:2156.26,2158.3 1 11
github.com/xdzczk/nostrmash/internal/api_primal/ws_gateway.go:2159.2,2160.16 2 24
github.com/xdzczk/nostrmash/internal/api_primal/ws_gateway.go:2160.16,2162.3 1 6
github.com/xdzczk/nostrmash/internal/api_primal/ws_gateway.go:2163.2,2164.41 2 18
github.com/xdzczk/nostrmash/internal/api_primal/ws_gateway.go:2164.41,2166.15 2 26
github.com/xdzczk/nostrmash/internal/api_primal/ws_gateway.go:2166.15,2168.4 1 26
github.com/xdzczk/nostrmash/internal/api_primal/ws_gateway.go:2170.2,2170.27 1 18
github.com/xdzczk/nostrmash/internal/api_primal/ws_gateway.go:2170.27,2172.3 1 0
github.com/xdzczk/nostrmash/internal/api_primal/ws_gateway.go:2173.2,2174.16 2 18
github.com/xdzczk/nostrmash/internal/api_primal/ws_gateway.go:2174.16,2176.3 1 0
github.com/xdzczk/nostrmash/internal/api_primal/ws_gateway.go:2177.2,2178.33 2 18
github.com/xdzczk/nostrmash/internal/api_primal/ws_gateway.go:2178.33,2179.33 1 26
github.com/xdzczk/nostrmash/internal/api_primal/ws_gateway.go:2179.33,2181.4 1 26
github.com/xdzczk/nostrmash/internal/api_primal/ws_gateway.go:2183.2,2183.12 1 18
github.com/xdzczk/nostrmash/internal/api_primal/ws_gateway.go:2186.121,2189.31 3 3
github.com/xdzczk/nostrmash/internal/api_primal/ws_gateway.go:2189.31,2191.15 2 6
github.com/xdzczk/nostrmash/internal/api_primal/ws_gateway.go:2191.15,2192.29 1 6
github.com/xdzczk/nostrmash/internal/api_primal/ws_gateway.go:2192.29,2193.13 1 0
github.com/xdzczk/nostrmash/internal/api_primal/ws_gateway.go:2195.4,2195.25 1 6
github.com/xdzczk/nostrmash/internal/api_primal/ws_gateway.go:2197.3,2197.27 1 6
github.com/xdzczk/nostrmash/internal/api_primal/ws_gateway.go:2199.2,2202.12 4 3
github.com/xdzczk/nostrmash/internal/api_primal/ws_gateway.go:2205.66,2208.29 3 3
github.com/xdzczk/nostrmash/internal/api_primal/ws_gateway.go:2208.29,2212.55 2 6
github.com/xdzczk/nostrmash/internal/api_primal/ws_gateway.go:2212.55,2213.12 1 0
github.com/xdzczk/nostrmash/internal/api_primal/ws_gateway.go:2215.3,2216.19 2 6
github.com/xdzczk/nostrmash/internal/api_primal/ws_gateway.go:2216.19,2217.12 1 0
github.com/xdzczk/nostrmash/internal/api_primal/ws_gateway.go:2219.3,2219.32 1 6
github.com/xdzczk/nostrmash/internal/api_primal/ws_gateway.go:2219.32,2220.12 1 2
github.com/xdzczk/nostrmash/internal/api_primal/ws_gateway.go:2222.3,2223.28 2 4
github.com/xdzczk/nostrmash/internal/api_primal/ws_gateway.go:2225.2,2225.12 1 3
github.com/xdzczk/nostrmash/internal/api_primal/ws_gateway.go:2228.88,2230.8 2 9
github.com/xdzczk/nostrmash/internal/api_primal/ws_gateway.go:2230.8,2233.3 2 9
github.com/xdzczk/nostrmash/internal/api_primal/ws_gateway.go:2234.2,2238.3 2 9
github.com/xdzczk/nostrmash/internal/api_primal/ws_gateway.go:2241.69,2245.29 4 13
github.com/xdzczk/nostrmash/internal/api_primal/ws_gateway.go:2245.29,2249.53 2 23
github.com/xdzczk/nostrmash/internal/api_primal/ws_gateway.go:2249.53,2250.12 1 0
github.com/xdzczk/nostrmash/internal/api_primal/ws_gateway.go:2252.3,2252.13 1 23
github.com/xdzczk/nostrmash/internal/api_primal/ws_gateway.go:2252.13,2256.12 4 13
github.com/xdzczk/nostrmash/internal/api_primal/ws_gateway.go:2258.3,2258.30 1 10
github.com/xdzczk/nostrmash/internal/api_primal/ws_gateway.go:2258.30,2260.4 1 10
github.com/xdzczk/nostrmash/internal/api_primal/ws_gateway.go:2261.3,2261.30 1 10
github.com/xdzczk/nostrmash/internal/api_primal/ws_gateway.go:2261.30,2263.4 1 0
github.com/xdzczk/nostrmash/internal/api_primal/ws_gateway.go:2265.2,2265.28 1 13
github.com/xdzczk/nostrmash/internal/api_primal/ws_gateway.go:2268.78,2272.31 4 4
github.com/xdzczk/nostrmash/internal/api_primal/ws_gateway.go:2272.31,2273.13 1 5
github.com/xdzczk/nostrmash/internal/api_primal/ws_gateway.go:2273.13,2277.12 4 4
github.com/xdzczk/nostrmash/internal/api_primal/ws_gateway.go:2279.3,2279.29 1 1
github.com/xdzczk/nostrmash/internal/api_primal/ws_gateway.go:2279.29,2281.4 1 1
github.com/xdzczk/nostrmash/internal/api_primal/ws_gateway.go:2282.3,2282.29 1 1
github.com/xdzczk/nostrmash/internal/api_primal/ws_gateway.go:2282.29,2284.4 1 0
github.com/xdzczk/nostrmash/internal/api_primal/ws_gateway.go:2286.2,2286.28 1 4
github.com/xdzczk/nostrmash/internal/api_primal/ws_gateway.go:2289.77,2295.2 2 10
github.com/xdzczk/nostrmash/internal/api_primal/ws_gateway.go:2297.117,2299.22 2 4
github.com/xdzczk/nostrmash/internal/api_primal/ws_gateway.go:2299.22,2301.3 1 0
github.com/xdzczk/nostrmash/internal/api_primal/ws_gateway.go:2302.2,2303.51 2 4
github.com/xdzczk/nostrmash/internal/api_primal/ws_gateway.go:2303.51,2305.3 1 1
github.com/xdzczk/nostrmash/internal/api_primal/ws_gateway.go:2306.2,2310.60 2 3
github.com/xdzczk/nostrmash/cmd/ingestor/main.go:26.13,33.16 5 0
github.com/xdzczk/nostrmash/cmd/ingestor/main.go:33.16,36.3 2 0
github.com/xdzczk/nostrmash/cmd/ingestor/main.go:38.2,39.16 2 0
github.com/xdzczk/nostrmash/cmd/ingestor/main.go:39.16,42.3 2 0
github.com/xdzczk/nostrmash/cmd/ingestor/main.go:43.2,46.22 3 0
github.com/xdzczk/nostrmash/cmd/ingestor/main.go:46.22,48.3 1 0
github.com/xdzczk/nostrmash/cmd/ingestor/main.go:49.2,49.61 1 0
github.com/xdzczk/nostrmash/cmd/ingestor/main.go:49.61,52.3 2 0
github.com/xdzczk/nostrmash/cmd/ingestor/main.go:54.2,55.16 2 0
github.com/xdzczk/nostrmash/cmd/ingestor/main.go:55.16,58.3 2 0
github.com/xdzczk/nostrmash/cmd/ingestor/main.go:60.2,62.16 3 0
github.com/xdzczk/nostrmash/cmd/ingestor/main.go:62.16,65.3 2 0
github.com/xdzczk/nostrmash/cmd/ingestor/main.go:66.2,72.26 5 0
github.com/xdzczk/nostrmash/cmd/ingestor/main.go:72.26,74.17 2 0
github.com/xdzczk/nostrmash/cmd/ingestor/main.go:74.17,77.4 2 0
github.com/xdzczk/nostrmash/cmd/ingestor/main.go:78.3,79.17 2 0
github.com/xdzczk/nostrmash/cmd/ingestor/main.go:79.17,82.4 2 0
github.com/xdzczk/nostrmash/cmd/ingestor/main.go:83.3,92.9 2 0
github.com/xdzczk/nostrmash/cmd/ingestor/main.go:95.2,101.16 2 0
github.com/xdzczk/nostrmash/cmd/ingestor/main.go:101.16,104.3 2 0
github.com/xdzczk/nostrmash/cmd/ingestor/main.go:105.2,112.16 3 0
github.com/xdzczk/nostrmash/cmd/ingestor/main.go:112.16,115.3 2 0
github.com/xdzczk/nostrmash/cmd/ingestor/main.go:116.2,127.26 2 0
github.com/xdzczk/nostrmash/cmd/ingestor/main.go:127.26,148.17 2 0
github.com/xdzczk/nostrmash/cmd/ingestor/main.go:148.17,151.4 2 0
github.com/xdzczk/nostrmash/cmd/ingestor/main.go:152.3,152.49 1 0
github.com/xdzczk/nostrmash/cmd/ingestor/main.go:152.49,155.4 2 0
github.com/xdzczk/nostrmash/cmd/ingestor/main.go:156.3,156.69 1 0
github.com/xdzczk/nostrmash/cmd/ingestor/main.go:159.2,179.16 2 0
github.com/xdzczk/nostrmash/cmd/ingestor/main.go:179.16,182.3 2 0
github.com/xdzczk/nostrmash/cmd/ingestor/main.go:183.2,187.30 4 0
github.com/xdzczk/nostrmash/cmd/ingestor/main.go:187.30,188.43 1 0
github.com/xdzczk/nostrmash/cmd/ingestor/main.go:188.43,189.120 1 0
github.com/xdzczk/nostrmash/cmd/ingestor/main.go:189.120,191.5 1 0
github.com/xdzczk/nostrmash/cmd/ingestor/main.go:193.3,193.74 1 0
github.com/xdzczk/nostrmash/cmd/ingestor/main.go:193.74,195.4 1 0
github.com/xdzczk/nostrmash/cmd/ingestor/main.go:197.2,204.31 3 0
github.com/xdzczk/nostrmash/cmd/ingestor/main.go:207.62,210.9 3 0
github.com/xdzczk/nostrmash/cmd/ingestor/main.go:210.9,212.3 1 0
github.com/xdzczk/nostrmash/cmd/ingestor/main.go:213.2,213.33 1 0
github.com/xdzczk/nostrmash/cmd/ingestor/main.go:213.33,215.3 1 0
github.com/xdzczk/nostrmash/cmd/ingestor/main.go:216.2,216.48 1 0
github.com/xdzczk/nostrmash/cmd/ingestor/main.go:219.110,220.36 1 0
github.com/xdzczk/nostrmash/cmd/ingestor/main.go:220.36,222.3 1 0
github.com/xdzczk/nostrmash/cmd/ingestor/main.go:223.2,225.6 3 0
github.com/xdzczk/nostrmash/cmd/ingestor/main.go:225.6,226.10 1 0
github.com/xdzczk/nostrmash/cmd/ingestor/main.go:227.21,228.10 1 0
github.com/xdzczk/nostrmash/cmd/ingestor/main.go:229.19,237.5 3 0
github.com/xdzczk/nostrmash/cmd/ingestor/main.go:242.77,244.16 2 0
github.com/xdzczk/nostrmash/cmd/ingestor/main.go:244.16,246.3 1 0
github.com/xdzczk/nostrmash/cmd/ingestor/main.go:247.2,256.12 4 0
github.com/xdzczk/nostrmash/cmd/ingestor/main.go:256.12,258.87 2 0
github.com/xdzczk/nostrmash/cmd/ingestor/main.go:258.87,260.4 1 0
github.com/xdzczk/nostrmash/cmd/ingestor/main.go:262.2,262.12 1 0
github.com/xdzczk/nostrmash/cmd/ingestor/main.go:262.12,267.3 4 0
github.com/xdzczk/nostrmash/cmd/worker/main.go:23.13,30.16 5 0
github.com/xdzczk/nostrmash/cmd/worker/main.go:30.16,33.3 2 0
github.com/xdzczk/nostrmash/cmd/worker/main.go:35.2,36.16 2 0
github.com/xdzczk/nostrmash/cmd/worker/main.go:36.16,39.3 2 0
github.com/xdzczk/nostrmash/cmd/worker/main.go:40.2,43.22 3 0
github.com/xdzczk/nostrmash/cmd/worker/main.go:43.22,45.3 1 0
github.com/xdzczk/nostrmash/cmd/worker/main.go:46.2,46.61 1 0
github.com/xdzczk/nostrmash/cmd/worker/main.go:46.61,49.3 2 0
github.com/xdzczk/nostrmash/cmd/worker/main.go:51.2,71.28 7 0
github.com/xdzczk/nostrmash/cmd/worker/main.go:71.28,76.4 1 0
github.com/xdzczk/nostrmash/cmd/worker/main.go:79.2,80.31 2 0
github.com/xdzczk/nostrmash/cmd/worker/main.go:102.3,103.22 1 2
github.com/xdzczk/nostrmash/cmd/worker/main.go:103.22,105.3 1 0
github.com/xdzczk/nostrmash/cmd/worker/main.go:106.2,108.35 3 2
github.com/xdzczk/nostrmash/cmd/worker/main.go:108.35,110.13 2 3
github.com/xdzczk/nostrmash/cmd/worker/main.go:110.13,112.30 2 3
github.com/xdzczk/nostrmash/cmd/worker/main.go:112.30,116.19 3 7
github.com/xdzczk/nostrmash/cmd/worker/main.go:116.19,117.91 1 7
github.com/xdzczk/nostrmash/cmd/worker/main.go:117.91,119.15 2 0
github.com/xdzczk/nostrmash/cmd/worker/main.go:121.6,123.14 3 7
github.com/xdzczk/nostrmash/cmd/worker/main.go:126.5,127.23 2 0
github.com/xdzczk/nostrmash/cmd/worker/main.go:127.23,129.14 2 0
github.com/xdzczk/nostrmash/cmd/worker/main.go:131.5,131.42 1 0
github.com/xdzczk/nostrmash/cmd/worker/main.go:131.42,141.14 3 0
github.com/xdzczk/nostrmash/cmd/worker/main.go:143.5,152.6 2 0
github.com/xdzczk/nostrmash/cmd/worker/main.go:156.2,156.15 1 2
github.com/xdzczk/nostrmash/cmd/worker/main.go:156.15,159.3 2 2
github.com/xdzczk/nostrmash/cmd/worker/main.go:161.2,161.6 1 2
github.com/xdzczk/nostrmash/cmd/worker/main.go:161.6,162.23 1 45
github.com/xdzczk/nostrmash/cmd/worker/main.go:162.23,164.4 1 0
github.com/xdzczk/nostrmash/cmd/worker/main.go:166.3,167.17 2 45
github.com/xdzczk/nostrmash/cmd/worker/main.go:167.17,169.11 2 0
github.com/xdzczk/nostrmash/cmd/worker/main.go:170.22,171.11 1 0
github.com/xdzczk/nostrmash/cmd/worker/main.go:172.36,173.13 1 0
github.com/xdzczk/nostrmash/cmd/worker/main.go:176.3,176.24 1 45
github.com/xdzczk/nostrmash/cmd/worker/main.go:176.24,177.11 1 43
github.com/xdzczk/nostrmash/cmd/worker/main.go:178.22,179.11 1 2
github.com/xdzczk/nostrmash/cmd/worker/main.go:180.36,181.13 1 41
github.com/xdzczk/nostrmash/cmd/worker/main.go:185.3,185.31 1 2
github.com/xdzczk/nostrmash/cmd/worker/main.go:185.31,186.11 1 7
github.com/xdzczk/nostrmash/cmd/worker/main.go:187.22,188.11 1 0
github.com/xdzczk/nostrmash/cmd/worker/main.go:189.25,189.25 0 7
github.com/xdzczk/nostrmash/cmd/worker/main.go:198.17,200.16 2 0
github.com/xdzczk/nostrmash/cmd/worker/main.go:200.16,202.3 1 0
github.com/xdzczk/nostrmash/cmd/worker/main.go:203.2,212.12 4 0
github.com/xdzczk/nostrmash/cmd/worker/main.go:212.12,214.87 2 0
github.com/xdzczk/nostrmash/cmd/worker/main.go:214.87,216.4 1 0
github.com/xdzczk/nostrmash/cmd/worker/main.go:218.2,218.12 1 0
github.com/xdzczk/nostrmash/cmd/worker/main.go:218.12,223.3 4 0
github.com/xdzczk/nostrmash/cmd/worker/main.go:226.31,228.16 2 0
github.com/xdzczk/nostrmash/cmd/worker/main.go:228.16,230.3 1 0
github.com/xdzczk/nostrmash/cmd/worker/main.go:231.2,232.16 2 0
github.com/xdzczk/nostrmash/cmd/worker/main.go:232.16,234.3 1 0
github.com/xdzczk/nostrmash/cmd/worker/main.go:235.2,235.48 1 0
github.com/xdzczk/nostrmash/internal/derivation/derivation.go:113.55,115.16 2 0
github.com/xdzczk/nostrmash/internal/derivation/derivation.go:116.34,117.22 1 0
github.com/xdzczk/nostrmash/internal/derivation/derivation.go:118.10,119.19 1 0
github.com/xdzczk/nostrmash/internal/derivation/handlers.go:25.48,27.2 1 0
github.com/xdzczk/nostrmash/internal/derivation/handlers.go:29.88,30.31 1 0
github.com/xdzczk/nostrmash/internal/derivation/handlers.go:30.31,32.3 1 0
github.com/xdzczk/nostrmash/internal/derivation/handlers.go:33.2,34.19 2 0
github.com/xdzczk/nostrmash/internal/derivation/handlers.go:34.19,36.3 1 0
github.com/xdzczk/nostrmash/internal/derivation/handlers.go:38.2,39.16 2 0
github.com/xdzczk/nostrmash/internal/derivation/handlers.go:39.16,41.3 1 0
github.com/xdzczk/nostrmash/internal/derivation/handlers.go:42.2,46.16 4 0
github.com/xdzczk/nostrmash/internal/derivation/handlers.go:46.16,48.3 1 0
github.com/xdzczk/nostrmash/internal/derivation/handlers.go:49.2,49.15 1 0
github.com/xdzczk/nostrmash/internal/derivation/handlers.go:49.15,49.39 1 0
github.com/xdzczk/nostrmash/internal/derivation/handlers.go:51.2,51.176 1 0
github.com/xdzczk/nostrmash/internal/derivation/handlers.go:51.176,53.3 1 0
github.com/xdzczk/nostrmash/internal/derivation/handlers.go:55.2,55.108 1 0
github.com/xdzczk/nostrmash/internal/derivation/handlers.go:55.108,57.3 1 0
github.com/xdzczk/nostrmash/internal/derivation/handlers.go:58.2,58.109 1 0
github.com/xdzczk/nostrmash/internal/derivation/handlers.go:58.109,60.3 1 0
github.com/xdzczk/nostrmash/internal/derivation/handlers.go:62.2,62.32 1 0
github.com/xdzczk/nostrmash/internal/derivation/handlers.go:62.32,82.17 2 0
github.com/xdzczk/nostrmash/internal/derivation/handlers.go:82.17,84.4 1 0
github.com/xdzczk/nostrmash/internal/derivation/handlers.go:87.2,87.33 1 0
github.com/xdzczk/nostrmash/internal/derivation/handlers.go:87.33,107.17 2 0
github.com/xdzczk/nostrmash/internal/derivation/handlers.go:107.17,109.4 1 0
github.com/xdzczk/nostrmash/internal/derivation/handlers.go:112.2,112.39 1 0
github.com/xdzczk/nostrmash/internal/derivation/handlers.go:112.39,114.3 1 0
github.com/xdzczk/nostrmash/internal/derivation/handlers.go:115.2,115.12 1 0
github.com/xdzczk/nostrmash/internal/derivation/handlers.go:118.86,119.31 1 0
github.com/xdzczk/nostrmash/internal/derivation/handlers.go:119.31,121.3 1 0
github.com/xdzczk/nostrmash/internal/derivation/handlers.go:122.2,123.19 2 0
github.com/xdzczk/nostrmash/internal/derivation/handlers.go:123.19,125.3 1 0
github.com/xdzczk/nostrmash/internal/derivation/handlers.go:127.2,149.16 4 0
github.com/xdzczk/nostrmash/internal/derivation/handlers.go:149.16,151.3 1 0
github.com/xdzczk/nostrmash/internal/derivation/handlers.go:152.2,152.36 1 0
github.com/xdzczk/nostrmash/internal/derivation/handlers.go:152.36,154.3 1 0
github.com/xdzczk/nostrmash/internal/derivation/handlers.go:156.2,157.16 2 0
github.com/xdzczk/nostrmash/internal/derivation/handlers.go:157.16,159.3 1 0
github.com/xdzczk/nostrmash/internal/derivation/handlers.go:160.2,160.15 1 0
github.com/xdzczk/nostrmash/internal/derivation/handlers.go:160.15,160.39 1 0
github.com/xdzczk/nostrmash/internal/derivation/handlers.go:162.2,162.169 1 0
github.com/xdzczk/nostrmash/internal/derivation/handlers.go:162.169,164.3 1 0
github.com/xdzczk/nostrmash/internal/derivation/handlers.go:166.2,189.16 2 0
github.com/xdzczk/nostrmash/internal/derivation/handlers.go:189.16,191.3 1 0
github.com/xdzczk/nostrmash/internal/derivation/handlers.go:193.2,193.39 1 0
github.com/xdzczk/nostrmash/internal/derivation/handlers.go:193.39,195.3 1 0
github.com/xdzczk/nostrmash/internal/derivation/handlers.go:196.2,196.12 1 0
github.com/xdzczk/nostrmash/internal/derivation/handlers.go:199.85,201.2 1 0
github.com/xdzczk/nostrmash/internal/derivation/handlers.go:203.118,204.31 1 0
github.com/xdzczk/nostrmash/internal/derivation/handlers.go:204.31,206.3 1 0
github.com/xdzczk/nostrmash/internal/derivation/handlers.go:207.2,208.19 2 0
github.com/xdzczk/nostrmash/internal/derivation/handlers.go:208.19,210.3 1 0
github.com/xdzczk/nostrmash/internal/derivation/handlers.go:212.2,219.16 4 0
github.com/xdzczk/nostrmash/internal/derivation/handlers.go:219.16,221.3 1 0
github.com/xdzczk/nostrmash/internal/derivation/handlers.go:222.2,222.15 1 0
github.com/xdzczk/nostrmash/internal/derivation/handlers.go:222.15,224.3 1 0
github.com/xdzczk/nostrmash/internal/derivation/handlers.go:226.2,240.16 4 0
github.com/xdzczk/nostrmash/internal/derivation/handlers.go:240.16,242.3 1 0
github.com/xdzczk/nostrmash/internal/derivation/handlers.go:244.2,249.45 6 0
github.com/xdzczk/nostrmash/internal/derivation/handlers.go:249.45,251.74 2 0
github.com/xdzczk/nostrmash/internal/derivation/handlers.go:251.74,253.25 2 0
github.com/xdzczk/nostrmash/internal/derivation/handlers.go:253.25,255.5 1 0
github.com/xdzczk/nostrmash/internal/derivation/handlers.go:256.4,259.55 4 0
github.com/xdzczk/nostrmash/internal/derivation/handlers.go:263.2,264.16 2 0
github.com/xdzczk/nostrmash/internal/derivation/handlers.go:264.16,266.3 1 0
github.com/xdzczk/nostrmash/internal/derivation/handlers.go:267.2,267.15 1 0
github.com/xdzczk/nostrmash/internal/derivation/handlers.go:267.15,267.39 1 0
github.com/xdzczk/nostrmash/internal/derivation/handlers.go:269.2,277.16 2 0
github.com/xdzczk/nostrmash/internal/derivation/handlers.go:277.16,279.3 1 0
github.com/xdzczk/nostrmash/internal/derivation/handlers.go:281.2,308.16 2 0
github.com/xdzczk/nostrmash/internal/derivation/handlers.go:308.16,310.3 1 0
github.com/xdzczk/nostrmash/internal/derivation/handlers.go:311.2,311.39 1 0
github.com/xdzczk/nostrmash/internal/derivation/handlers.go:311.39,313.3 1 0
github.com/xdzczk/nostrmash/internal/derivation/handlers.go:314.2,314.12 1 0
github.com/xdzczk/nostrmash/internal/derivation/handlers.go:317.88,319.2 1 0
github.com/xdzczk/nostrmash/internal/derivation/handlers.go:322.81,339.29 2 0
github.com/xdzczk/nostrmash/internal/derivation/handlers.go:339.29,340.44 1 0
github.com/xdzczk/nostrmash/internal/derivation/handlers.go:340.44,342.4 1 0
github.com/xdzczk/nostrmash/internal/derivation/handlers.go:344.2,344.12 1 0
github.com/xdzczk/nostrmash/internal/derivation/handlers.go:347.85,349.2 1 0
github.com/xdzczk/nostrmash/internal/derivation/handlers.go:351.118,352.31 1 0
github.com/xdzczk/nostrmash/internal/derivation/handlers.go:352.31,354.3 1 0
github.com/xdzczk/nostrmash/internal/derivation/handlers.go:355.2,356.19 2 0
github.com/xdzczk/nostrmash/internal/derivation/handlers.go:356.19,358.3 1 0
github.com/xdzczk/nostrmash/internal/derivation/handlers.go:360.2,367.65 4 0
github.com/xdzczk/nostrmash/internal/derivation/handlers.go:367.65,369.3 1 0
github.com/xdzczk/nostrmash/internal/derivation/handlers.go:370.2,370.15 1 0
github.com/xdzczk/nostrmash/internal/derivation/handlers.go:370.15,372.3 1 0
github.com/xdzczk/nostrmash/internal/derivation/handlers.go:374.2,381.16 2 0
github.com/xdzczk/nostrmash/internal/derivation/handlers.go:381.16,383.3 1 0
github.com/xdzczk/nostrmash/internal/derivation/handlers.go:384.2,386.18 3 0
github.com/xdzczk/nostrmash/internal/derivation/handlers.go:386.18,388.46 2 0
github.com/xdzczk/nostrmash/internal/derivation/handlers.go:388.46,390.4 1 0
github.com/xdzczk/nostrmash/internal/derivation/handlers.go:391.3,392.21 2 0
github.com/xdzczk/nostrmash/internal/derivation/handlers.go:392.21,394.4 1 0
github.com/xdzczk/nostrmash/internal/derivation/handlers.go:396.2,396.35 1 0
github.com/xdzczk/nostrmash/internal/derivation/handlers.go:396.35,398.3 1 0
github.com/xdzczk/nostrmash/internal/derivation/handlers.go:399.2,400.25 2 0
github.com/xdzczk/nostrmash/internal/derivation/handlers.go:400.25,402.3 1 0
github.com/xdzczk/nostrmash/internal/derivation/handlers.go:404.2,405.16 2 0
github.com/xdzczk/nostrmash/internal/derivation/handlers.go:405.16,407.3 1 0
github.com/xdzczk/nostrmash/internal/derivation/handlers.go:408.2,408.15 1 0
github.com/xdzczk/nostrmash/internal/derivation/handlers.go:408.15,408.39 1 0
github.com/xdzczk/nostrmash/internal/derivation/handlers.go:410.2,417.16 1 0
github.com/xdzczk/nostrmash/internal/derivation/handlers.go:417.16,419.3 1 0
github.com/xdzczk/nostrmash/internal/derivation/handlers.go:421.2,421.37 1 0
github.com/xdzczk/nostrmash/internal/derivation/handlers.go:421.37,422.31 1 0
github.com/xdzczk/nostrmash/internal/derivation/handlers.go:422.31,423.12 1 0
github.com/xdzczk/nostrmash/internal/derivation/handlers.go:425.3,425.94 1 0
github.com/xdzczk/nostrmash/internal/derivation/handlers.go:425.94,427.4 1 0
github.com/xdzczk/nostrmash/internal/derivation/handlers.go:430.2,430.39 1 0
github.com/xdzczk/nostrmash/internal/derivation/handlers.go:430.39,432.3 1 0
github.com/xdzczk/nostrmash/internal/derivation/handlers.go:433.2,433.12 1 0
github.com/xdzczk/nostrmash/internal/derivation/handlers.go:436.82,438.2 1 0
github.com/xdzczk/nostrmash/internal/derivation/handlers.go:440.115,441.31 1 0
github.com/xdzczk/nostrmash/internal/derivation/handlers.go:441.31,443.3 1 0
github.com/xdzczk/nostrmash/internal/derivation/handlers.go:444.2,445.19 2 0
github.com/xdzczk/nostrmash/internal/derivation/handlers.go:445.19,447.3 1 0
github.com/xdzczk/nostrmash/internal/derivation/handlers.go:449.2,456.65 4 0
github.com/xdzczk/nostrmash/internal/derivation/handlers.go:456.65,458.3 1 0
github.com/xdzczk/nostrmash/internal/derivation/handlers.go:459.2,459.18 1 0
github.com/xdzczk/nostrmash/internal/derivation/handlers.go:459.18,461.3 1 0
github.com/xdzczk/nostrmash/internal/derivation/handlers.go:463.2,464.16 2 0
github.com/xdzczk/nostrmash/internal/derivation/handlers.go:464.16,466.3 1 0
github.com/xdzczk/nostrmash/internal/derivation/handlers.go:467.2,473.16 6 0
github.com/xdzczk/nostrmash/internal/derivation/handlers.go:473.16,475.3 1 0
github.com/xdzczk/nostrmash/internal/derivation/handlers.go:476.2,476.15 1 0
github.com/xdzczk/nostrmash/internal/derivation/handlers.go:476.15,476.39 1 0
github.com/xdzczk/nostrmash/internal/derivation/handlers.go:478.2,486.16 2 0
github.com/xdzczk/nostrmash/internal/derivation/handlers.go:486.16,488.3 1 0
github.com/xdzczk/nostrmash/internal/derivation/handlers.go:489.2,502.102 1 0
github.com/xdzczk/nostrmash/internal/derivation/handlers.go:502.102,504.3 1 0
github.com/xdzczk/nostrmash/internal/derivation/handlers.go:505.2,505.39 1 0
github.com/xdzczk/nostrmash/internal/derivation/handlers.go:505.39,507.3 1 0
github.com/xdzczk/nostrmash/internal/derivation/handlers.go:508.2,508.12 1 0
github.com/xdzczk/nostrmash/internal/derivation/handlers.go:511.124,514.36 3 0
github.com/xdzczk/nostrmash/internal/derivation/handlers.go:514.36,516.3 1 0
github.com/xdzczk/nostrmash/internal/derivation/handlers.go:517.2,518.16 2 0
github.com/xdzczk/nostrmash/internal/derivation/handlers.go:518.16,520.3 1 0
github.com/xdzczk/nostrmash/internal/derivation/handlers.go:521.2,521.116 1 0
github.com/xdzczk/nostrmash/internal/derivation/handlers.go:521.116,523.3 1 0
github.com/xdzczk/nostrmash/internal/derivation/handlers.go:524.2,525.16 2 0
github.com/xdzczk/nostrmash/internal/derivation/handlers.go:525.16,527.3 1 0
github.com/xdzczk/nostrmash/internal/derivation/handlers.go:528.2,528.127 1 0
github.com/xdzczk/nostrmash/internal/derivation/handlers.go:528.127,530.3 1 0
github.com/xdzczk/nostrmash/internal/derivation/handlers.go:531.2,531.12 1 0
github.com/xdzczk/nostrmash/internal/derivation/handlers.go:539.33,578.16 5 0
github.com/xdzczk/nostrmash/internal/derivation/handlers.go:578.16,580.3 1 0
github.com/xdzczk/nostrmash/internal/derivation/handlers.go:581.2,581.44 1 0
github.com/xdzczk/nostrmash/internal/derivation/handlers.go:592.9,603.67 1 0
github.com/xdzczk/nostrmash/internal/derivation/handlers.go:603.67,605.3 1 0
github.com/xdzczk/nostrmash/internal/derivation/handlers.go:606.2,606.12 1 0
github.com/xdzczk/nostrmash/internal/derivation/handlers.go:609.114,611.25 2 0
github.com/xdzczk/nostrmash/internal/derivation/handlers.go:611.25,613.3 1 0
github.com/xdzczk/nostrmash/internal/derivation/handlers.go:614.2,621.16 4 0
github.com/xdzczk/nostrmash/internal/derivation/handlers.go:621.16,622.36 1 0
github.com/xdzczk/nostrmash/internal/derivation/handlers.go:622.36,624.4 1 0
github.com/xdzczk/nostrmash/internal/derivation/handlers.go:625.3,625.58 1 0
github.com/xdzczk/nostrmash/internal/derivation/handlers.go:627.2,627.15 1 0
github.com/xdzczk/nostrmash/internal/derivation/handlers.go:627.15,629.3 1 0
github.com/xdzczk/nostrmash/internal/derivation/handlers.go:630.2,637.16 2 0
github.com/xdzczk/nostrmash/internal/derivation/handlers.go:637.16,639.3 1 0
github.com/xdzczk/nostrmash/internal/derivation/handlers.go:640.2,642.18 3 0
github.com/xdzczk/nostrmash/internal/derivation/handlers.go:642.18,644.46 2 0
github.com/xdzczk/nostrmash/internal/derivation/handlers.go:644.46,646.4 1 0
github.com/xdzczk/nostrmash/internal/derivation/handlers.go:647.3,648.21 2 0
github.com/xdzczk/nostrmash/internal/derivation/handlers.go:648.21,650.4 1 0
github.com/xdzczk/nostrmash/internal/derivation/handlers.go:652.2,652.35 1 0
github.com/xdzczk/nostrmash/internal/derivation/handlers.go:652.35,654.3 1 0
github.com/xdzczk/nostrmash/internal/derivation/handlers.go:655.2,656.37 2 0
github.com/xdzczk/nostrmash/internal/derivation/handlers.go:656.37,657.25 1 0
github.com/xdzczk/nostrmash/internal/derivation/handlers.go:657.25,658.12 1 0
github.com/xdzczk/nostrmash/internal/derivation/handlers.go:660.3,660.88 1 0
github.com/xdzczk/nostrmash/internal/derivation/handlers.go:660.88,662.4 1 0
github.com/xdzczk/nostrmash/internal/derivation/handlers.go:664.2,664.12 1 0
github.com/xdzczk/nostrmash/internal/derivation/handlers.go:667.121,668.31 1 0
github.com/xdzczk/nostrmash/internal/derivation/handlers.go:668.31,670.3 1 0
github.com/xdzczk/nostrmash/internal/derivation/handlers.go:671.2,672.19 2 0
github.com/xdzczk/nostrmash/internal/derivation/handlers.go:672.19,674.3 1 0
github.com/xdzczk/nostrmash/internal/derivation/handlers.go:676.2,683.16 4 0
github.com/xdzczk/nostrmash/internal/derivation/handlers.go:683.16,685.3 1 0
github.com/xdzczk/nostrmash/internal/derivation/handlers.go:687.2,688.16 2 0
github.com/xdzczk/nostrmash/internal/derivation/handlers.go:688.16,690.3 1 0
github.com/xdzczk/nostrmash/internal/derivation/handlers.go:691.2,691.15 1 0
github.com/xdzczk/nostrmash/internal/derivation/handlers.go:691.15,691.39 1 0
github.com/xdzczk/nostrmash/internal/derivation/handlers.go:693.2,701.16 2 0
github.com/xdzczk/nostrmash/internal/derivation/handlers.go:701.16,703.3 1 0
github.com/xdzczk/nostrmash/internal/derivation/handlers.go:704.2,719.16 2 0
github.com/xdzczk/nostrmash/internal/derivation/handlers.go:719.16,721.3 1 0
github.com/xdzczk/nostrmash/internal/derivation/handlers.go:722.2,722.39 1 0
github.com/xdzczk/nostrmash/internal/derivation/handlers.go:722.39,724.3 1 0
github.com/xdzczk/nostrmash/internal/derivation/handlers.go:725.2,725.12 1 0
github.com/xdzczk/nostrmash/internal/derivation/handlers.go:728.86,730.2 1 0
github.com/xdzczk/nostrmash/internal/derivation/handlers.go:732.119,733.31 1 0
github.com/xdzczk/nostrmash/internal/derivation/handlers.go:733.31,735.3 1 0
github.com/xdzczk/nostrmash/internal/derivation/handlers.go:736.2,737.19 2 0
github.com/xdzczk/nostrmash/internal/derivation/handlers.go:737.19,739.3 1 0
github.com/xdzczk/nostrmash/internal/derivation/handlers.go:741.2,747.50 3 0
github.com/xdzczk/nostrmash/internal/derivation/handlers.go:747.50,749.3 1 0
github.com/xdzczk/nostrmash/internal/derivation/handlers.go:751.2,752.16 2 0
github.com/xdzczk/nostrmash/internal/derivation/handlers.go:752.16,754.3 1 0
github.com/xdzczk/nostrmash/internal/derivation/handlers.go:755.2,755.15 1 0
github.com/xdzczk/nostrmash/internal/derivation/handlers.go:755.15,755.39 1 0
github.com/xdzczk/nostrmash/internal/derivation/handlers.go:757.2,765.16 2 0
github.com/xdzczk/nostrmash/internal/derivation/handlers.go:765.16,767.3 1 0
github.com/xdzczk/nostrmash/internal/derivation/handlers.go:769.2,769.120 1 0
github.com/xdzczk/nostrmash/internal/derivation/handlers.go:769.120,771.3 1 0
github.com/xdzczk/nostrmash/internal/derivation/handlers.go:773.2,773.15 1 0
github.com/xdzczk/nostrmash/internal/derivation/handlers.go:773.15,774.104 1 0
github.com/xdzczk/nostrmash/internal/derivation/handlers.go:774.104,776.4 1 0
github.com/xdzczk/nostrmash/internal/derivation/handlers.go:777.3,777.40 1 0
github.com/xdzczk/nostrmash/internal/derivation/handlers.go:777.40,779.4 1 0
github.com/xdzczk/nostrmash/internal/derivation/handlers.go:780.3,780.13 1 0
github.com/xdzczk/nostrmash/internal/derivation/handlers.go:783.2,784.16 2 0
github.com/xdzczk/nostrmash/internal/derivation/handlers.go:784.16,786.3 1 0
github.com/xdzczk/nostrmash/internal/derivation/handlers.go:787.2,790.25 4 0
github.com/xdzczk/nostrmash/internal/derivation/handlers.go:790.25,792.3 1 0
github.com/xdzczk/nostrmash/internal/derivation/handlers.go:793.2,793.23 1 0
github.com/xdzczk/nostrmash/internal/derivation/handlers.go:793.23,795.3 1 0
github.com/xdzczk/nostrmash/internal/derivation/handlers.go:797.2,797.25 1 0
github.com/xdzczk/nostrmash/internal/derivation/handlers.go:797.25,798.104 1 0
github.com/xdzczk/nostrmash/internal/derivation/handlers.go:798.104,800.4 1 0
github.com/xdzczk/nostrmash/internal/derivation/handlers.go:801.3,801.40 1 0
github.com/xdzczk/nostrmash/internal/derivation/handlers.go:801.40,803.4 1 0
github.com/xdzczk/nostrmash/internal/derivation/handlers.go:804.3,804.13 1 0
github.com/xdzczk/nostrmash/internal/derivation/handlers.go:807.2,808.16 2 0
github.com/xdzczk/nostrmash/internal/derivation/handlers.go:808.16,810.3 1 0
github.com/xdzczk/nostrmash/internal/derivation/handlers.go:811.2,813.23 3 0
github.com/xdzczk/nostrmash/internal/derivation/handlers.go:813.23,814.35 1 0
github.com/xdzczk/nostrmash/internal/derivation/handlers.go:814.35,816.4 1 0
github.com/xdzczk/nostrmash/internal/derivation/handlers.go:816.9,818.24 2 0
github.com/xdzczk/nostrmash/internal/derivation/handlers.go:818.24,820.5 1 0
github.com/xdzczk/nostrmash/internal/derivation/handlers.go:821.4,821.29 1 0
github.com/xdzczk/nostrmash/internal/derivation/handlers.go:825.2,825.19 1 0
github.com/xdzczk/nostrmash/internal/derivation/handlers.go:825.19,834.56 1 0
github.com/xdzczk/nostrmash/internal/derivation/handlers.go:834.56,836.4 1 0
github.com/xdzczk/nostrmash/internal/derivation/handlers.go:838.2,838.38 1 0
github.com/xdzczk/nostrmash/internal/derivation/handlers.go:838.38,847.54 1 0
github.com/xdzczk/nostrmash/internal/derivation/handlers.go:847.54,849.4 1 0
github.com/xdzczk/nostrmash/internal/derivation/handlers.go:852.2,874.16 2 0
github.com/xdzczk/nostrmash/internal/derivation/handlers.go:874.16,876.3 1 0
github.com/xdzczk/nostrmash/internal/derivation/handlers.go:878.2,878.39 1 0
github.com/xdzczk/nostrmash/internal/derivation/handlers.go:878.39,880.3 1 0
github.com/xdzczk/nostrmash/internal/derivation/handlers.go:881.2,881.12 1 0
github.com/xdzczk/nostrmash/internal/derivation/handlers.go:884.90,885.31 1 0
github.com/xdzczk/nostrmash/internal/derivation/handlers.go:885.31,887.3 1 0
github.com/xdzczk/nostrmash/internal/derivation/handlers.go:888.2,889.19 2 0
github.com/xdzczk/nostrmash/internal/derivation/handlers.go:889.19,891.3 1 0
github.com/xdzczk/nostrmash/internal/derivation/handlers.go:893.2,894.16 2 0
github.com/xdzczk/nostrmash/internal/derivation/handlers.go:894.16,896.3 1 0
github.com/xdzczk/nostrmash/internal/derivation/handlers.go:897.2,897.15 1 0
github.com/xdzczk/nostrmash/internal/derivation/handlers.go:897.15,897.39 1 0
github.com/xdzczk/nostrmash/internal/derivation/handlers.go:899.2,899.176 1 0
github.com/xdzczk/nostrmash/internal/derivation/handlers.go:899.176,901.3 1 0
github.com/xdzczk/nostrmash/internal/derivation/handlers.go:903.2,909.16 2 0
github.com/xdzczk/nostrmash/internal/derivation/handlers.go:909.16,911.3 1 0
github.com/xdzczk/nostrmash/internal/derivation/handlers.go:912.2,914.18 2 0
github.com/xdzczk/nostrmash/internal/derivation/handlers.go:914.18,916.51 2 0
github.com/xdzczk/nostrmash/internal/derivation/handlers.go:916.51,918.4 1 0
github.com/xdzczk/nostrmash/internal/derivation/handlers.go:919.3,919.122 1 0
github.com/xdzczk/nostrmash/internal/derivation/handlers.go:919.122,921.4 1 0
github.com/xdzczk/nostrmash/internal/derivation/handlers.go:923.2,923.35 1 0
github.com/xdzczk/nostrmash/internal/derivation/handlers.go:923.35,925.3 1 0
github.com/xdzczk/nostrmash/internal/derivation/handlers.go:927.2,927.39 1 0
github.com/xdzczk/nostrmash/internal/derivation/handlers.go:927.39,929.3 1 0
github.com/xdzczk/nostrmash/internal/derivation/handlers.go:930.2,930.12 1 0
github.com/xdzczk/nostrmash/internal/derivation/handlers.go:933.82,935.2 1 0
github.com/xdzczk/nostrmash/internal/derivation/handlers.go:937.115,946.52 1 0
github.com/xdzczk/nostrmash/internal/derivation/handlers.go:946.52,947.17 1 0
github.com/xdzczk/nostrmash/internal/derivation/handlers.go:947.17,949.5 1 0
github.com/xdzczk/nostrmash/internal/derivation/handlers.go:950.4,951.29 2 0
github.com/xdzczk/nostrmash/internal/derivation/handlers.go:951.29,952.32 1 0
github.com/xdzczk/nostrmash/internal/derivation/handlers.go:952.32,953.14 1 0
github.com/xdzczk/nostrmash/internal/derivation/handlers.go:955.5,955.38 1 0
github.com/xdzczk/nostrmash/internal/derivation/handlers.go:957.4,957.14 1 0
github.com/xdzczk/nostrmash/internal/derivation/handlers.go:963.85,965.2 1 0
github.com/xdzczk/nostrmash/internal/derivation/handlers.go:967.118,976.52 1 0
github.com/xdzczk/nostrmash/internal/derivation/handlers.go:976.52,977.17 1 0
github.com/xdzczk/nostrmash/internal/derivation/handlers.go:977.17,979.5 1 0
github.com/xdzczk/nostrmash/internal/derivation/handlers.go:980.4,981.29 2 0
github.com/xdzczk/nostrmash/internal/derivation/handlers.go:981.29,983.5 1 0
github.com/xdzczk/nostrmash/internal/derivation/handlers.go:984.4,984.14 1 0
github.com/xdzczk/nostrmash/internal/derivation/handlers.go:990.83,992.2 1 0
github.com/xdzczk/nostrmash/internal/derivation/handlers.go:994.116,1003.52 1 0
github.com/xdzczk/nostrmash/internal/derivation/handlers.go:1003.52,1004.17 1 0
github.com/xdzczk/nostrmash/internal/derivation/handlers.go:1004.17,1006.5 1 0
github.com/xdzczk/nostrmash/internal/derivation/handlers.go:1007.4,1008.29 2 0
github.com/xdzczk/nostrmash/internal/derivation/handlers.go:1008.29,1010.5 1 0
github.com/xdzczk/nostrmash/internal/derivation/handlers.go:1011.4,1011.14 1 0
github.com/xdzczk/nostrmash/internal/derivation/handlers.go:1017.85,1019.2 1 0
github.com/xdzczk/nostrmash/internal/derivation/handlers.go:1021.118,1030.91 1 0
github.com/xdzczk/nostrmash/internal/derivation/handlers.go:1030.91,1044.18 2 0
github.com/xdzczk/nostrmash/internal/derivation/handlers.go:1044.18,1046.5 1 0
github.com/xdzczk/nostrmash/internal/derivation/handlers.go:1047.4,1047.14 1 0
github.com/xdzczk/nostrmash/internal/derivation/handlers.go:1052.83,1054.2 1 0
github.com/xdzczk/nostrmash/internal/derivation/handlers.go:1056.116,1065.91 1 0
github.com/xdzczk/nostrmash/internal/derivation/handlers.go:1065.91,1080.18 3 0
github.com/xdzczk/nostrmash/internal/derivation/handlers.go:1080.18,1082.5 1 0
github.com/xdzczk/nostrmash/internal/derivation/handlers.go:1083.4,1083.14 1 0
github.com/xdzczk/nostrmash/internal/derivation/handlers.go:1088.85,1090.2 1 0
github.com/xdzczk/nostrmash/internal/derivation/handlers.go:1092.118,1101.91 1 0
github.com/xdzczk/nostrmash/internal/derivation/handlers.go:1101.91,1114.18 2 0
github.com/xdzczk/nostrmash/internal/derivation/handlers.go:1114.18,1116.5 1 0
github.com/xdzczk/nostrmash/internal/derivation/handlers.go:1117.4,1117.86 1 0
github.com/xdzczk/nostrmash/internal/derivation/handlers.go:1117.86,1119.5 1 0
github.com/xdzczk/nostrmash/internal/derivation/handlers.go:1120.4,1120.14 1 0
github.com/xdzczk/nostrmash/internal/derivation/handlers.go:1125.89,1127.2 1 0
github.com/xdzczk/nostrmash/internal/derivation/handlers.go:1129.122,1138.41 1 0
github.com/xdzczk/nostrmash/internal/derivation/handlers.go:1138.41,1140.29 2 0
github.com/xdzczk/nostrmash/internal/derivation/handlers.go:1140.29,1141.38 1 0
github.com/xdzczk/nostrmash/internal/derivation/handlers.go:1141.38,1142.14 1 0
github.com/xdzczk/nostrmash/internal/derivation/handlers.go:1144.5,1145.20 2 0
github.com/xdzczk/nostrmash/internal/derivation/handlers.go:1145.20,1146.14 1 0
github.com/xdzczk/nostrmash/internal/derivation/handlers.go:1148.5,1148.39 1 0
github.com/xdzczk/nostrmash/internal/derivation/handlers.go:1150.4,1151.26 2 0
github.com/xdzczk/nostrmash/internal/derivation/handlers.go:1151.26,1153.5 1 0
github.com/xdzczk/nostrmash/internal/derivation/handlers.go:1154.4,1155.18 2 0
github.com/xdzczk/nostrmash/internal/derivation/handlers.go:1155.18,1157.5 1 0
github.com/xdzczk/nostrmash/internal/derivation/handlers.go:1158.4,1158.18 1 0
github.com/xdzczk/nostrmash/internal/derivation/handlers.go:1160.116,1173.18 2 0
github.com/xdzczk/nostrmash/internal/derivation/handlers.go:1173.18,1175.5 1 0
github.com/xdzczk/nostrmash/internal/derivation/handlers.go:1177.4,1185.18 2 0
github.com/xdzczk/nostrmash/internal/derivation/handlers.go:1185.18,1187.5 1 0
github.com/xdzczk/nostrmash/internal/derivation/handlers.go:1188.4,1191.27 1 0
github.com/xdzczk/nostrmash/internal/derivation/handlers.go:1191.27,1193.5 1 0
github.com/xdzczk/nostrmash/internal/derivation/handlers.go:1195.4,1196.61 2 0
github.com/xdzczk/nostrmash/internal/derivation/handlers.go:1196.61,1198.5 1 0
github.com/xdzczk/nostrmash/internal/derivation/handlers.go:1199.4,1199.44 1 0
github.com/xdzczk/nostrmash/internal/derivation/handlers.go:1199.44,1201.29 2 0
github.com/xdzczk/nostrmash/internal/derivation/handlers.go:1201.29,1202.14 1 0
github.com/xdzczk/nostrmash/internal/derivation/handlers.go:1204.5,1218.93 1 0
github.com/xdzczk/nostrmash/internal/derivation/handlers.go:1218.93,1220.6 1 0
github.com/xdzczk/nostrmash/internal/derivation/handlers.go:1222.4,1222.14 1 0
github.com/xdzczk/nostrmash/internal/derivation/handlers.go:1227.87,1229.2 1 0
github.com/xdzczk/nostrmash/internal/derivation/handlers.go:1231.120,1240.41 1 0
github.com/xdzczk/nostrmash/internal/derivation/handlers.go:1240.41,1242.29 2 0
github.com/xdzczk/nostrmash/internal/derivation/handlers.go:1242.29,1243.38 1 0
github.com/xdzczk/nostrmash/internal/derivation/handlers.go:1243.38,1244.14 1 0
github.com/xdzczk/nostrmash/internal/derivation/handlers.go:1246.5,1247.20 2 0
github.com/xdzczk/nostrmash/internal/derivation/handlers.go:1247.20,1248.14 1 0
github.com/xdzczk/nostrmash/internal/derivation/handlers.go:1250.5,1250.35 1 0
github.com/xdzczk/nostrmash/internal/derivation/handlers.go:1252.4,1253.24 2 0
github.com/xdzczk/nostrmash/internal/derivation/handlers.go:1253.24,1255.5 1 0
github.com/xdzczk/nostrmash/internal/derivation/handlers.go:1256.4,1257.18 2 0
github.com/xdzczk/nostrmash/internal/derivation/handlers.go:1257.18,1259.5 1 0
github.com/xdzczk/nostrmash/internal/derivation/handlers.go:1260.4,1260.18 1 0
github.com/xdzczk/nostrmash/internal/derivation/handlers.go:1262.116,1275.18 2 0
github.com/xdzczk/nostrmash/internal/derivation/handlers.go:1275.18,1277.5 1 0
github.com/xdzczk/nostrmash/internal/derivation/handlers.go:1278.4,1278.14 1 0
github.com/xdzczk/nostrmash/internal/derivation/handlers.go:1293.9,1294.31 1 0
github.com/xdzczk/nostrmash/internal/derivation/handlers.go:1294.31,1296.3 1 0
github.com/xdzczk/nostrmash/internal/derivation/handlers.go:1297.2,1298.19 2 0
github.com/xdzczk/nostrmash/internal/derivation/handlers.go:1298.19,1300.3 1 0
github.com/xdzczk/nostrmash/internal/derivation/handlers.go:1301.2,1301.22 1 0
github.com/xdzczk/nostrmash/internal/derivation/handlers.go:1301.22,1303.3 1 0
github.com/xdzczk/nostrmash/internal/derivation/handlers.go:1305.2,1311.16 3 0
github.com/xdzczk/nostrmash/internal/derivation/handlers.go:1311.16,1313.3 1 0
github.com/xdzczk/nostrmash/internal/derivation/handlers.go:1315.2,1316.16 2 0
github.com/xdzczk/nostrmash/internal/derivation/handlers.go:1316.16,1318.3 1 0
github.com/xdzczk/nostrmash/internal/derivation/handlers.go:1319.2,1323.16 4 0
github.com/xdzczk/nostrmash/internal/derivation/handlers.go:1323.16,1325.3 1 0
github.com/xdzczk/nostrmash/internal/derivation/handlers.go:1326.2,1326.15 1 0
github.com/xdzczk/nostrmash/internal/derivation/handlers.go:1326.15,1326.39 1 0
github.com/xdzczk/nostrmash/internal/derivation/handlers.go:1328.2,1336.16 2 0
github.com/xdzczk/nostrmash/internal/derivation/handlers.go:1336.16,1338.3 1 0
github.com/xdzczk/nostrmash/internal/derivation/handlers.go:1340.2,1341.16 2 0
github.com/xdzczk/nostrmash/internal/derivation/handlers.go:1341.16,1343.3 1 0
github.com/xdzczk/nostrmash/internal/derivation/handlers.go:1345.2,1345.126 1 0
github.com/xdzczk/nostrmash/internal/derivation/handlers.go:1345.126,1347.3 1 0
github.com/xdzczk/nostrmash/internal/derivation/handlers.go:1349.2,1349.46 1 0
github.com/xdzczk/nostrmash/internal/derivation/handlers.go:1349.46,1359.17 2 0
github.com/xdzczk/nostrmash/internal/derivation/handlers.go:1359.17,1361.4 1 0
github.com/xdzczk/nostrmash/internal/derivation/handlers.go:1364.2,1365.41 2 0
github.com/xdzczk/nostrmash/internal/derivation/handlers.go:1365.41,1367.3 1 0
github.com/xdzczk/nostrmash/internal/derivation/handlers.go:1368.2,1368.46 1 0
github.com/xdzczk/nostrmash/internal/derivation/handlers.go:1368.46,1370.3 1 0
github.com/xdzczk/nostrmash/internal/derivation/handlers.go:1372.2,1372.45 1 0
github.com/xdzczk/nostrmash/internal/derivation/handlers.go:1372.45,1378.66 2 0
github.com/xdzczk/nostrmash/internal/derivation/handlers.go:1378.66,1380.4 1 0
github.com/xdzczk/nostrmash/internal/derivation/handlers.go:1381.3,1381.17 1 0
github.com/xdzczk/nostrmash/internal/derivation/handlers.go:1381.17,1382.121 1 0
github.com/xdzczk/nostrmash/internal/derivation/handlers.go:1382.121,1384.5 1 0
github.com/xdzczk/nostrmash/internal/derivation/handlers.go:1385.4,1385.12 1 0
github.com/xdzczk/nostrmash/internal/derivation/handlers.go:1387.3,1397.17 2 0
github.com/xdzczk/nostrmash/internal/derivation/handlers.go:1397.17,1399.4 1 0
github.com/xdzczk/nostrmash/internal/derivation/handlers.go:1402.2,1402.39 1 0
github.com/xdzczk/nostrmash/internal/derivation/handlers.go:1402.39,1404.3 1 0
github.com/xdzczk/nostrmash/internal/derivation/handlers.go:1405.2,1405.12 1 0
github.com/xdzczk/nostrmash/internal/derivation/handlers.go:1428.9,1429.31 1 0
github.com/xdzczk/nostrmash/internal/derivation/handlers.go:1429.31,1431.3 1 0
github.com/xdzczk/nostrmash/internal/derivation/handlers.go:1432.2,1433.19 2 0
github.com/xdzczk/nostrmash/internal/derivation/handlers.go:1433.19,1435.3 1 0
github.com/xdzczk/nostrmash/internal/derivation/handlers.go:1436.2,1436.19 1 0
github.com/xdzczk/nostrmash/internal/derivation/handlers.go:1436.19,1438.3 1 0
github.com/xdzczk/nostrmash/internal/derivation/handlers.go:1440.2,1446.97 3 0
github.com/xdzczk/nostrmash/internal/derivation/handlers.go:1446.97,1448.3 1 0
github.com/xdzczk/nostrmash/internal/derivation/handlers.go:1449.2,1450.16 2 0
github.com/xdzczk/nostrmash/internal/derivation/handlers.go:1450.16,1452.3 1 0
github.com/xdzczk/nostrmash/internal/derivation/handlers.go:1453.2,1456.33 4 0
github.com/xdzczk/nostrmash/internal/derivation/handlers.go:1456.33,1458.26 2 0
github.com/xdzczk/nostrmash/internal/derivation/handlers.go:1458.26,1459.9 1 0
github.com/xdzczk/nostrmash/internal/derivation/handlers.go:1463.2,1464.16 2 0
github.com/xdzczk/nostrmash/internal/derivation/handlers.go:1464.16,1466.3 1 0
github.com/xdzczk/nostrmash/internal/derivation/handlers.go:1467.2,1467.15 1 0
github.com/xdzczk/nostrmash/internal/derivation/handlers.go:1467.15,1467.39 1 0
github.com/xdzczk/nostrmash/internal/derivation/handlers.go:1469.2,1477.16 2 0
github.com/xdzczk/nostrmash/internal/derivation/handlers.go:1477.16,1479.3 1 0
github.com/xdzczk/nostrmash/internal/derivation/handlers.go:1481.2,1482.56 2 0
github.com/xdzczk/nostrmash/internal/derivation/handlers.go:1482.56,1484.17 2 0
github.com/xdzczk/nostrmash/internal/derivation/handlers.go:1484.17,1486.4 1 0
github.com/xdzczk/nostrmash/internal/derivation/handlers.go:1487.3,1487.40 1 0
github.com/xdzczk/nostrmash/internal/derivation/handlers.go:1487.40,1489.4 1 0
github.com/xdzczk/nostrmash/internal/derivation/handlers.go:1490.3,1490.13 1 0
github.com/xdzczk/nostrmash/internal/derivation/handlers.go:1493.2,1493.72 1 0
github.com/xdzczk/nostrmash/internal/derivation/handlers.go:1493.72,1495.3 1 0
github.com/xdzczk/nostrmash/internal/derivation/handlers.go:1496.2,1496.39 1 0
github.com/xdzczk/nostrmash/internal/derivation/handlers.go:1496.39,1498.3 1 0
github.com/xdzczk/nostrmash/internal/derivation/handlers.go:1499.2,1499.12 1 0
github.com/xdzczk/nostrmash/internal/derivation/handlers.go:1515.9,1516.31 1 0
github.com/xdzczk/nostrmash/internal/derivation/handlers.go:1516.31,1518.3 1 0
github.com/xdzczk/nostrmash/internal/derivation/handlers.go:1519.2,1519.42 1 0
github.com/xdzczk/nostrmash/internal/derivation/handlers.go:1519.42,1521.3 1 0
github.com/xdzczk/nostrmash/internal/derivation/handlers.go:1522.2,1523.19 2 0
github.com/xdzczk/nostrmash/internal/derivation/handlers.go:1523.19,1525.3 1 0
github.com/xdzczk/nostrmash/internal/derivation/handlers.go:1527.2,1533.47 3 0
github.com/xdzczk/nostrmash/internal/derivation/handlers.go:1533.47,1535.3 1 0
github.com/xdzczk/nostrmash/internal/derivation/handlers.go:1536.2,1536.26 1 0
github.com/xdzczk/nostrmash/internal/derivation/handlers.go:1536.26,1538.3 1 0
github.com/xdzczk/nostrmash/internal/derivation/handlers.go:1540.2,1549.73 3 0
github.com/xdzczk/nostrmash/internal/derivation/handlers.go:1549.73,1551.3 1 0
github.com/xdzczk/nostrmash/internal/derivation/handlers.go:1553.2,1554.16 2 0
github.com/xdzczk/nostrmash/internal/derivation/handlers.go:1554.16,1556.3 1 0
github.com/xdzczk/nostrmash/internal/derivation/handlers.go:1557.2,1560.16 3 0
github.com/xdzczk/nostrmash/internal/derivation/handlers.go:1560.16,1562.3 1 0
github.com/xdzczk/nostrmash/internal/derivation/handlers.go:1563.2,1563.15 1 0
github.com/xdzczk/nostrmash/internal/derivation/handlers.go:1563.15,1563.39 1 0
github.com/xdzczk/nostrmash/internal/derivation/handlers.go:1565.2,1573.16 2 0
github.com/xdzczk/nostrmash/internal/derivation/handlers.go:1573.16,1575.3 1 0
github.com/xdzczk/nostrmash/internal/derivation/handlers.go:1576.2,1576.93 1 0
github.com/xdzczk/nostrmash/internal/derivation/handlers.go:1576.93,1578.3 1 0
github.com/xdzczk/nostrmash/internal/derivation/handlers.go:1579.2,1579.39 1 0
github.com/xdzczk/nostrmash/internal/derivation/handlers.go:1579.39,1581.3 1 0
github.com/xdzczk/nostrmash/internal/derivation/handlers.go:1582.2,1582.12 1 0
github.com/xdzczk/nostrmash/internal/derivation/handlers.go:1585.118,1591.16 2 0
github.com/xdzczk/nostrmash/internal/derivation/handlers.go:1591.16,1593.3 1 0
github.com/xdzczk/nostrmash/internal/derivation/handlers.go:1594.2,1597.18 3 0
github.com/xdzczk/nostrmash/internal/derivation/handlers.go:1597.18,1599.51 2 0
github.com/xdzczk/nostrmash/internal/derivation/handlers.go:1599.51,1601.4 1 0
github.com/xdzczk/nostrmash/internal/derivation/handlers.go:1602.3,1602.35 1 0
github.com/xdzczk/nostrmash/internal/derivation/handlers.go:1604.2,1604.35 1 0
github.com/xdzczk/nostrmash/internal/derivation/handlers.go:1604.35,1606.3 1 0
github.com/xdzczk/nostrmash/internal/derivation/handlers.go:1607.2,1607.17 1 0
github.com/xdzczk/nostrmash/internal/derivation/handlers.go:1610.48,1611.19 1 0
github.com/xdzczk/nostrmash/internal/derivation/handlers.go:1611.19,1613.3 1 0
github.com/xdzczk/nostrmash/internal/derivation/handlers.go:1614.2,1616.25 3 0
github.com/xdzczk/nostrmash/internal/derivation/handlers.go:1616.25,1618.20 2 0
github.com/xdzczk/nostrmash/internal/derivation/handlers.go:1618.20,1619.12 1 0
github.com/xdzczk/nostrmash/internal/derivation/handlers.go:1621.3,1621.33 1 0
github.com/xdzczk/nostrmash/internal/derivation/handlers.go:1621.33,1622.12 1 0
github.com/xdzczk/nostrmash/internal/derivation/handlers.go:1624.3,1625.29 2 0
github.com/xdzczk/nostrmash/internal/derivation/handlers.go:1627.2,1628.12 2 0
github.com/xdzczk/nostrmash/internal/derivation/handlers.go:1631.80,1632.27 1 0
github.com/xdzczk/nostrmash/internal/derivation/handlers.go:1632.27,1633.31 1 0
github.com/xdzczk/nostrmash/internal/derivation/handlers.go:1633.31,1635.4 1 0
github.com/xdzczk/nostrmash/internal/derivation/handlers.go:1637.2,1637.11 1 0
github.com/xdzczk/nostrmash/internal/derivation/handlers.go:1640.68,1641.20 1 0
github.com/xdzczk/nostrmash/internal/derivation/handlers.go:1641.20,1643.3 1 0
github.com/xdzczk/nostrmash/internal/derivation/handlers.go:1644.2,1645.9 2 0
github.com/xdzczk/nostrmash/internal/derivation/handlers.go:1645.9,1647.3 1 0
github.com/xdzczk/nostrmash/internal/derivation/handlers.go:1648.2,1649.9 2 0
github.com/xdzczk/nostrmash/internal/derivation/handlers.go:1649.9,1651.3 1 0
github.com/xdzczk/nostrmash/internal/derivation/handlers.go:1652.2,1652.33 1 0
github.com/xdzczk/nostrmash/internal/derivation/handlers.go:1655.82,1659.40 2 0
github.com/xdzczk/nostrmash/internal/derivation/handlers.go:1659.40,1661.3 1 0
github.com/xdzczk/nostrmash/internal/derivation/handlers.go:1662.2,1662.20 1 0
github.com/xdzczk/nostrmash/internal/derivation/handlers.go:1665.111,1667.16 2 0
github.com/xdzczk/nostrmash/internal/derivation/handlers.go:1667.16,1669.3 1 0
github.com/xdzczk/nostrmash/internal/derivation/handlers.go:1670.2,1671.68 2 0
github.com/xdzczk/nostrmash/internal/derivation/handlers.go:1671.68,1673.3 1 0
github.com/xdzczk/nostrmash/internal/derivation/handlers.go:1674.2,1685.16 2 0
github.com/xdzczk/nostrmash/internal/derivation/handlers.go:1685.16,1687.3 1 0
github.com/xdzczk/nostrmash/internal/derivation/handlers.go:1688.2,1688.12 1 0
github.com/xdzczk/nostrmash/internal/derivation/handlers.go:1700.91,1702.121 2 0
github.com/xdzczk/nostrmash/internal/derivation/handlers.go:1702.121,1704.3 1 0
github.com/xdzczk/nostrmash/internal/derivation/handlers.go:1705.2,1708.67 2 0
github.com/xdzczk/nostrmash/internal/derivation/handlers.go:1708.67,1710.3 1 0
github.com/xdzczk/nostrmash/internal/derivation/handlers.go:1711.2,1711.26 1 0
github.com/xdzczk/nostrmash/internal/derivation/handlers.go:1714.86,1716.2 1 0
github.com/xdzczk/nostrmash/internal/derivation/handlers.go:1718.87,1720.2 1 0
github.com/xdzczk/nostrmash/internal/derivation/handlers.go:1722.106,1726.27 3 0
github.com/xdzczk/nostrmash/internal/derivation/handlers.go:1726.27,1727.40 1 0
github.com/xdzczk/nostrmash/internal/derivation/handlers.go:1727.40,1728.12 1 0
github.com/xdzczk/nostrmash/internal/derivation/handlers.go:1730.3,1731.23 2 0
github.com/xdzczk/nostrmash/internal/derivation/handlers.go:1731.23,1732.12 1 0
github.com/xdzczk/nostrmash/internal/derivation/handlers.go:1735.3,1736.19 2 0
github.com/xdzczk/nostrmash/internal/derivation/handlers.go:1736.19,1738.4 1 0
github.com/xdzczk/nostrmash/internal/derivation/handlers.go:1739.3,1740.19 2 0
github.com/xdzczk/nostrmash/internal/derivation/handlers.go:1740.19,1742.4 1 0
github.com/xdzczk/nostrmash/internal/derivation/handlers.go:1743.3,1744.13 2 0
github.com/xdzczk/nostrmash/internal/derivation/handlers.go:1744.13,1753.12 2 0
github.com/xdzczk/nostrmash/internal/derivation/handlers.go:1756.3,1762.49 2 0
github.com/xdzczk/nostrmash/internal/derivation/handlers.go:1765.2,1767.27 3 0
github.com/xdzczk/nostrmash/internal/derivation/handlers.go:1767.27,1768.25 1 0
github.com/xdzczk/nostrmash/internal/derivation/handlers.go:1768.25,1769.12 1 0
github.com/xdzczk/nostrmash/internal/derivation/handlers.go:1771.3,1771.35 1 0
github.com/xdzczk/nostrmash/internal/derivation/handlers.go:1773.2,1773.17 1 0
github.com/xdzczk/nostrmash/internal/derivation/handlers.go:1776.72,1777.27 1 0
github.com/xdzczk/nostrmash/internal/derivation/handlers.go:1777.27,1779.3 1 0
github.com/xdzczk/nostrmash/internal/derivation/handlers.go:1781.2,1781.34 1 0
github.com/xdzczk/nostrmash/internal/derivation/handlers.go:1781.34,1783.3 1 0
github.com/xdzczk/nostrmash/internal/derivation/handlers.go:1785.2,1787.27 3 0
github.com/xdzczk/nostrmash/internal/derivation/handlers.go:1787.27,1788.23 1 0
github.com/xdzczk/nostrmash/internal/derivation/handlers.go:1789.15,1790.18 1 0
github.com/xdzczk/nostrmash/internal/derivation/handlers.go:1791.16,1792.19 1 0
github.com/xdzczk/nostrmash/internal/derivation/handlers.go:1796.2,1796.14 1 0
github.com/xdzczk/nostrmash/internal/derivation/handlers.go:1796.14,1799.3 2 0
github.com/xdzczk/nostrmash/internal/derivation/handlers.go:1800.2,1800.39 1 0
github.com/xdzczk/nostrmash/internal/derivation/handlers.go:1800.39,1803.3 2 0
github.com/xdzczk/nostrmash/internal/derivation/handlers.go:1806.39,1807.28 1 0
github.com/xdzczk/nostrmash/internal/derivation/handlers.go:1807.28,1809.3 1 0
github.com/xdzczk/nostrmash/internal/derivation/handlers.go:1810.2,1810.35 1 0
github.com/xdzczk/nostrmash/internal/derivation/handlers.go:1810.35,1812.3 1 0
github.com/xdzczk/nostrmash/internal/derivation/handlers.go:1813.2,1813.38 1 0
github.com/xdzczk/nostrmash/internal/derivation/handlers.go:1822.9,1824.23 2 0
github.com/xdzczk/nostrmash/internal/derivation/handlers.go:1824.23,1826.3 1 0
github.com/xdzczk/nostrmash/internal/derivation/handlers.go:1827.2,1839.16 2 0
github.com/xdzczk/nostrmash/internal/derivation/handlers.go:1839.16,1841.3 1 0
github.com/xdzczk/nostrmash/internal/derivation/handlers.go:1842.2,1856.16 2 0
github.com/xdzczk/nostrmash/internal/derivation/handlers.go:1856.16,1858.3 1 0
github.com/xdzczk/nostrmash/internal/derivation/handlers.go:1859.2,1859.12 1 0
github.com/xdzczk/nostrmash/internal/derivation/handlers.go:1869.16,1870.91 1 0
github.com/xdzczk/nostrmash/internal/derivation/handlers.go:1870.91,1872.3 1 0
github.com/xdzczk/nostrmash/internal/derivation/handlers.go:1873.2,1873.28 1 0
github.com/xdzczk/nostrmash/internal/derivation/handlers.go:1873.28,1875.3 1 0
github.com/xdzczk/nostrmash/internal/derivation/handlers.go:1876.2,1881.44 2 0
github.com/xdzczk/nostrmash/internal/derivation/handlers.go:1881.44,1883.3 1 0
github.com/xdzczk/nostrmash/internal/derivation/handlers.go:1884.2,1884.27 1 0
github.com/xdzczk/nostrmash/internal/derivation/handlers.go:1887.40,1889.17 2 0
github.com/xdzczk/nostrmash/internal/derivation/handlers.go:1889.17,1891.3 1 0
github.com/xdzczk/nostrmash/internal/derivation/handlers.go:1892.2,1892.15 1 0
github.com/xdzczk/nostrmash/internal/derivation/handlers.go:1895.60,1896.27 1 0
github.com/xdzczk/nostrmash/internal/derivation/handlers.go:1896.27,1897.19 1 0
github.com/xdzczk/nostrmash/internal/derivation/handlers.go:1897.19,1898.12 1 0
github.com/xdzczk/nostrmash/internal/derivation/handlers.go:1900.3,1900.24 1 0
github.com/xdzczk/nostrmash/internal/derivation/handlers.go:1900.24,1901.12 1 0
github.com/xdzczk/nostrmash/internal/derivation/handlers.go:1903.3,1904.18 2 0
github.com/xdzczk/nostrmash/internal/derivation/handlers.go:1904.18,1906.4 1 0
github.com/xdzczk/nostrmash/internal/derivation/handlers.go:1908.2,1908.11 1 0
github.com/xdzczk/nostrmash/internal/derivation/handlers.go:1911.43,1913.15 2 0
github.com/xdzczk/nostrmash/internal/derivation/handlers.go:1913.15,1915.3 1 0
github.com/xdzczk/nostrmash/internal/derivation/handlers.go:1916.2,1917.31 2 0
github.com/xdzczk/nostrmash/internal/derivation/handlers.go:1917.31,1919.3 1 0
github.com/xdzczk/nostrmash/internal/derivation/handlers.go:1920.2,1920.20 1 0
github.com/xdzczk/nostrmash/internal/derivation/handlers.go:1920.20,1922.3 1 0
github.com/xdzczk/nostrmash/internal/derivation/handlers.go:1923.2,1923.15 1 0
github.com/xdzczk/nostrmash/internal/derivation/job_dispatch.go:17.73,18.9 1 0
github.com/xdzczk/nostrmash/internal/derivation/job_dispatch.go:19.20,20.19 1 0
github.com/xdzczk/nostrmash/internal/derivation/job_dispatch.go:21.10,21.10 0 0
github.com/xdzczk/nostrmash/internal/derivation/job_dispatch.go:23.2,23.21 1 0
github.com/xdzczk/nostrmash/internal/derivation/job_dispatch.go:23.21,25.3 1 0
github.com/xdzczk/nostrmash/internal/derivation/job_dispatch.go:26.2,26.21 1 0
github.com/xdzczk/nostrmash/internal/derivation/job_dispatch.go:27.37,29.63 2 0
github.com/xdzczk/nostrmash/internal/derivation/job_dispatch.go:29.63,31.4 1 0
github.com/xdzczk/nostrmash/internal/derivation/job_dispatch.go:32.3,32.25 1 0
github.com/xdzczk/nostrmash/internal/derivation/job_dispatch.go:32.25,34.4 1 0
github.com/xdzczk/nostrmash/internal/derivation/job_dispatch.go:35.3,35.66 1 0
github.com/xdzczk/nostrmash/internal/derivation/job_dispatch.go:36.32,38.17 2 0
github.com/xdzczk/nostrmash/internal/derivation/job_dispatch.go:38.17,40.4 1 0
github.com/xdzczk/nostrmash/internal/derivation/job_dispatch.go:41.3,41.58 1 0
github.com/xdzczk/nostrmash/internal/derivation/job_dispatch.go:42.39,44.17 2 0
github.com/xdzczk/nostrmash/internal/derivation/job_dispatch.go:44.17,46.4 1 0
github.com/xdzczk/nostrmash/internal/derivation/job_dispatch.go:47.3,47.65 1 0
github.com/xdzczk/nostrmash/internal/derivation/job_dispatch.go:48.37,50.17 2 0
github.com/xdzczk/nostrmash/internal/derivation/job_dispatch.go:50.17,52.4 1 0
github.com/xdzczk/nostrmash/internal/derivation/job_dispatch.go:53.3,53.63 1 0
github.com/xdzczk/nostrmash/internal/derivation/job_dispatch.go:54.36,56.17 2 0
github.com/xdzczk/nostrmash/internal/derivation/job_dispatch.go:56.17,58.4 1 0
github.com/xdzczk/nostrmash/internal/derivation/job_dispatch.go:59.3,59.62 1 0
github.com/xdzczk/nostrmash/internal/derivation/job_dispatch.go:60.39,62.17 2 0
github.com/xdzczk/nostrmash/internal/derivation/job_dispatch.go:62.17,64.4 1 0
github.com/xdzczk/nostrmash/internal/derivation/job_dispatch.go:65.3,65.65 1 0
github.com/xdzczk/nostrmash/internal/derivation/job_dispatch.go:66.33,68.17 2 0
github.com/xdzczk/nostrmash/internal/derivation/job_dispatch.go:68.17,70.4 1 0
github.com/xdzczk/nostrmash/internal/derivation/job_dispatch.go:71.3,71.59 1 0
github.com/xdzczk/nostrmash/internal/derivation/job_dispatch.go:72.36,74.17 2 0
github.com/xdzczk/nostrmash/internal/derivation/job_dispatch.go:74.17,76.4 1 0
github.com/xdzczk/nostrmash/internal/derivation/job_dispatch.go:77.3,77.62 1 0
github.com/xdzczk/nostrmash/internal/derivation/job_dispatch.go:78.34,80.17 2 0
github.com/xdzczk/nostrmash/internal/derivation/job_dispatch.go:80.17,82.4 1 0
github.com/xdzczk/nostrmash/internal/derivation/job_dispatch.go:83.3,83.60 1 0
github.com/xdzczk/nostrmash/internal/derivation/job_dispatch.go:84.36,86.17 2 0
github.com/xdzczk/nostrmash/internal/derivation/job_dispatch.go:86.17,88.4 1 0
github.com/xdzczk/nostrmash/internal/derivation/job_dispatch.go:89.3,89.62 1 0
github.com/xdzczk/nostrmash/internal/derivation/job_dispatch.go:90.34,92.17 2 0
github.com/xdzczk/nostrmash/internal/derivation/job_dispatch.go:92.17,94.4 1 0
github.com/xdzczk/nostrmash/internal/derivation/job_dispatch.go:95.3,95.60 1 0
github.com/xdzczk/nostrmash/internal/derivation/job_dispatch.go:96.36,98.17 2 0
github.com/xdzczk/nostrmash/internal/derivation/job_dispatch.go:98.17,100.4 1 0
github.com/xdzczk/nostrmash/internal/derivation/job_dispatch.go:101.3,101.62 1 0
github.com/xdzczk/nostrmash/internal/derivation/job_dispatch.go:102.34,104.17 2 0
github.com/xdzczk/nostrmash/internal/derivation/job_dispatch.go:104.17,106.4 1 0
github.com/xdzczk/nostrmash/internal/derivation/job_dispatch.go:107.3,107.66 1 0
github.com/xdzczk/nostrmash/internal/derivation/job_dispatch.go:108.32,110.17 2 0
github.com/xdzczk/nostrmash/internal/derivation/job_dispatch.go:110.17,112.4 1 0
github.com/xdzczk/nostrmash/internal/derivation/job_dispatch.go:113.3,113.64 1 0
github.com/xdzczk/nostrmash/internal/derivation/job_dispatch.go:114.36,116.17 2 0
github.com/xdzczk/nostrmash/internal/derivation/job_dispatch.go:116.17,118.4 1 0
github.com/xdzczk/nostrmash/internal/derivation/job_dispatch.go:119.3,119.62 1 0
github.com/xdzczk/nostrmash/internal/derivation/job_dispatch.go:120.33,122.17 2 0
github.com/xdzczk/nostrmash/internal/derivation/job_dispatch.go:122.17,124.4 1 0
github.com/xdzczk/nostrmash/internal/derivation/job_dispatch.go:125.3,125.59 1 0
github.com/xdzczk/nostrmash/internal/derivation/job_dispatch.go:126.37,128.17 2 0
github.com/xdzczk/nostrmash/internal/derivation/job_dispatch.go:128.17,130.4 1 0
github.com/xdzczk/nostrmash/internal/derivation/job_dispatch.go:131.3,131.63 1 0
github.com/xdzczk/nostrmash/internal/derivation/job_dispatch.go:132.35,134.17 2 0
github.com/xdzczk/nostrmash/internal/derivation/job_dispatch.go:134.17,136.4 1 0
github.com/xdzczk/nostrmash/internal/derivation/job_dispatch.go:137.3,137.67 1 0
github.com/xdzczk/nostrmash/internal/derivation/job_dispatch.go:138.10,139.64 1 0
github.com/xdzczk/nostrmash/internal/derivation/job_dispatch.go:143.74,145.54 2 0
github.com/xdzczk/nostrmash/internal/derivation/job_dispatch.go:145.54,147.3 1 0
github.com/xdzczk/nostrmash/internal/derivation/job_dispatch.go:148.2,149.27 2 0
github.com/xdzczk/nostrmash/internal/derivation/job_dispatch.go:149.27,151.3 1 0
github.com/xdzczk/nostrmash/internal/derivation/job_dispatch.go:152.2,152.21 1 0
github.com/xdzczk/nostrmash/internal/derivation/rebuilds.go:23.135,25.31 2 0
github.com/xdzczk/nostrmash/internal/derivation/rebuilds.go:25.31,27.3 1 0
github.com/xdzczk/nostrmash/internal/derivation/rebuilds.go:29.2,30.16 2 0
github.com/xdzczk/nostrmash/internal/derivation/rebuilds.go:30.16,32.3 1 0
github.com/xdzczk/nostrmash/internal/derivation/rebuilds.go:33.2,34.16 2 0
github.com/xdzczk/nostrmash/internal/derivation/rebuilds.go:34.16,36.3 1 0
github.com/xdzczk/nostrmash/internal/derivation/rebuilds.go:38.2,39.24 2 0
github.com/xdzczk/nostrmash/internal/derivation/rebuilds.go:39.24,41.3 1 0
github.com/xdzczk/nostrmash/internal/derivation/rebuilds.go:42.2,42.24 1 0
github.com/xdzczk/nostrmash/internal/derivation/rebuilds.go:42.24,44.3 1 0
github.com/xdzczk/nostrmash/internal/derivation/rebuilds.go:46.2,47.16 2 0
github.com/xdzczk/nostrmash/internal/derivation/rebuilds.go:47.16,49.3 1 0
github.com/xdzczk/nostrmash/internal/derivation/rebuilds.go:50.2,50.15 1 0
github.com/xdzczk/nostrmash/internal/derivation/rebuilds.go:50.15,50.39 1 0
github.com/xdzczk/nostrmash/internal/derivation/rebuilds.go:52.2,52.99 1 0
github.com/xdzczk/nostrmash/internal/derivation/rebuilds.go:52.99,54.3 1 0
github.com/xdzczk/nostrmash/internal/derivation/rebuilds.go:56.2,78.16 3 0
github.com/xdzczk/nostrmash/internal/derivation/rebuilds.go:78.16,80.3 1 0
github.com/xdzczk/nostrmash/internal/derivation/rebuilds.go:82.2,83.16 2 0
github.com/xdzczk/nostrmash/internal/derivation/rebuilds.go:83.16,85.3 1 0
github.com/xdzczk/nostrmash/internal/derivation/rebuilds.go:86.2,98.16 4 0
github.com/xdzczk/nostrmash/internal/derivation/rebuilds.go:98.16,100.3 1 0
github.com/xdzczk/nostrmash/internal/derivation/rebuilds.go:102.2,106.31 1 0
github.com/xdzczk/nostrmash/internal/derivation/rebuilds.go:106.31,108.3 1 0
github.com/xdzczk/nostrmash/internal/derivation/rebuilds.go:110.2,110.39 1 0
github.com/xdzczk/nostrmash/internal/derivation/rebuilds.go:110.39,112.3 1 0
github.com/xdzczk/nostrmash/internal/derivation/rebuilds.go:113.2,113.46 1 0
github.com/xdzczk/nostrmash/internal/derivation/rebuilds.go:116.108,118.31 2 0
github.com/xdzczk/nostrmash/internal/derivation/rebuilds.go:118.31,120.3 1 0
github.com/xdzczk/nostrmash/internal/derivation/rebuilds.go:121.2,141.16 3 0
github.com/xdzczk/nostrmash/internal/derivation/rebuilds.go:141.16,142.36 1 0
github.com/xdzczk/nostrmash/internal/derivation/rebuilds.go:142.36,144.4 1 0
github.com/xdzczk/nostrmash/internal/derivation/rebuilds.go:145.3,145.64 1 0
github.com/xdzczk/nostrmash/internal/derivation/rebuilds.go:147.2,147.17 1 0
github.com/xdzczk/nostrmash/internal/derivation/rebuilds.go:150.88,151.31 1 0
github.com/xdzczk/nostrmash/internal/derivation/rebuilds.go:151.31,153.3 1 0
github.com/xdzczk/nostrmash/internal/derivation/rebuilds.go:155.2,156.16 2 0
github.com/xdzczk/nostrmash/internal/derivation/rebuilds.go:156.16,158.3 1 0
github.com/xdzczk/nostrmash/internal/derivation/rebuilds.go:159.2,159.42 1 0
github.com/xdzczk/nostrmash/internal/derivation/rebuilds.go:159.42,161.3 1 0
github.com/xdzczk/nostrmash/internal/derivation/rebuilds.go:163.2,164.16 2 0
github.com/xdzczk/nostrmash/internal/derivation/rebuilds.go:164.16,166.3 1 0
github.com/xdzczk/nostrmash/internal/derivation/rebuilds.go:167.2,167.59 1 0
github.com/xdzczk/nostrmash/internal/derivation/rebuilds.go:167.59,170.3 2 0
github.com/xdzczk/nostrmash/internal/derivation/rebuilds.go:171.2,171.44 1 0
github.com/xdzczk/nostrmash/internal/derivation/rebuilds.go:174.106,177.16 3 0
github.com/xdzczk/nostrmash/internal/derivation/rebuilds.go:177.16,179.3 1 0
github.com/xdzczk/nostrmash/internal/derivation/rebuilds.go:180.2,180.15 1 0
github.com/xdzczk/nostrmash/internal/derivation/rebuilds.go:180.15,180.39 1 0
github.com/xdzczk/nostrmash/internal/derivation/rebuilds.go:182.2,203.16 3 0
github.com/xdzczk/nostrmash/internal/derivation/rebuilds.go:203.16,204.36 1 0
github.com/xdzczk/nostrmash/internal/derivation/rebuilds.go:204.36,206.4 1 0
github.com/xdzczk/nostrmash/internal/derivation/rebuilds.go:207.3,207.65 1 0
github.com/xdzczk/nostrmash/internal/derivation/rebuilds.go:209.2,209.42 1 0
github.com/xdzczk/nostrmash/internal/derivation/rebuilds.go:209.42,210.40 1 0
github.com/xdzczk/nostrmash/internal/derivation/rebuilds.go:210.40,212.4 1 0
github.com/xdzczk/nostrmash/internal/derivation/rebuilds.go:213.3,213.18 1 0
github.com/xdzczk/nostrmash/internal/derivation/rebuilds.go:216.2,225.47 1 0
github.com/xdzczk/nostrmash/internal/derivation/rebuilds.go:225.47,227.3 1 0
github.com/xdzczk/nostrmash/internal/derivation/rebuilds.go:228.2,228.39 1 0
github.com/xdzczk/nostrmash/internal/derivation/rebuilds.go:228.39,230.3 1 0
github.com/xdzczk/nostrmash/internal/derivation/rebuilds.go:231.2,237.17 7 0
github.com/xdzczk/nostrmash/internal/derivation/rebuilds.go:240.99,242.21 2 0
github.com/xdzczk/nostrmash/internal/derivation/rebuilds.go:242.21,244.3 1 0
github.com/xdzczk/nostrmash/internal/derivation/rebuilds.go:245.2,253.16 2 0
github.com/xdzczk/nostrmash/internal/derivation/rebuilds.go:253.16,255.3 1 0
github.com/xdzczk/nostrmash/internal/derivation/rebuilds.go:256.2,256.12 1 0
github.com/xdzczk/nostrmash/internal/derivation/rebuilds.go:259.97,261.16 2 0
github.com/xdzczk/nostrmash/internal/derivation/rebuilds.go:261.16,263.3 1 0
github.com/xdzczk/nostrmash/internal/derivation/rebuilds.go:264.2,264.15 1 0
github.com/xdzczk/nostrmash/internal/derivation/rebuilds.go:264.15,264.39 1 0
github.com/xdzczk/nostrmash/internal/derivation/rebuilds.go:266.2,273.49 1 0
github.com/xdzczk/nostrmash/internal/derivation/rebuilds.go:273.49,275.3 1 0
github.com/xdzczk/nostrmash/internal/derivation/rebuilds.go:277.2,277.40 1 0
github.com/xdzczk/nostrmash/internal/derivation/rebuilds.go:277.40,284.57 1 0
github.com/xdzczk/nostrmash/internal/derivation/rebuilds.go:284.57,286.4 1 0
github.com/xdzczk/nostrmash/internal/derivation/rebuilds.go:288.2,288.39 1 0
github.com/xdzczk/nostrmash/internal/derivation/rebuilds.go:288.39,290.3 1 0
github.com/xdzczk/nostrmash/internal/derivation/rebuilds.go:291.2,291.12 1 0
github.com/xdzczk/nostrmash/internal/derivation/rebuilds.go:294.117,296.16 2 0
github.com/xdzczk/nostrmash/internal/derivation/rebuilds.go:296.16,298.3 1 0
github.com/xdzczk/nostrmash/internal/derivation/rebuilds.go:299.2,300.35 2 0
github.com/xdzczk/nostrmash/internal/derivation/rebuilds.go:300.35,301.68 1 0
github.com/xdzczk/nostrmash/internal/derivation/rebuilds.go:301.68,303.4 1 0
github.com/xdzczk/nostrmash/internal/derivation/rebuilds.go:305.2,305.12 1 0
github.com/xdzczk/nostrmash/internal/derivation/rebuilds.go:308.103,309.20 1 0
github.com/xdzczk/nostrmash/internal/derivation/rebuilds.go:310.25,311.38 1 0
github.com/xdzczk/nostrmash/internal/derivation/rebuilds.go:312.26,318.19 1 0
github.com/xdzczk/nostrmash/internal/derivation/rebuilds.go:319.29,326.49 1 0
github.com/xdzczk/nostrmash/internal/derivation/rebuilds.go:327.24,332.5 1 0
github.com/xdzczk/nostrmash/internal/derivation/rebuilds.go:333.10,334.74 1 0
github.com/xdzczk/nostrmash/internal/derivation/rebuilds.go:338.100,340.16 2 0
github.com/xdzczk/nostrmash/internal/derivation/rebuilds.go:340.16,342.3 1 0
github.com/xdzczk/nostrmash/internal/derivation/rebuilds.go:343.2,345.18 3 0
github.com/xdzczk/nostrmash/internal/derivation/rebuilds.go:345.18,347.40 2 0
github.com/xdzczk/nostrmash/internal/derivation/rebuilds.go:347.40,349.4 1 0
github.com/xdzczk/nostrmash/internal/derivation/rebuilds.go:350.3,350.24 1 0
github.com/xdzczk/nostrmash/internal/derivation/rebuilds.go:352.2,352.35 1 0
github.com/xdzczk/nostrmash/internal/derivation/rebuilds.go:352.35,354.3 1 0
github.com/xdzczk/nostrmash/internal/derivation/rebuilds.go:355.2,355.17 1 0
github.com/xdzczk/nostrmash/internal/derivation/rebuilds.go:358.94,360.20 2 0
github.com/xdzczk/nostrmash/internal/derivation/rebuilds.go:361.32,367.9 1 0
github.com/xdzczk/nostrmash/internal/derivation/rebuilds.go:368.36,374.9 1 0
github.com/xdzczk/nostrmash/internal/derivation/rebuilds.go:375.29,381.9 1 0
github.com/xdzczk/nostrmash/internal/derivation/rebuilds.go:382.32,388.9 1 0
github.com/xdzczk/nostrmash/internal/derivation/rebuilds.go:389.30,395.9 1 0
github.com/xdzczk/nostrmash/internal/derivation/rebuilds.go:396.32,402.9 1 0
github.com/xdzczk/nostrmash/internal/derivation/rebuilds.go:403.30,409.9 1 0
github.com/xdzczk/nostrmash/internal/derivation/rebuilds.go:410.32,416.9 1 0
github.com/xdzczk/nostrmash/internal/derivation/rebuilds.go:417.36,422.82 1 0
github.com/xdzczk/nostrmash/internal/derivation/rebuilds.go:422.82,424.5 1 0
github.com/xdzczk/nostrmash/internal/derivation/rebuilds.go:426.34,431.82 1 0
github.com/xdzczk/nostrmash/internal/derivation/rebuilds.go:431.82,433.5 1 0
github.com/xdzczk/nostrmash/internal/derivation/rebuilds.go:435.34,441.9 1 0
github.com/xdzczk/nostrmash/internal/derivation/rebuilds.go:442.32,448.9 1 0
github.com/xdzczk/nostrmash/internal/derivation/rebuilds.go:449.29,455.9 1 0
github.com/xdzczk/nostrmash/internal/derivation/rebuilds.go:456.10,457.113 1 0
github.com/xdzczk/nostrmash/internal/derivation/rebuilds.go:461.90,465.18 2 0
github.com/xdzczk/nostrmash/internal/derivation/rebuilds.go:466.24,467.18 1 0
github.com/xdzczk/nostrmash/internal/derivation/rebuilds.go:468.41,471.24 3 0
github.com/xdzczk/nostrmash/internal/derivation/rebuilds.go:471.24,473.4 1 0
github.com/xdzczk/nostrmash/internal/derivation/rebuilds.go:474.3,474.18 1 0
github.com/xdzczk/nostrmash/internal/derivation/rebuilds.go:475.43,478.23 3 0
github.com/xdzczk/nostrmash/internal/derivation/rebuilds.go:478.23,480.4 1 0
github.com/xdzczk/nostrmash/internal/derivation/rebuilds.go:481.3,481.18 1 0
github.com/xdzczk/nostrmash/internal/derivation/rebuilds.go:482.43,484.63 2 0
github.com/xdzczk/nostrmash/internal/derivation/rebuilds.go:484.63,486.4 1 0
github.com/xdzczk/nostrmash/internal/derivation/rebuilds.go:487.3,487.50 1 0
github.com/xdzczk/nostrmash/internal/derivation/rebuilds.go:487.50,489.4 1 0
github.com/xdzczk/nostrmash/internal/derivation/rebuilds.go:490.3,492.18 3 0
github.com/xdzczk/nostrmash/internal/derivation/rebuilds.go:493.10,494.74 1 0
github.com/xdzczk/nostrmash/internal/derivation/rebuilds.go:502.87,522.16 5 0
github.com/xdzczk/nostrmash/internal/derivation/rebuilds.go:522.16,524.3 1 0
github.com/xdzczk/nostrmash/internal/derivation/rebuilds.go:525.2,525.25 1 0
github.com/xdzczk/nostrmash/internal/derivation/rebuilds.go:525.25,527.3 1 0
github.com/xdzczk/nostrmash/internal/derivation/rebuilds.go:528.2,528.24 1 0
github.com/xdzczk/nostrmash/internal/derivation/rebuilds.go:528.24,530.3 1 0
github.com/xdzczk/nostrmash/internal/derivation/rebuilds.go:531.2,531.17 1 0
github.com/xdzczk/nostrmash/internal/ingestor/live/checkpoint_tracker.go:49.31,50.18 1 2
github.com/xdzczk/nostrmash/internal/ingestor/live/checkpoint_tracker.go:50.18,52.3 1 0
github.com/xdzczk/nostrmash/internal/ingestor/live/checkpoint_tracker.go:53.2,54.23 2 2
github.com/xdzczk/nostrmash/internal/ingestor/live/checkpoint_tracker.go:54.23,56.3 1 0
github.com/xdzczk/nostrmash/internal/ingestor/live/checkpoint_tracker.go:57.2,57.21 1 2
github.com/xdzczk/nostrmash/internal/ingestor/live/checkpoint_tracker.go:57.21,59.3 1 0
github.com/xdzczk/nostrmash/internal/ingestor/live/checkpoint_tracker.go:60.2,60.16 1 2
github.com/xdzczk/nostrmash/internal/ingestor/live/checkpoint_tracker.go:60.16,62.3 1 0
github.com/xdzczk/nostrmash/internal/ingestor/live/checkpoint_tracker.go:63.2,70.8 1 2
github.com/xdzczk/nostrmash/internal/ingestor/live/checkpoint_tracker.go:78.9,80.20 2 0
github.com/xdzczk/nostrmash/internal/ingestor/live/checkpoint_tracker.go:80.20,82.3 1 0
github.com/xdzczk/nostrmash/internal/ingestor/live/checkpoint_tracker.go:83.2,84.19 2 0
github.com/xdzczk/nostrmash/internal/ingestor/live/checkpoint_tracker.go:84.19,86.3 1 0
github.com/xdzczk/nostrmash/internal/ingestor/live/checkpoint_tracker.go:87.2,91.74 4 0
github.com/xdzczk/nostrmash/internal/ingestor/live/checkpoint_tracker.go:91.74,93.3 1 0
github.com/xdzczk/nostrmash/internal/ingestor/live/checkpoint_tracker.go:94.2,94.19 1 0
github.com/xdzczk/nostrmash/internal/ingestor/live/checkpoint_tracker.go:94.19,96.3 1 0
github.com/xdzczk/nostrmash/internal/ingestor/live/checkpoint_tracker.go:97.2,105.18 8 0
github.com/xdzczk/nostrmash/internal/ingestor/live/checkpoint_tracker.go:105.18,107.3 1 0
github.com/xdzczk/nostrmash/internal/ingestor/live/checkpoint_tracker.go:108.2,108.36 1 0
github.com/xdzczk/nostrmash/internal/ingestor/live/checkpoint_tracker.go:116.9,118.20 2 6
github.com/xdzczk/nostrmash/internal/ingestor/live/checkpoint_tracker.go:118.20,120.3 1 0
github.com/xdzczk/nostrmash/internal/ingestor/live/checkpoint_tracker.go:121.2,127.36 6 6
github.com/xdzczk/nostrmash/internal/ingestor/live/checkpoint_tracker.go:127.36,129.3 1 2
github.com/xdzczk/nostrmash/internal/ingestor/live/checkpoint_tracker.go:130.2,130.33 1 6
github.com/xdzczk/nostrmash/internal/ingestor/live/checkpoint_tracker.go:130.33,132.3 1 1
github.com/xdzczk/nostrmash/internal/ingestor/live/checkpoint_tracker.go:133.2,133.107 1 6
github.com/xdzczk/nostrmash/internal/ingestor/live/checkpoint_tracker.go:133.107,135.3 1 2
github.com/xdzczk/nostrmash/internal/ingestor/live/checkpoint_tracker.go:136.2,137.21 2 6
github.com/xdzczk/nostrmash/internal/ingestor/live/checkpoint_tracker.go:137.21,140.3 2 5
github.com/xdzczk/nostrmash/internal/ingestor/live/checkpoint_tracker.go:140.8,143.3 2 1
github.com/xdzczk/nostrmash/internal/ingestor/live/checkpoint_tracker.go:144.2,148.36 4 6
github.com/xdzczk/nostrmash/internal/ingestor/live/checkpoint_tracker.go:151.84,153.20 2 6
github.com/xdzczk/nostrmash/internal/ingestor/live/checkpoint_tracker.go:153.20,155.3 1 0
github.com/xdzczk/nostrmash/internal/ingestor/live/checkpoint_tracker.go:157.2,159.18 3 6
github.com/xdzczk/nostrmash/internal/ingestor/live/checkpoint_tracker.go:159.18,162.3 2 0
github.com/xdzczk/nostrmash/internal/ingestor/live/checkpoint_tracker.go:163.2,166.70 3 6
github.com/xdzczk/nostrmash/internal/ingestor/live/checkpoint_tracker.go:166.70,168.3 1 0
github.com/xdzczk/nostrmash/internal/ingestor/live/checkpoint_tracker.go:170.2,173.59 4 6
github.com/xdzczk/nostrmash/internal/ingestor/live/checkpoint_tracker.go:173.59,175.3 1 6
github.com/xdzczk/nostrmash/internal/ingestor/live/checkpoint_tracker.go:176.2,177.12 2 6
github.com/xdzczk/nostrmash/internal/ingestor/live/checkpoint_tracker.go:180.65,183.34 3 0
github.com/xdzczk/nostrmash/internal/ingestor/live/checkpoint_tracker.go:183.34,185.3 1 0
github.com/xdzczk/nostrmash/internal/ingestor/live/checkpoint_tracker.go:186.2,189.34 3 0
github.com/xdzczk/nostrmash/internal/ingestor/live/checkpoint_tracker.go:189.34,190.53 1 0
github.com/xdzczk/nostrmash/internal/ingestor/live/checkpoint_tracker.go:190.53,192.23 2 0
github.com/xdzczk/nostrmash/internal/ingestor/live/checkpoint_tracker.go:192.23,194.5 1 0
github.com/xdzczk/nostrmash/internal/ingestor/live/checkpoint_tracker.go:197.2,197.17 1 0
github.com/xdzczk/nostrmash/internal/ingestor/live/checkpoint_tracker.go:200.91,201.42 1 18
github.com/xdzczk/nostrmash/internal/ingestor/live/checkpoint_tracker.go:201.42,203.3 1 16
github.com/xdzczk/nostrmash/internal/ingestor/live/checkpoint_tracker.go:205.2,217.35 2 2
github.com/xdzczk/nostrmash/internal/ingestor/live/checkpoint_tracker.go:217.35,219.3 1 0
github.com/xdzczk/nostrmash/internal/ingestor/live/checkpoint_tracker.go:220.2,222.14 3 2
github.com/xdzczk/nostrmash/internal/ingestor/live/checkpoint_tracker.go:225.34,228.2 2 1
github.com/xdzczk/nostrmash/internal/ingestor/live/checkpoint_tracker.go:230.31,233.2 2 0
github.com/xdzczk/nostrmash/internal/ingestor/live/checkpoint_tracker.go:235.38,238.2 2 4
github.com/xdzczk/nostrmash/internal/ingestor/live/checkpoint_tracker.go:240.52,241.15 1 6
github.com/xdzczk/nostrmash/internal/ingestor/live/checkpoint_tracker.go:242.46,243.33 1 2
github.com/xdzczk/nostrmash/internal/ingestor/live/checkpoint_tracker.go:244.29,245.36 1 2
github.com/xdzczk/nostrmash/internal/ingestor/live/checkpoint_tracker.go:246.29,247.36 1 0
github.com/xdzczk/nostrmash/internal/ingestor/live/checkpoint_tracker.go:248.26,249.33 1 1
github.com/xdzczk/nostrmash/internal/ingestor/live/checkpoint_tracker.go:250.31,251.38 1 1
github.com/xdzczk/nostrmash/internal/ingestor/live/checkpoint_tracker.go:252.27,253.38 1 0
github.com/xdzczk/nostrmash/internal/ingestor/live/checkpoint_tracker.go:254.10,255.23 1 0
github.com/xdzczk/nostrmash/internal/ingestor/live/checkpoint_tracker.go:259.56,262.37 3 6
github.com/xdzczk/nostrmash/internal/ingestor/live/checkpoint_tracker.go:262.37,264.3 1 4
github.com/xdzczk/nostrmash/internal/ingestor/live/checkpoint_tracker.go:265.2,265.118 1 2
github.com/xdzczk/nostrmash/internal/ingestor/live/processor.go:52.103,53.18 1 2
github.com/xdzczk/nostrmash/internal/ingestor/live/processor.go:53.18,55.3 1 0
github.com/xdzczk/nostrmash/internal/ingestor/live/processor.go:56.2,56.16 1 2
github.com/xdzczk/nostrmash/internal/ingestor/live/processor.go:56.16,58.3 1 0
github.com/xdzczk/nostrmash/internal/ingestor/live/processor.go:59.2,63.8 1 2
github.com/xdzczk/nostrmash/internal/ingestor/live/processor.go:67.66,68.14 1 1
github.com/xdzczk/nostrmash/internal/ingestor/live/processor.go:68.14,70.3 1 0
github.com/xdzczk/nostrmash/internal/ingestor/live/processor.go:71.2,71.29 1 1
github.com/xdzczk/nostrmash/internal/ingestor/live/processor.go:74.88,77.20 3 5
github.com/xdzczk/nostrmash/internal/ingestor/live/processor.go:77.20,97.17 3 4
github.com/xdzczk/nostrmash/internal/ingestor/live/processor.go:97.17,99.4 1 0
github.com/xdzczk/nostrmash/internal/ingestor/live/processor.go:100.3,100.32 1 4
github.com/xdzczk/nostrmash/internal/ingestor/live/processor.go:100.32,106.18 1 2
github.com/xdzczk/nostrmash/internal/ingestor/live/processor.go:106.18,108.5 1 0
github.com/xdzczk/nostrmash/internal/ingestor/live/processor.go:111.3,111.28 1 4
github.com/xdzczk/nostrmash/internal/ingestor/live/processor.go:111.28,116.4 4 2
github.com/xdzczk/nostrmash/internal/ingestor/live/processor.go:117.3,120.13 4 2
github.com/xdzczk/nostrmash/internal/ingestor/live/processor.go:123.2,132.65 4 1
github.com/xdzczk/nostrmash/internal/ingestor/live/processor.go:132.65,134.3 1 0
github.com/xdzczk/nostrmash/internal/ingestor/live/processor.go:135.2,142.12 2 1
github.com/xdzczk/nostrmash/internal/ingestor/live/processor.go:145.41,151.2 1 1
github.com/xdzczk/nostrmash/internal/ingestor/live/processor.go:153.59,154.19 1 1
github.com/xdzczk/nostrmash/internal/ingestor/live/processor.go:154.19,156.3 1 0
github.com/xdzczk/nostrmash/internal/ingestor/live/processor.go:157.2,157.29 1 1
github.com/xdzczk/nostrmash/internal/ingestor/live/resume_since_resolver.go:27.33,28.18 1 3
github.com/xdzczk/nostrmash/internal/ingestor/live/resume_since_resolver.go:28.18,30.3 1 0
github.com/xdzczk/nostrmash/internal/ingestor/live/resume_since_resolver.go:31.2,32.23 2 3
github.com/xdzczk/nostrmash/internal/ingestor/live/resume_since_resolver.go:32.23,34.3 1 0
github.com/xdzczk/nostrmash/internal/ingestor/live/resume_since_resolver.go:35.2,35.35 1 3
github.com/xdzczk/nostrmash/internal/ingestor/live/resume_since_resolver.go:35.35,37.3 1 0
github.com/xdzczk/nostrmash/internal/ingestor/live/resume_since_resolver.go:38.2,38.24 1 3
github.com/xdzczk/nostrmash/internal/ingestor/live/resume_since_resolver.go:38.24,40.3 1 0
github.com/xdzczk/nostrmash/internal/ingestor/live/resume_since_resolver.go:41.2,47.8 1 3
github.com/xdzczk/nostrmash/internal/ingestor/live/resume_since_resolver.go:53.34,55.16 2 3
github.com/xdzczk/nostrmash/internal/ingestor/live/resume_since_resolver.go:55.16,57.3 1 0
github.com/xdzczk/nostrmash/internal/ingestor/live/resume_since_resolver.go:58.2,58.50 1 3
github.com/xdzczk/nostrmash/internal/ingestor/live/resume_since_resolver.go:58.50,60.16 2 2
github.com/xdzczk/nostrmash/internal/ingestor/live/resume_since_resolver.go:60.16,62.4 1 1
github.com/xdzczk/nostrmash/internal/ingestor/live/resume_since_resolver.go:63.3,69.9 1 2
github.com/xdzczk/nostrmash/internal/ingestor/live/resume_since_resolver.go:72.2,73.15 2 1
github.com/xdzczk/nostrmash/internal/ingestor/live/resume_since_resolver.go:73.15,75.3 1 0
github.com/xdzczk/nostrmash/internal/ingestor/live/resume_since_resolver.go:76.2,81.8 1 1
github.com/xdzczk/nostrmash/internal/jobs/queue.go:61.42,63.2 1 0
github.com/xdzczk/nostrmash/internal/jobs/queue.go:65.82,66.31 1 0
github.com/xdzczk/nostrmash/internal/jobs/queue.go:66.31,68.3 1 0
github.com/xdzczk/nostrmash/internal/jobs/queue.go:69.2,70.19 2 0
github.com/xdzczk/nostrmash/internal/jobs/queue.go:70.19,72.3 1 0
github.com/xdzczk/nostrmash/internal/jobs/queue.go:74.2,75.23 2 0
github.com/xdzczk/nostrmash/internal/jobs/queue.go:75.23,77.3 1 0
github.com/xdzczk/nostrmash/internal/jobs/queue.go:79.2,80.22 2 0
github.com/xdzczk/nostrmash/internal/jobs/queue.go:80.22,82.3 1 0
github.com/xdzczk/nostrmash/internal/jobs/queue.go:84.2,85.23 2 0
github.com/xdzczk/nostrmash/internal/jobs/queue.go:85.23,87.3 1 0
github.com/xdzczk/nostrmash/internal/jobs/queue.go:89.2,91.15 3 0
github.com/xdzczk/nostrmash/internal/jobs/queue.go:91.15,93.3 1 0
github.com/xdzczk/nostrmash/internal/jobs/queue.go:95.2,111.16 3 0
github.com/xdzczk/nostrmash/internal/jobs/queue.go:111.16,113.3 1 0
github.com/xdzczk/nostrmash/internal/jobs/queue.go:114.2,114.17 1 0
github.com/xdzczk/nostrmash/internal/jobs/queue.go:117.96,118.31 1 0
github.com/xdzczk/nostrmash/internal/jobs/queue.go:118.31,120.3 1 0
github.com/xdzczk/nostrmash/internal/jobs/queue.go:121.2,122.20 2 0
github.com/xdzczk/nostrmash/internal/jobs/queue.go:122.20,124.3 1 0
github.com/xdzczk/nostrmash/internal/jobs/queue.go:125.2,125.16 1 0
github.com/xdzczk/nostrmash/internal/jobs/queue.go:125.16,127.3 1 0
github.com/xdzczk/nostrmash/internal/jobs/queue.go:129.2,130.16 2 0
github.com/xdzczk/nostrmash/internal/jobs/queue.go:130.16,132.3 1 0
github.com/xdzczk/nostrmash/internal/jobs/queue.go:133.2,133.15 1 0
github.com/xdzczk/nostrmash/internal/jobs/queue.go:133.15,133.39 1 0
github.com/xdzczk/nostrmash/internal/jobs/queue.go:135.2,166.16 2 0
github.com/xdzczk/nostrmash/internal/jobs/queue.go:166.16,168.3 1 0
github.com/xdzczk/nostrmash/internal/jobs/queue.go:169.2,172.18 3 0
github.com/xdzczk/nostrmash/internal/jobs/queue.go:172.18,174.17 2 0
github.com/xdzczk/nostrmash/internal/jobs/queue.go:174.17,176.4 1 0
github.com/xdzczk/nostrmash/internal/jobs/queue.go:177.3,177.25 1 0
github.com/xdzczk/nostrmash/internal/jobs/queue.go:179.2,179.35 1 0
github.com/xdzczk/nostrmash/internal/jobs/queue.go:179.35,181.3 1 0
github.com/xdzczk/nostrmash/internal/jobs/queue.go:183.2,183.39 1 0
github.com/xdzczk/nostrmash/internal/jobs/queue.go:183.39,185.3 1 0
github.com/xdzczk/nostrmash/internal/jobs/queue.go:186.2,186.17 1 0
github.com/xdzczk/nostrmash/internal/jobs/queue.go:189.86,190.31 1 0
github.com/xdzczk/nostrmash/internal/jobs/queue.go:190.31,192.3 1 0
github.com/xdzczk/nostrmash/internal/jobs/queue.go:193.2,194.20 2 0
github.com/xdzczk/nostrmash/internal/jobs/queue.go:194.20,196.3 1 0
github.com/xdzczk/nostrmash/internal/jobs/queue.go:198.2,214.16 2 0
github.com/xdzczk/nostrmash/internal/jobs/queue.go:214.16,216.3 1 0
github.com/xdzczk/nostrmash/internal/jobs/queue.go:217.2,217.29 1 0
github.com/xdzczk/nostrmash/internal/jobs/queue.go:217.29,219.3 1 0
github.com/xdzczk/nostrmash/internal/jobs/queue.go:220.2,220.12 1 0
github.com/xdzczk/nostrmash/internal/jobs/queue.go:229.26,231.31 2 0
github.com/xdzczk/nostrmash/internal/jobs/queue.go:231.31,233.3 1 0
github.com/xdzczk/nostrmash/internal/jobs/queue.go:234.2,235.20 2 0
github.com/xdzczk/nostrmash/internal/jobs/queue.go:235.20,237.3 1 0
github.com/xdzczk/nostrmash/internal/jobs/queue.go:238.2,239.21 2 0
github.com/xdzczk/nostrmash/internal/jobs/queue.go:239.21,241.3 1 0
github.com/xdzczk/nostrmash/internal/jobs/queue.go:242.2,242.20 1 0
github.com/xdzczk/nostrmash/internal/jobs/queue.go:242.20,244.3 1 0
github.com/xdzczk/nostrmash/internal/jobs/queue.go:246.2,247.16 2 0
github.com/xdzczk/nostrmash/internal/jobs/queue.go:247.16,249.3 1 0
github.com/xdzczk/nostrmash/internal/jobs/queue.go:250.2,250.15 1 0
github.com/xdzczk/nostrmash/internal/jobs/queue.go:250.15,250.39 1 0
github.com/xdzczk/nostrmash/internal/jobs/queue.go:252.2,266.16 4 0
github.com/xdzczk/nostrmash/internal/jobs/queue.go:266.16,267.36 1 0
github.com/xdzczk/nostrmash/internal/jobs/queue.go:267.36,269.4 1 0
github.com/xdzczk/nostrmash/internal/jobs/queue.go:270.3,270.63 1 0
github.com/xdzczk/nostrmash/internal/jobs/queue.go:273.2,276.33 4 0
github.com/xdzczk/nostrmash/internal/jobs/queue.go:276.33,279.3 2 0
github.com/xdzczk/nostrmash/internal/jobs/queue.go:281.2,298.16 2 0
github.com/xdzczk/nostrmash/internal/jobs/queue.go:298.16,300.3 1 0
github.com/xdzczk/nostrmash/internal/jobs/queue.go:302.2,302.39 1 0
github.com/xdzczk/nostrmash/internal/jobs/queue.go:302.39,304.3 1 0
github.com/xdzczk/nostrmash/internal/jobs/queue.go:306.2,310.8 1 0
github.com/xdzczk/nostrmash/internal/jobs/queue.go:313.76,314.31 1 0
github.com/xdzczk/nostrmash/internal/jobs/queue.go:314.31,316.3 1 0
github.com/xdzczk/nostrmash/internal/jobs/queue.go:318.2,327.16 3 0
github.com/xdzczk/nostrmash/internal/jobs/queue.go:327.16,328.36 1 0
github.com/xdzczk/nostrmash/internal/jobs/queue.go:328.36,330.4 1 0
github.com/xdzczk/nostrmash/internal/jobs/queue.go:331.3,331.51 1 0
github.com/xdzczk/nostrmash/internal/jobs/queue.go:333.2,333.17 1 0
github.com/xdzczk/nostrmash/internal/jobs/queue.go:340.47,342.16 2 0
github.com/xdzczk/nostrmash/internal/jobs/queue.go:342.16,344.3 1 0
github.com/xdzczk/nostrmash/internal/jobs/queue.go:345.2,345.18 1 0
github.com/xdzczk/nostrmash/internal/jobs/queue.go:348.43,366.16 4 0
github.com/xdzczk/nostrmash/internal/jobs/queue.go:366.16,368.3 1 0
github.com/xdzczk/nostrmash/internal/jobs/queue.go:369.2,370.17 2 0
github.com/xdzczk/nostrmash/internal/metrics/metrics.go:80.29,82.2 1 0
github.com/xdzczk/nostrmash/internal/metrics/metrics.go:84.79,88.2 3 0
github.com/xdzczk/nostrmash/internal/metrics/metrics.go:90.39,92.2 1 0
github.com/xdzczk/nostrmash/internal/metrics/metrics.go:94.58,98.2 3 0
github.com/xdzczk/nostrmash/internal/metrics/metrics.go:100.44,102.2 1 0
github.com/xdzczk/nostrmash/internal/metrics/metrics.go:104.30,106.2 1 0
github.com/xdzczk/nostrmash/internal/metrics/metrics.go:108.30,110.2 1 0
github.com/xdzczk/nostrmash/internal/metrics/metrics.go:112.41,114.2 1 0
github.com/xdzczk/nostrmash/internal/metrics/metrics.go:116.75,119.2 2 0
github.com/xdzczk/nostrmash/internal/query/service.go:40.40,42.2 1 0
github.com/xdzczk/nostrmash/internal/query/service.go:59.23,62.19 3 0
github.com/xdzczk/nostrmash/internal/query/service.go:62.19,64.3 1 0
github.com/xdzczk/nostrmash/internal/query/service.go:65.2,66.16 2 0
github.com/xdzczk/nostrmash/internal/query/service.go:66.16,68.3 1 0
github.com/xdzczk/nostrmash/internal/query/service.go:69.2,70.16 2 0
github.com/xdzczk/nostrmash/internal/query/service.go:70.16,72.3 1 0
github.com/xdzczk/nostrmash/internal/query/service.go:73.2,74.16 2 0
github.com/xdzczk/nostrmash/internal/query/service.go:74.16,76.3 1 0
github.com/xdzczk/nostrmash/internal/query/service.go:77.2,82.17 6 0
github.com/xdzczk/nostrmash/internal/query/service.go:93.93,95.19 2 0
github.com/xdzczk/nostrmash/internal/query/service.go:95.19,97.3 1 0
github.com/xdzczk/nostrmash/internal/query/service.go:98.2,99.16 2 0
github.com/xdzczk/nostrmash/internal/query/service.go:99.16,101.3 1 0
github.com/xdzczk/nostrmash/internal/query/service.go:102.2,108.8 1 0
github.com/xdzczk/nostrmash/internal/query/service.go:116.95,118.26 2 0
github.com/xdzczk/nostrmash/internal/query/service.go:118.26,120.3 1 0
github.com/xdzczk/nostrmash/internal/query/service.go:121.2,122.16 2 0
github.com/xdzczk/nostrmash/internal/query/service.go:122.16,124.3 1 0
github.com/xdzczk/nostrmash/internal/query/service.go:125.2,129.36 2 0
github.com/xdzczk/nostrmash/internal/query/service.go:129.36,131.10 2 0
github.com/xdzczk/nostrmash/internal/query/service.go:131.10,133.12 2 0
github.com/xdzczk/nostrmash/internal/query/service.go:135.3,135.47 1 0
github.com/xdzczk/nostrmash/internal/query/service.go:137.2,137.17 1 0
github.com/xdzczk/nostrmash/internal/query/service.go:145.92,147.16 2 0
github.com/xdzczk/nostrmash/internal/query/service.go:147.16,149.3 1 0
github.com/xdzczk/nostrmash/internal/query/service.go:150.2,151.16 2 0
github.com/xdzczk/nostrmash/internal/query/service.go:151.16,153.3 1 0
github.com/xdzczk/nostrmash/internal/query/service.go:154.2,155.16 2 0
github.com/xdzczk/nostrmash/internal/query/service.go:155.16,157.3 1 0
github.com/xdzczk/nostrmash/internal/query/service.go:158.2,158.62 1 0
github.com/xdzczk/nostrmash/internal/query/service.go:161.106,163.2 1 0
github.com/xdzczk/nostrmash/internal/query/service.go:165.102,167.2 1 0
github.com/xdzczk/nostrmash/internal/query/service.go:169.105,173.52 2 0
github.com/xdzczk/nostrmash/internal/query/service.go:173.52,175.17 2 0
github.com/xdzczk/nostrmash/internal/query/service.go:175.17,177.4 1 0
github.com/xdzczk/nostrmash/internal/query/service.go:178.3,178.41 1 0
github.com/xdzczk/nostrmash/internal/query/service.go:178.41,180.4 1 0
github.com/xdzczk/nostrmash/internal/query/service.go:182.2,182.71 1 0
github.com/xdzczk/nostrmash/internal/query/service.go:185.106,187.2 1 0
github.com/xdzczk/nostrmash/internal/query/service.go:189.116,193.53 2 0
github.com/xdzczk/nostrmash/internal/query/service.go:193.53,195.3 1 0
github.com/xdzczk/nostrmash/internal/query/service.go:196.2,196.33 1 0
github.com/xdzczk/nostrmash/internal/query/service.go:205.30,209.55 2 0
github.com/xdzczk/nostrmash/internal/query/service.go:209.55,211.3 1 0
github.com/xdzczk/nostrmash/internal/query/service.go:212.2,212.33 1 0
github.com/xdzczk/nostrmash/internal/query/service.go:215.104,219.47 2 0
github.com/xdzczk/nostrmash/internal/query/service.go:219.47,221.3 1 0
github.com/xdzczk/nostrmash/internal/query/service.go:222.2,222.75 1 0
github.com/xdzczk/nostrmash/internal/query/service.go:225.100,229.48 2 0
github.com/xdzczk/nostrmash/internal/query/service.go:229.48,231.3 1 0
github.com/xdzczk/nostrmash/internal/query/service.go:232.2,232.74 1 0
github.com/xdzczk/nostrmash/internal/query/service.go:235.110,239.50 2 0
github.com/xdzczk/nostrmash/internal/query/service.go:239.50,241.3 1 0
github.com/xdzczk/nostrmash/internal/query/service.go:242.2,242.71 1 0
github.com/xdzczk/nostrmash/internal/query/service.go:245.104,247.2 1 0
github.com/xdzczk/nostrmash/internal/query/service.go:249.105,251.2 1 0
github.com/xdzczk/nostrmash/internal/query/service.go:253.88,255.2 1 0
github.com/xdzczk/nostrmash/internal/query/service.go:257.103,259.2 1 0
github.com/xdzczk/nostrmash/internal/query/service.go:261.98,263.2 1 0
github.com/xdzczk/nostrmash/internal/query/service.go:265.108,267.2 1 0
github.com/xdzczk/nostrmash/internal/query/service.go:269.109,271.2 1 0
github.com/xdzczk/nostrmash/internal/query/service.go:273.133,275.2 1 0
github.com/xdzczk/nostrmash/internal/query/service.go:277.110,281.48 2 0
github.com/xdzczk/nostrmash/internal/query/service.go:281.48,283.3 1 0
github.com/xdzczk/nostrmash/internal/query/service.go:284.2,284.38 1 0
github.com/xdzczk/nostrmash/internal/query/service.go:287.112,291.45 2 0
github.com/xdzczk/nostrmash/internal/query/service.go:291.45,293.3 1 0
github.com/xdzczk/nostrmash/internal/query/service.go:294.2,294.33 1 0
github.com/xdzczk/nostrmash/internal/query/service.go:297.115,301.45 2 0
github.com/xdzczk/nostrmash/internal/query/service.go:301.45,303.3 1 0
github.com/xdzczk/nostrmash/internal/query/service.go:304.2,304.19 1 0
github.com/xdzczk/nostrmash/internal/query/service.go:307.124,311.42 2 0
github.com/xdzczk/nostrmash/internal/query/service.go:311.42,313.3 1 0
github.com/xdzczk/nostrmash/internal/query/service.go:314.2,314.24 1 0
github.com/xdzczk/nostrmash/internal/query/service.go:317.108,321.46 2 0
github.com/xdzczk/nostrmash/internal/query/service.go:321.46,323.3 1 0
github.com/xdzczk/nostrmash/internal/query/service.go:324.2,324.24 1 0
github.com/xdzczk/nostrmash/internal/query/service.go:334.30,338.54 2 0
github.com/xdzczk/nostrmash/internal/query/service.go:338.54,340.3 1 0
github.com/xdzczk/nostrmash/internal/query/service.go:341.2,341.33 1 0
github.com/xdzczk/nostrmash/internal/query/service.go:344.129,348.38 2 0
github.com/xdzczk/nostrmash/internal/query/service.go:348.38,350.3 1 0
github.com/xdzczk/nostrmash/internal/query/service.go:351.2,351.48 1 0
github.com/xdzczk/nostrmash/internal/query/service.go:362.30,366.38 2 0
github.com/xdzczk/nostrmash/internal/query/service.go:366.38,368.3 1 0
github.com/xdzczk/nostrmash/internal/query/service.go:369.2,369.60 1 0
github.com/xdzczk/nostrmash/internal/query/service.go:372.121,376.44 2 0
github.com/xdzczk/nostrmash/internal/query/service.go:376.44,378.3 1 0
github.com/xdzczk/nostrmash/internal/query/service.go:379.2,379.33 1 0
github.com/xdzczk/nostrmash/internal/query/service.go:382.98,386.43 2 0
github.com/xdzczk/nostrmash/internal/query/service.go:386.43,388.3 1 0
github.com/xdzczk/nostrmash/internal/query/service.go:389.2,389.12 1 0
github.com/xdzczk/nostrmash/internal/query/service.go:392.108,396.43 2 0
github.com/xdzczk/nostrmash/internal/query/service.go:396.43,398.3 1 0
github.com/xdzczk/nostrmash/internal/query/service.go:399.2,399.15 1 0
github.com/xdzczk/nostrmash/internal/query/service.go:402.101,406.43 2 0
github.com/xdzczk/nostrmash/internal/query/service.go:406.43,408.3 1 0
github.com/xdzczk/nostrmash/internal/query/service.go:409.2,409.12 1 0
github.com/xdzczk/nostrmash/internal/query/service.go:412.87,416.43 2 0
github.com/xdzczk/nostrmash/internal/query/service.go:416.43,418.3 1 0
github.com/xdzczk/nostrmash/internal/query/service.go:419.2,419.12 1 0
github.com/xdzczk/nostrmash/internal/query/service.go:422.84,426.40 2 0
github.com/xdzczk/nostrmash/internal/query/service.go:426.40,428.17 2 0
github.com/xdzczk/nostrmash/internal/query/service.go:428.17,429.41 1 0
github.com/xdzczk/nostrmash/internal/query/service.go:429.41,431.5 1 0
github.com/xdzczk/nostrmash/internal/query/service.go:432.4,432.19 1 0
github.com/xdzczk/nostrmash/internal/query/service.go:434.3,434.21 1 0
github.com/xdzczk/nostrmash/internal/query/service.go:436.2,436.24 1 0
github.com/xdzczk/nostrmash/internal/query/service.go:439.85,443.40 2 0
github.com/xdzczk/nostrmash/internal/query/service.go:443.40,445.17 2 0
github.com/xdzczk/nostrmash/internal/query/service.go:445.17,446.41 1 0
github.com/xdzczk/nostrmash/internal/query/service.go:446.41,448.5 1 0
github.com/xdzczk/nostrmash/internal/query/service.go:449.4,449.19 1 0
github.com/xdzczk/nostrmash/internal/query/service.go:451.3,451.21 1 0
github.com/xdzczk/nostrmash/internal/query/service.go:453.2,453.24 1 0
github.com/xdzczk/nostrmash/internal/query/service.go:456.85,460.40 2 0
github.com/xdzczk/nostrmash/internal/query/service.go:460.40,462.17 2 0
github.com/xdzczk/nostrmash/internal/query/service.go:462.17,463.41 1 0
github.com/xdzczk/nostrmash/internal/query/service.go:463.41,465.5 1 0
github.com/xdzczk/nostrmash/internal/query/service.go:466.4,466.19 1 0
github.com/xdzczk/nostrmash/internal/query/service.go:468.3,468.21 1 0
github.com/xdzczk/nostrmash/internal/query/service.go:470.2,470.24 1 0
github.com/xdzczk/nostrmash/internal/query/service.go:473.95,477.40 2 0
github.com/xdzczk/nostrmash/internal/query/service.go:477.40,479.17 2 0
github.com/xdzczk/nostrmash/internal/query/service.go:479.17,480.41 1 0
github.com/xdzczk/nostrmash/internal/query/service.go:480.41,482.5 1 0
github.com/xdzczk/nostrmash/internal/query/service.go:483.4,483.19 1 0
github.com/xdzczk/nostrmash/internal/query/service.go:485.3,485.21 1 0
github.com/xdzczk/nostrmash/internal/query/service.go:487.2,487.24 1 0
github.com/xdzczk/nostrmash/internal/query/service.go:490.126,494.46 2 0
github.com/xdzczk/nostrmash/internal/query/service.go:494.46,496.3 1 0
github.com/xdzczk/nostrmash/internal/query/service.go:497.2,497.23 1 0
github.com/xdzczk/nostrmash/internal/query/service.go:500.134,504.47 2 0
github.com/xdzczk/nostrmash/internal/query/service.go:504.47,506.3 1 0
github.com/xdzczk/nostrmash/internal/query/service.go:507.2,507.33 1 0
github.com/xdzczk/nostrmash/internal/query/service.go:510.165,514.47 2 0
github.com/xdzczk/nostrmash/internal/query/service.go:514.47,516.3 1 0
github.com/xdzczk/nostrmash/internal/query/service.go:517.2,517.33 1 0
github.com/xdzczk/nostrmash/internal/query/service.go:520.135,524.47 2 0
github.com/xdzczk/nostrmash/internal/query/service.go:524.47,526.3 1 0
github.com/xdzczk/nostrmash/internal/query/service.go:527.2,527.31 1 0
github.com/xdzczk/nostrmash/internal/query/service.go:530.134,534.47 2 0
github.com/xdzczk/nostrmash/internal/query/service.go:534.47,536.3 1 0
github.com/xdzczk/nostrmash/internal/query/service.go:537.2,537.33 1 0
github.com/xdzczk/nostrmash/internal/query/service.go:540.83,544.41 2 0
github.com/xdzczk/nostrmash/internal/query/service.go:544.41,546.3 1 0
github.com/xdzczk/nostrmash/internal/query/service.go:547.2,547.34 1 0
github.com/xdzczk/nostrmash/internal/query/service.go:550.123,554.43 2 0
github.com/xdzczk/nostrmash/internal/query/service.go:554.43,556.3 1 0
github.com/xdzczk/nostrmash/internal/query/service.go:557.2,557.24 1 0
github.com/xdzczk/nostrmash/internal/query/service.go:560.117,564.43 2 0
github.com/xdzczk/nostrmash/internal/query/service.go:564.43,566.3 1 0
github.com/xdzczk/nostrmash/internal/query/service.go:567.2,567.46 1 0
github.com/xdzczk/nostrmash/internal/query/service.go:570.107,574.43 2 0
github.com/xdzczk/nostrmash/internal/query/service.go:574.43,576.3 1 0
github.com/xdzczk/nostrmash/internal/query/service.go:577.2,577.41 1 0
github.com/xdzczk/nostrmash/internal/query/service.go:580.115,584.43 2 0
github.com/xdzczk/nostrmash/internal/query/service.go:584.43,586.3 1 0
github.com/xdzczk/nostrmash/internal/query/service.go:587.2,587.45 1 0
github.com/xdzczk/nostrmash/internal/query/service.go:590.101,594.43 2 0
github.com/xdzczk/nostrmash/internal/query/service.go:594.43,596.3 1 0
github.com/xdzczk/nostrmash/internal/query/service.go:597.2,597.33 1 0
github.com/xdzczk/nostrmash/internal/query/service.go:600.94,604.43 2 0
github.com/xdzczk/nostrmash/internal/query/service.go:604.43,606.3 1 0
github.com/xdzczk/nostrmash/internal/query/service.go:607.2,607.30 1 0
github.com/xdzczk/nostrmash/internal/query/service.go:617.23,619.16 2 0
github.com/xdzczk/nostrmash/internal/query/service.go:619.16,621.3 1 0
github.com/xdzczk/nostrmash/internal/query/service.go:622.2,625.56 2 0
github.com/xdzczk/nostrmash/internal/query/service.go:625.56,627.3 1 0
github.com/xdzczk/nostrmash/internal/query/service.go:628.2,629.22 2 0
github.com/xdzczk/nostrmash/internal/query/service.go:629.22,631.3 1 0
github.com/xdzczk/nostrmash/internal/query/service.go:632.2,632.63 1 0
github.com/xdzczk/nostrmash/internal/query/service.go:641.30,645.15 2 0
github.com/xdzczk/nostrmash/internal/query/service.go:645.15,647.3 1 0
github.com/xdzczk/nostrmash/internal/query/service.go:648.2,650.38 3 0
github.com/xdzczk/nostrmash/internal/query/service.go:650.38,652.3 1 0
github.com/xdzczk/nostrmash/internal/query/service.go:653.2,653.16 1 0
github.com/xdzczk/nostrmash/internal/query/service.go:653.16,655.3 1 0
github.com/xdzczk/nostrmash/internal/query/service.go:656.2,656.18 1 0
github.com/xdzczk/nostrmash/internal/query/service.go:656.18,658.3 1 0
github.com/xdzczk/nostrmash/internal/query/service.go:659.2,659.55 1 0
github.com/xdzczk/nostrmash/internal/query/service.go:659.55,662.3 2 0
github.com/xdzczk/nostrmash/internal/query/service.go:663.2,663.33 1 0
github.com/xdzczk/nostrmash/internal/query/service.go:666.55,669.27 3 0
github.com/xdzczk/nostrmash/internal/query/service.go:669.27,671.20 2 0
github.com/xdzczk/nostrmash/internal/query/service.go:671.20,672.12 1 0
github.com/xdzczk/nostrmash/internal/query/service.go:674.3,674.33 1 0
github.com/xdzczk/nostrmash/internal/query/service.go:674.33,675.12 1 0
github.com/xdzczk/nostrmash/internal/query/service.go:677.3,678.29 2 0
github.com/xdzczk/nostrmash/internal/query/service.go:680.2,680.12 1 0
github.com/xdzczk/nostrmash/internal/query/service.go:683.33,685.2 1 0
github.com/xdzczk/nostrmash/internal/logging/logging.go:14.39,16.32 2 0
github.com/xdzczk/nostrmash/internal/logging/logging.go:17.15,18.26 1 0
github.com/xdzczk/nostrmash/internal/logging/logging.go:19.14,20.25 1 0
github.com/xdzczk/nostrmash/internal/logging/logging.go:21.15,22.26 1 0
github.com/xdzczk/nostrmash/internal/logging/logging.go:24.2,25.45 2 0
github.com/xdzczk/nostrmash/internal/logging/logging.go:29.72,30.64 1 0
github.com/xdzczk/nostrmash/internal/logging/logging.go:30.64,32.3 1 0
github.com/xdzczk/nostrmash/internal/logging/logging.go:33.2,33.12 1 0
github.com/xdzczk/nostrmash/internal/logging/logging.go:37.75,39.2 1 0
github.com/xdzczk/nostrmash/internal/logging/logging.go:42.55,43.52 1 0
github.com/xdzczk/nostrmash/internal/logging/logging.go:43.52,45.3 1 0
github.com/xdzczk/nostrmash/internal/logging/logging.go:46.2,46.11 1 0
github.com/xdzczk/nostrmash/internal/testutil/dbtest/dbtest.go:16.57,23.39 3 0
github.com/xdzczk/nostrmash/internal/testutil/dbtest/dbtest.go:23.39,24.41 1 0
github.com/xdzczk/nostrmash/internal/testutil/dbtest/dbtest.go:24.41,25.12 1 0
github.com/xdzczk/nostrmash/internal/testutil/dbtest/dbtest.go:27.3,27.19 1 0
github.com/xdzczk/nostrmash/internal/testutil/dbtest/dbtest.go:30.2,31.11 2 0
github.com/xdzczk/nostrmash/internal/testutil/dbtest/dbtest.go:35.99,39.16 3 0
github.com/xdzczk/nostrmash/internal/testutil/dbtest/dbtest.go:39.16,41.3 1 0
github.com/xdzczk/nostrmash/internal/testutil/dbtest/dbtest.go:43.2,45.94 3 0
github.com/xdzczk/nostrmash/internal/testutil/dbtest/dbtest.go:45.94,48.3 2 0
github.com/xdzczk/nostrmash/internal/testutil/dbtest/dbtest.go:50.2,51.16 2 0
github.com/xdzczk/nostrmash/internal/testutil/dbtest/dbtest.go:51.16,54.3 2 0
github.com/xdzczk/nostrmash/internal/testutil/dbtest/dbtest.go:55.2,55.41 1 0
github.com/xdzczk/nostrmash/internal/testutil/dbtest/dbtest.go:55.41,57.3 1 0
github.com/xdzczk/nostrmash/internal/testutil/dbtest/dbtest.go:58.2,61.16 3 0
github.com/xdzczk/nostrmash/internal/testutil/dbtest/dbtest.go:61.16,64.3 2 0
github.com/xdzczk/nostrmash/internal/testutil/dbtest/dbtest.go:66.2,66.19 1 0
github.com/xdzczk/nostrmash/internal/testutil/dbtest/dbtest.go:66.19,70.3 3 0
github.com/xdzczk/nostrmash/internal/testutil/dbtest/dbtest.go:72.2,72.13 1 0
